Well_ID,Timestamp,Depth_MD,Depth_TVD,Formation,ROP,WOB,RPM,Torque,Standpipe_Pressure,Flow_Rate,Mud_Weight,Plastic_Viscosity,Yield_Point,Hook_Load,Inclination,Bit_Type,Reservoir_Pressure,Formation_Pore_Pressure,Distance_To_Nearest_Offset_m,Historical_Event_Count,Mud_Loss_Label,Stuck_Pipe_Label,Kick_Label
W001,2026-01-15 06:00:00,200,197.0,Alluvium_Top,14.45,46.31,119.1,276.5,340.9,839.2,1.426,23.57,8.39,161.7,1.0,PDC_8.5,200,198.7,13194.0,0,0,0,0
W001,2026-01-15 06:15:00,220,217.6,Alluvium_Top,14.95,47.23,120.7,269.7,338.1,827.7,1.433,23.69,8.25,155.5,1.28,PDC_8.5,200,203.8,13194.0,0,0,0,0
W001,2026-01-15 06:30:00,240,236.5,Alluvium_Top,15.28,48.78,120.5,263.6,342.4,835.5,1.434,23.96,8.25,161.0,1.57,PDC_8.5,200,202.8,13194.0,0,0,0,0
W001,2026-01-15 06:45:00,260,256.6,Alluvium_Top,14.16,49.33,119.4,263.7,350.6,828.0,1.432,24.22,8.03,157.5,1.22,PDC_8.5,200,195.3,13194.0,0,0,0,0
W001,2026-01-15 07:00:00,280,276.6,Alluvium_Top,14.9,49.86,121.6,268.6,344.3,839.8,1.433,24.53,8.35,160.8,0.78,PDC_8.5,200,205.2,13194.0,0,0,0,0
W001,2026-01-15 07:15:00,300,298.2,Alluvium_Top,15.66,51.3,118.6,268.8,342.6,831.5,1.425,24.37,8.7,161.7,1.8,PDC_8.5,200,199.1,13194.0,0,0,0,0
W001,2026-01-15 07:30:00,320,319.0,Alluvium_Top,16.79,53.15,117.1,268.8,338.6,825.0,1.416,24.48,8.7,159.9,1.2,PDC_8.5,200,198.4,13194.0,0,0,0,0
W001,2026-01-15 07:45:00,340,337.3,Alluvium_Top,15.94,53.11,120.0,264.7,342.0,832.8,1.411,24.71,8.59,166.6,2.08,PDC_8.5,200,196.9,13194.0,0,0,0,0
W001,2026-01-15 08:00:00,360,357.8,Alluvium_Top,16.74,52.39,118.1,257.4,343.8,838.1,1.401,24.72,8.37,167.7,0.94,PDC_8.5,200,195.1,13194.0,0,0,0,0
W001,2026-01-15 08:15:00,380,375.5,Alluvium_Top,17.79,50.94,117.1,251.2,352.3,849.4,1.396,24.88,8.62,167.7,1.82,PDC_8.5,200,198.6,13194.0,0,0,0,0
W001,2026-01-15 08:30:00,400,394.8,Shale_A,18.74,52.54,117.9,248.6,349.3,856.2,1.404,25.27,8.84,169.4,0.71,PDC_8.5,1800,1756.1,13194.0,0,0,0,0
W001,2026-01-15 08:45:00,420,415.0,Shale_A,19.0,50.58,115.5,251.2,339.4,846.0,1.405,25.46,8.96,166.1,2.28,PDC_8.5,1800,1843.0,13194.0,0,0,0,0
W001,2026-01-15 09:00:00,440,438.5,Shale_A,19.59,51.18,117.6,253.7,340.8,833.8,1.402,25.23,8.76,174.5,1.48,PDC_8.5,1800,1781.1,13194.0,0,0,0,0
W001,2026-01-15 09:15:00,460,458.8,Shale_A,20.3,51.19,118.1,253.6,334.7,840.5,1.398,24.75,8.88,167.5,2.85,PDC_8.5,1800,1814.2,13194.0,0,0,0,0
W001,2026-01-15 09:30:00,480,473.9,Shale_A,19.99,49.25,120.7,252.5,344.0,854.4,1.405,24.54,8.79,175.1,1.29,PDC_8.5,1800,1844.8,13194.0,0,0,0,0
W001,2026-01-15 09:45:00,500,497.1,Shale_A,21.04,50.03,121.1,246.1,346.3,869.1,1.398,24.56,9.09,174.9,2.24,PDC_8.5,1800,1806.1,13194.0,0,0,0,0
W001,2026-01-15 10:00:00,520,518.2,Shale_A,20.54,51.27,123.0,252.0,354.6,869.4,1.398,24.86,9.21,175.4,2.49,PDC_8.5,1800,1784.8,13194.0,0,0,0,0
W001,2026-01-15 10:15:00,540,534.4,Shale_A,20.24,49.65,123.5,244.6,353.9,870.7,1.394,24.95,8.83,169.7,2.56,PDC_8.5,1800,1782.5,13194.0,0,0,0,0
W001,2026-01-15 10:30:00,560,555.4,Shale_A,20.29,50.73,121.8,246.6,345.6,857.3,1.395,24.99,8.94,177.5,2.94,PDC_8.5,1800,1759.7,13194.0,0,0,0,0
W001,2026-01-15 10:45:00,580,573.2,Shale_A,21.0,49.81,121.4,239.9,336.1,871.2,1.402,25.19,8.87,172.8,0.89,PDC_8.5,1800,1780.9,13194.0,0,0,0,0
W001,2026-01-15 11:00:00,600,591.1,Shale_A,21.52,50.45,120.1,247.2,340.9,872.8,1.404,25.11,8.67,175.6,2.39,PDC_8.5,1800,1805.3,13194.0,0,0,0,0
W001,2026-01-15 11:15:00,620,615.7,Shale_A,20.43,48.61,122.2,250.5,340.4,860.7,1.404,25.08,8.41,177.2,1.5,PDC_8.5,1800,1758.5,13194.0,0,0,0,0
W001,2026-01-15 11:30:00,640,638.2,Shale_A,19.34,48.11,123.0,250.6,347.5,865.5,1.397,24.65,8.52,174.1,1.96,PDC_8.5,1800,1814.6,13194.0,0,0,0,0
W001,2026-01-15 11:45:00,660,650.3,Shale_A,19.07,48.68,122.7,251.3,356.3,862.1,1.406,25.06,8.28,175.4,0.75,PDC_8.5,1800,1808.2,13194.0,0,0,0,0
W001,2026-01-15 12:00:00,680,676.3,Shale_A,19.51,46.96,121.6,256.8,346.8,871.5,1.402,24.68,8.44,181.9,2.69,PDC_8.5,1800,1756.2,13194.0,0,0,0,0
W001,2026-01-15 12:15:00,700,693.4,Shale_A,18.99,45.67,123.1,261.7,356.6,868.9,1.399,24.96,8.31,185.8,2.65,PDC_8.5,1800,1832.8,13194.0,0,0,0,0
W001,2026-01-15 12:30:00,720,712.2,Shale_A,19.6,44.08,125.5,261.8,363.1,863.5,1.407,24.85,7.92,186.5,0.73,PDC_8.5,1800,1827.1,13194.0,0,0,0,0
W001,2026-01-15 12:45:00,740,733.7,Shale_A,20.68,44.37,126.3,261.0,359.0,858.4,1.41,25.1,8.15,186.2,0.73,PDC_8.5,1800,1848.6,13194.0,0,0,0,0
W001,2026-01-15 13:00:00,760,749.3,Shale_A,20.8,44.14,128.6,258.6,351.3,847.7,1.415,25.22,7.83,180.0,2.25,PDC_8.5,1800,1752.2,13194.0,0,0,0,0
W001,2026-01-15 13:15:00,780,769.1,Shale_A,21.29,42.47,126.1,266.4,348.8,843.8,1.421,25.67,8.22,187.6,1.44,PDC_8.5,1800,1834.8,13194.0,0,0,0,0
W001,2026-01-15 13:30:00,800,795.8,Shale_A,21.43,42.17,128.5,260.2,348.7,829.1,1.42,25.23,7.92,182.2,2.12,PDC_8.5,1800,1829.9,13194.0,0,0,0,0
W001,2026-01-15 13:45:00,820,818.3,Shale_A,22.54,41.67,127.2,266.1,343.2,843.0,1.41,25.7,7.55,190.8,1.82,PDC_8.5,1800,1809.0,13194.0,0,0,0,0
W001,2026-01-15 14:00:00,840,837.8,Shale_A,22.67,43.55,127.3,268.2,347.1,841.6,1.413,25.78,7.87,183.3,1.2,PDC_8.5,1800,1754.0,13194.0,0,0,0,0
W001,2026-01-15 14:15:00,860,853.1,Shale_A,22.56,44.03,126.0,263.2,346.4,837.2,1.415,25.36,8.25,193.6,2.25,PDC_8.5,1800,1842.1,13194.0,0,0,0,0
W001,2026-01-15 14:30:00,880,867.3,Shale_A,23.31,44.77,124.0,269.8,352.9,850.7,1.42,25.47,8.18,193.9,2.67,PDC_8.5,1800,1779.4,13194.0,0,0,0,0
W001,2026-01-15 14:45:00,900,889.7,Shale_A,23.01,46.01,126.9,264.2,354.8,847.1,1.429,25.81,8.45,190.2,1.54,PDC_8.5,1800,1748.8,13194.0,0,0,0,0
W001,2026-01-15 15:00:00,920,917.6,Shale_A,23.89,47.26,129.9,272.1,355.9,855.2,1.438,26.16,8.25,190.9,0.82,PDC_8.5,1800,1752.1,13194.0,0,0,0,0
W001,2026-01-15 15:15:00,940,932.8,Shale_A,23.24,47.95,130.6,269.8,348.2,860.3,1.438,26.43,8.27,195.8,1.88,PDC_8.5,1800,1811.5,13194.0,0,0,0,0
W001,2026-01-15 15:30:00,960,950.5,Shale_A,23.01,46.49,127.8,273.9,350.6,866.4,1.432,26.07,7.88,191.7,1.97,PDC_8.5,1800,1840.7,13194.0,0,0,0,0
W001,2026-01-15 15:45:00,980,968.6,Shale_A,23.98,45.88,127.9,278.4,348.5,870.1,1.439,26.52,7.6,198.4,1.73,PDC_8.5,1800,1793.2,13194.0,0,0,0,0
W001,2026-01-15 16:00:00,1000,987.4,Shale_A,25.13,45.85,126.9,280.5,343.3,857.4,1.432,26.15,7.32,191.4,2.1,PDC_8.5,1800,1795.6,13194.0,0,0,0,0
W001,2026-01-15 16:15:00,1020,1010.8,Shale_A,26.08,45.75,127.9,275.3,337.1,843.6,1.425,25.93,7.06,191.8,0.8,PDC_8.5,1800,1783.3,13194.0,0,0,0,0
W001,2026-01-15 16:30:00,1040,1035.3,Shale_A,25.75,45.76,129.0,267.9,343.1,847.4,1.417,26.3,7.4,192.4,1.19,PDC_8.5,1800,1768.3,13194.0,0,0,0,0
W001,2026-01-15 16:45:00,1060,1056.4,Shale_A,24.99,44.6,128.2,267.7,345.5,843.5,1.416,26.55,7.03,195.2,2.28,PDC_8.5,1800,1826.8,13194.0,0,0,0,0
W001,2026-01-15 17:00:00,1080,1065.5,Shale_A,25.07,43.03,127.9,268.2,340.3,836.6,1.414,26.07,6.89,195.7,1.32,PDC_8.5,1800,1801.3,13194.0,0,0,0,0
W001,2026-01-15 17:15:00,1100,1088.7,Shale_A,25.29,43.75,129.6,268.2,332.0,837.7,1.416,26.32,6.84,195.8,1.21,PDC_8.5,1800,1842.2,13194.0,0,0,0,0
W001,2026-01-15 17:30:00,1120,1105.7,Shale_A,25.46,43.17,132.5,269.9,326.7,825.8,1.409,26.07,6.57,197.3,1.21,PDC_8.5,1800,1815.8,13194.0,0,0,0,0
W001,2026-01-15 17:45:00,1140,1132.8,Shale_A,24.45,43.27,132.0,277.6,318.9,822.7,1.418,26.44,6.82,198.9,0.93,PDC_8.5,1800,1842.9,13194.0,0,0,0,0
W001,2026-01-15 18:00:00,1160,1147.0,Shale_A,24.59,43.56,130.7,281.9,312.6,817.4,1.417,26.45,6.61,198.3,2.03,PDC_8.5,1800,1846.4,13194.0,0,0,0,0
W001,2026-01-15 18:15:00,1180,1172.8,Shale_A,23.76,43.48,130.9,274.7,309.3,806.4,1.408,26.94,6.47,206.2,1.14,PDC_8.5,1800,1808.8,13194.0,0,0,0,0
W001,2026-01-15 18:30:00,1200,1183.0,Shale_A,23.99,43.37,130.4,272.3,317.9,816.3,1.417,26.56,6.65,208.4,0.95,PDC_8.5,1800,1828.1,13194.0,0,0,0,0
W001,2026-01-15 18:45:00,1220,1215.6,Shale_A,24.17,44.74,128.2,277.0,311.9,806.2,1.41,26.87,6.78,205.1,1.4,PDC_8.5,1800,1826.0,13194.0,0,0,0,0
W001,2026-01-15 19:00:00,1240,1236.0,Shale_A,24.93,44.5,127.5,276.4,307.9,813.6,1.41,26.6,7.1,204.6,1.86,PDC_8.5,1800,1788.4,13194.0,0,0,0,0
W001,2026-01-15 19:15:00,1260,1246.2,Shale_A,24.01,46.26,128.3,273.8,300.7,822.4,1.412,26.63,7.42,209.6,0.88,PDC_8.5,1800,1813.4,13194.0,0,0,0,0
W001,2026-01-15 19:30:00,1280,1274.1,Shale_A,24.6,44.39,128.7,278.0,308.2,817.7,1.418,26.24,7.7,203.9,1.49,PDC_8.5,1800,1772.8,13194.0,0,0,0,0
W001,2026-01-15 19:45:00,1300,1287.3,Shale_A,23.95,45.28,130.0,280.3,312.1,819.0,1.413,26.09,7.45,212.6,1.96,PDC_8.5,1800,1762.2,13194.0,0,0,0,0
W001,2026-01-15 20:00:00,1320,1312.3,Shale_A,25.02,43.89,130.5,280.4,314.3,804.5,1.42,26.52,7.5,211.4,2.81,PDC_8.5,1800,1795.9,13194.0,0,0,0,0
W001,2026-01-15 20:15:00,1340,1335.9,Shale_A,25.2,44.32,130.0,284.2,323.0,817.3,1.419,26.13,7.89,213.7,0.81,PDC_8.5,1800,1762.5,13194.0,0,0,0,0
W001,2026-01-15 20:30:00,1360,1345.7,Shale_A,25.25,44.69,129.4,277.1,319.7,826.4,1.409,25.96,7.81,211.6,2.8,PDC_8.5,1800,1839.9,13194.0,0,0,0,0
W001,2026-01-15 20:45:00,1380,1370.6,Shale_A,25.82,44.5,127.7,276.3,312.5,816.7,1.409,25.88,8.14,210.7,1.95,PDC_8.5,1800,1783.5,13194.0,0,0,0,0
W001,2026-01-15 21:00:00,1400,1382.8,Shale_A,26.21,43.21,130.5,270.7,310.8,804.3,1.419,25.88,8.22,208.7,2.37,PDC_8.5,1800,1747.4,13194.0,0,0,0,0
W001,2026-01-15 21:15:00,1420,1409.0,Shale_A,25.5,41.97,127.7,270.3,312.1,791.3,1.425,25.83,8.24,213.3,1.5,PDC_8.5,1800,1843.0,13194.0,0,0,0,0
W001,2026-01-15 21:30:00,1440,1418.9,Shale_A,24.74,43.42,130.4,268.3,307.5,795.6,1.423,25.36,7.96,217.0,2.15,PDC_8.5,1800,1762.8,13194.0,0,0,0,0
W001,2026-01-15 21:45:00,1460,1454.3,Shale_A,24.09,44.11,127.5,262.0,313.5,786.0,1.426,25.1,7.64,213.1,2.31,PDC_8.5,1800,1770.0,13194.0,0,0,0,0
W001,2026-01-15 22:00:00,1480,1465.9,Shale_A,23.84,44.78,125.7,258.7,321.4,771.4,1.418,24.81,7.26,213.4,1.96,PDC_8.5,1800,1835.7,13194.0,0,0,0,0
W001,2026-01-15 22:15:00,1500,1496.0,Shale_A,24.6,44.15,124.3,256.8,323.2,764.4,1.42,24.72,7.3,216.9,1.24,PDC_8.5,1800,1842.4,13194.0,0,0,0,0
W001,2026-01-15 22:30:00,1520,1500.0,Shale_A,23.74,45.62,124.2,263.1,329.2,762.2,1.41,24.49,7.33,219.7,1.14,PDC_8.5,1800,1828.5,13194.0,0,0,0,0
W001,2026-01-15 22:45:00,1540,1533.5,Shale_A,24.9,45.72,122.2,259.5,319.6,774.6,1.402,24.57,7.15,219.8,2.13,PDC_8.5,1800,1836.2,13194.0,0,0,0,0
W001,2026-01-15 23:00:00,1560,1547.1,Shale_A,23.73,44.27,124.6,265.5,321.5,777.6,1.405,24.25,7.48,219.4,1.46,PDC_8.5,1800,1768.3,13194.0,0,0,0,0
W001,2026-01-15 23:15:00,1580,1566.1,Shale_A,22.93,45.22,122.1,267.2,316.4,774.3,1.401,24.11,7.66,219.1,1.92,PDC_8.5,1800,1751.1,13194.0,0,0,0,0
W001,2026-01-15 23:30:00,1600,1578.2,Limestone_B,23.98,46.15,120.4,259.7,311.6,777.2,1.392,24.11,7.74,220.3,2.43,PDC_8.5,2600,2625.5,13194.0,0,0,0,0
W001,2026-01-15 23:45:00,1620,1597.6,Limestone_B,24.53,46.13,121.5,258.7,306.5,786.8,1.398,24.3,7.56,223.8,1.4,PDC_8.5,2600,2533.7,13194.0,0,0,0,0
W001,2026-01-16 00:00:00,1640,1620.7,Limestone_B,23.66,47.93,121.2,253.7,307.3,798.0,1.403,24.61,7.69,225.7,2.62,PDC_8.5,2600,2665.1,13194.0,0,0,0,0
W001,2026-01-16 00:15:00,1660,1641.5,Limestone_B,22.99,49.88,123.9,246.3,311.4,810.8,1.397,24.68,8.02,220.0,2.24,PDC_8.5,2600,2598.4,13194.0,0,0,0,0
W001,2026-01-16 00:30:00,1680,1656.5,Limestone_B,24.12,51.66,123.7,252.1,318.3,805.4,1.404,24.22,8.1,222.9,0.8,PDC_8.5,2600,2666.2,13194.0,0,0,0,0
W001,2026-01-16 00:45:00,1700,1675.0,Limestone_B,23.74,52.56,121.1,249.1,319.1,814.1,1.4,24.35,8.41,227.7,1.08,PDC_8.5,2600,2630.6,13194.0,0,0,0,0
W001,2026-01-16 01:00:00,1720,1713.7,Limestone_B,22.59,54.06,121.3,256.1,325.1,829.0,1.397,24.62,8.33,227.2,2.07,PDC_8.5,2600,2657.7,13194.0,0,0,0,0
W001,2026-01-16 01:15:00,1740,1714.3,Limestone_B,23.23,53.73,120.8,259.9,319.9,817.3,1.394,24.41,8.17,225.6,0.61,PDC_8.5,2600,2675.5,13194.0,0,0,0,0
W001,2026-01-16 01:30:00,1760,1747.6,Limestone_B,23.06,53.27,121.9,255.4,328.9,825.9,1.386,24.33,8.47,233.6,1.67,PDC_8.5,2600,2676.1,13194.0,0,0,0,0
W001,2026-01-16 01:45:00,1780,1761.4,Limestone_B,24.24,52.2,124.6,257.8,331.1,826.3,1.381,24.01,8.25,227.0,2.45,PDC_8.5,2600,2548.1,13194.0,0,0,0,0
W001,2026-01-16 02:00:00,1800,1778.2,Limestone_B,25.37,53.74,127.2,265.7,324.6,823.2,1.386,24.21,7.97,234.2,1.06,PDC_8.5,2600,2531.0,13194.0,0,0,0,0
W001,2026-01-16 02:15:00,1820,1805.7,Limestone_B,25.59,54.06,124.7,271.7,319.9,812.1,1.394,24.67,8.26,235.0,2.14,PDC_8.5,2600,2605.8,13194.0,0,0,0,0
W001,2026-01-16 02:30:00,1840,1823.9,Limestone_B,25.37,53.55,123.3,275.3,319.8,799.5,1.388,24.85,7.92,236.3,1.74,PDC_8.5,2600,2535.6,13194.0,0,0,0,0
W001,2026-01-16 02:45:00,1860,1852.3,Limestone_B,26.15,52.94,124.4,276.4,315.1,810.9,1.394,25.01,8.2,237.4,2.27,PDC_8.5,2600,2614.4,13194.0,0,0,0,0
W001,2026-01-16 03:00:00,1880,1855.7,Limestone_B,26.58,53.41,125.9,270.9,322.7,822.1,1.385,25.34,7.9,233.0,2.36,PDC_8.5,2600,2630.8,13194.0,0,0,0,0
W001,2026-01-16 03:15:00,1900,1874.1,Limestone_B,27.38,53.44,122.9,267.5,325.0,836.5,1.388,25.1,8.01,235.9,2.45,PDC_8.5,2600,2649.6,13194.0,0,0,0,0
W001,2026-01-16 03:30:00,1920,1892.9,Limestone_B,27.48,55.29,122.0,269.6,333.6,824.6,1.397,25.29,7.66,234.4,2.27,PDC_8.5,2600,2640.7,13194.0,0,0,0,0
W001,2026-01-16 03:45:00,1940,1919.1,Limestone_B,27.11,55.77,119.3,275.5,343.1,838.7,1.402,24.92,7.87,232.5,0.56,PDC_8.5,2600,2612.8,13194.0,0,0,0,0
W001,2026-01-16 04:00:00,1960,1932.7,Limestone_B,27.76,56.5,119.0,271.9,353.0,836.5,1.401,24.58,8.11,240.1,1.05,PDC_8.5,2600,2598.2,13194.0,0,0,0,0
W001,2026-01-16 04:15:00,1980,1960.8,Limestone_B,28.13,55.59,121.7,266.3,351.6,849.8,1.399,24.72,8.03,236.8,2.96,PDC_8.5,2600,2628.2,13194.0,0,0,0,0
W001,2026-01-16 04:30:00,2000,1990.0,Limestone_B,27.48,54.44,118.9,268.7,349.0,860.7,1.398,25.19,7.78,243.7,2.44,PDC_8.5,2600,2661.5,13194.0,0,0,0,0
W001,2026-01-16 04:45:00,2020,2001.0,Limestone_B,28.11,54.94,116.7,261.2,357.4,864.2,1.404,25.17,7.47,237.2,2.21,PDC_8.5,2600,2653.8,13194.0,0,0,0,0
W001,2026-01-16 05:00:00,2040,2025.3,Limestone_B,28.09,53.2,117.2,257.5,363.4,858.5,1.403,24.68,7.13,240.7,1.7,PDC_8.5,2600,2553.3,13194.0,0,0,0,0
W001,2026-01-16 05:15:00,2060,2047.9,Limestone_B,28.56,54.64,118.9,250.1,363.0,846.6,1.398,25.17,6.84,242.7,2.05,PDC_8.5,2600,2567.5,13194.0,0,0,0,0
W001,2026-01-16 05:30:00,2080,2070.4,Limestone_B,26.38,53.95,119.0,266.0,360.0,832.6,1.39,25.07,6.55,254.3,2.22,PDC_8.5,2600,2609.3,13194.0,0,0,0,0
W001,2026-01-16 05:45:00,2100,2090.4,Limestone_B,23.58,52.37,119.8,314.3,350.6,845.7,1.381,25.11,6.72,268.2,2.29,PDC_8.5,2600,2553.2,13194.0,0,0,0,0
W001,2026-01-16 06:00:00,2120,2095.0,Limestone_B,21.34,50.69,122.2,382.6,356.9,844.3,1.384,25.14,6.91,271.2,0.65,PDC_8.5,2600,2575.0,13194.0,0,0,0,0
W001,2026-01-16 06:15:00,2140,2135.6,Limestone_B,14.23,49.57,105.1,520.0,350.5,853.0,1.387,25.14,6.95,318.5,1.07,PDC_8.5,2600,2546.9,13194.0,1,0,1,0
W001,2026-01-16 06:30:00,2160,2137.3,Limestone_B,14.59,48.37,106.2,513.2,341.1,845.7,1.386,25.51,7.13,249.6,1.56,PDC_8.5,2600,2674.1,13194.0,1,0,0,0
W001,2026-01-16 06:45:00,2180,2164.1,Limestone_B,15.76,46.53,108.4,514.5,339.9,852.5,1.386,25.88,7.45,247.3,1.19,PDC_8.5,2600,2579.9,13194.0,1,0,0,0
W001,2026-01-16 07:00:00,2200,2191.4,Limestone_B,15.07,47.02,109.2,518.2,332.5,859.0,1.394,25.56,7.24,253.7,0.95,PDC_8.5,2600,2664.3,13194.0,1,0,0,0
W001,2026-01-16 07:15:00,2220,2196.1,Limestone_B,14.46,48.5,108.9,518.4,329.7,861.8,1.387,25.45,7.62,247.5,2.14,PDC_8.5,2600,2598.8,13194.0,1,0,0,0
W001,2026-01-16 07:30:00,2240,2224.4,Limestone_B,13.57,50.38,108.6,514.2,321.2,851.9,1.387,25.29,7.88,250.1,1.12,PDC_8.5,2600,2642.7,13194.0,1,0,0,0
W001,2026-01-16 07:45:00,2260,2229.4,Limestone_B,12.77,49.05,105.8,518.0,324.5,851.1,1.394,25.6,7.95,255.4,1.01,PDC_8.5,2600,2632.3,13194.0,1,0,0,0
W001,2026-01-16 08:00:00,2280,2275.0,Limestone_B,11.71,49.17,108.4,510.6,316.9,849.7,1.403,25.42,7.96,248.0,0.87,PDC_8.5,2600,2564.1,13194.0,1,0,0,0
W001,2026-01-16 08:15:00,2300,2286.6,Limestone_B,10.52,50.98,109.2,516.5,316.0,850.2,1.403,25.59,7.67,248.8,1.27,PDC_8.5,2600,2672.6,13194.0,1,0,0,0
W001,2026-01-16 08:30:00,2320,2300.2,Limestone_B,10.94,52.86,106.8,519.3,314.9,861.2,1.397,25.78,7.94,258.8,2.21,PDC_8.5,2600,2553.5,13194.0,1,0,0,0
W001,2026-01-16 08:45:00,2340,2324.9,Limestone_B,11.83,53.14,104.0,526.2,318.7,866.5,1.391,25.94,7.86,256.8,0.77,PDC_8.5,2600,2618.4,13194.0,1,0,0,0
W001,2026-01-16 09:00:00,2360,2349.4,Limestone_B,10.75,55.05,103.4,532.1,324.3,868.5,1.396,26.32,7.78,254.5,2.17,PDC_8.5,2600,2677.9,13194.0,1,0,0,0
W001,2026-01-16 09:15:00,2380,2358.2,Limestone_B,11.46,54.79,105.3,526.0,325.2,853.7,1.392,26.19,7.7,259.1,1.47,PDC_8.5,2600,2640.9,13194.0,1,0,0,0
W001,2026-01-16 09:30:00,2400,2364.8,Shale_B,11.16,53.7,102.7,527.7,328.6,857.3,1.391,26.07,7.99,258.2,1.7,PDC_8.5,3400,3346.5,13194.0,1,0,0,0
W001,2026-01-16 09:45:00,2420,2383.9,Shale_B,10.87,53.3,103.2,528.2,330.8,865.2,1.397,26.29,8.35,254.1,0.99,PDC_8.5,3400,3367.6,13194.0,1,0,0,0
W001,2026-01-16 10:00:00,2440,2428.9,Shale_B,11.83,52.27,105.8,521.2,339.5,860.7,1.389,26.28,8.16,257.6,1.27,PDC_8.5,3400,3430.1,13194.0,1,0,0,0
W001,2026-01-16 10:15:00,2460,2426.5,Shale_B,11.38,52.71,107.1,517.6,337.8,849.4,1.383,26.46,7.91,261.0,2.27,PDC_8.5,3400,3408.0,13194.0,1,0,0,0
W001,2026-01-16 10:30:00,2480,2450.2,Shale_B,10.8,54.56,107.0,522.5,338.8,835.7,1.386,26.91,7.99,264.8,2.71,PDC_8.5,3400,3413.7,13194.0,1,0,0,0
W001,2026-01-16 10:45:00,2500,2465.6,Shale_B,11.07,54.2,109.0,528.9,335.9,827.8,1.392,26.68,8.25,261.7,2.17,PDC_8.5,3400,3341.3,13194.0,1,0,0,0
W001,2026-01-16 11:00:00,2520,2489.8,Shale_B,10.95,54.55,107.0,532.7,343.2,819.3,1.384,26.2,8.36,264.5,1.87,PDC_8.5,3400,3425.3,13194.0,1,0,0,0
W001,2026-01-16 11:15:00,2540,2505.3,Shale_B,11.18,54.54,109.9,526.9,347.1,816.4,1.383,26.42,8.51,269.2,0.82,PDC_8.5,3400,3377.7,13194.0,1,0,0,0
W001,2026-01-16 11:30:00,2560,2523.9,Shale_B,11.37,53.64,107.4,520.3,355.0,807.2,1.379,26.15,8.39,260.9,1.8,PDC_8.5,3400,3445.8,13194.0,1,0,0,0
W001,2026-01-16 11:45:00,2580,2565.8,Shale_B,10.73,53.8,109.7,522.7,355.7,801.9,1.376,26.32,8.79,267.7,1.89,PDC_8.5,3400,3461.3,13194.0,1,0,0,0
W001,2026-01-16 12:00:00,2600,2583.5,Shale_B,9.67,54.05,112.4,517.5,359.5,792.9,1.377,25.92,8.75,269.6,1.37,PDC_8.5,3400,3392.9,13194.0,1,0,0,0
W001,2026-01-16 12:15:00,2620,2606.4,Shale_B,10.7,52.99,111.8,511.9,369.3,805.7,1.378,26.26,8.77,269.1,0.72,PDC_8.5,3400,3460.3,13194.0,1,0,0,0
W001,2026-01-16 12:30:00,2640,2614.0,Shale_B,11.48,54.12,113.1,504.5,365.4,798.6,1.375,25.85,9.12,269.3,1.26,PDC_8.5,3400,3324.1,13194.0,1,0,0,0
W001,2026-01-16 12:45:00,2660,2650.5,Shale_B,11.72,54.18,115.6,504.5,375.2,809.1,1.369,26.28,8.81,272.9,1.45,PDC_8.5,3400,3389.2,13194.0,1,0,0,0
W001,2026-01-16 13:00:00,2680,2644.4,Shale_B,12.45,55.34,114.4,497.8,373.3,799.3,1.373,26.13,9.19,272.0,2.56,PDC_8.5,3400,3475.1,13194.0,1,0,0,0
W001,2026-01-16 13:15:00,2700,2664.2,Shale_B,13.46,55.29,115.0,502.0,366.8,799.4,1.371,25.78,9.08,267.2,0.56,PDC_8.5,3400,3473.9,13194.0,1,0,0,0
W001,2026-01-16 13:30:00,2720,2684.6,Shale_B,13.58,57.15,114.6,499.0,366.9,797.6,1.363,25.92,8.85,273.6,2.13,PDC_8.5,3400,3494.5,13194.0,1,0,0,0
W001,2026-01-16 13:45:00,2740,2702.5,Shale_B,14.25,56.99,111.9,506.9,358.1,803.5,1.373,25.66,8.56,269.5,1.26,PDC_8.5,3400,3310.5,13194.0,1,0,0,0
W001,2026-01-16 14:00:00,2760,2734.7,Shale_B,13.2,57.03,114.9,511.9,360.4,797.7,1.375,25.69,8.5,270.5,2.72,PDC_8.5,3400,3439.2,13194.0,1,0,0,0
W001,2026-01-16 14:15:00,2780,2743.3,Shale_B,12.88,56.69,116.9,515.6,365.8,783.0,1.373,25.67,8.12,272.7,2.4,PDC_8.5,3400,3337.7,13194.0,1,0,0,0
W001,2026-01-16 14:30:00,2800,2761.6,Shale_B,11.45,54.74,115.3,533.2,386.8,796.8,1.365,25.28,8.16,275.5,2.61,PDC_8.5,3400,3407.2,13194.0,1,0,0,0
W001,2026-01-16 14:45:00,2820,2789.3,Shale_B,9.11,54.04,116.7,552.8,414.3,793.6,1.349,25.57,8.47,281.5,2.47,PDC_8.5,3400,3397.6,13194.0,1,0,0,0
W001,2026-01-16 15:00:00,2840,2799.9,Shale_B,6.71,53.06,118.7,575.4,467.3,792.4,1.329,25.73,8.79,279.2,2.03,PDC_8.5,3400,3438.4,13194.0,1,0,0,0
W001,2026-01-16 15:15:00,2860,2844.5,Shale_B,2.0,54.01,118.8,633.3,548.1,659.9,1.283,25.3,8.45,273.8,2.89,PDC_8.5,3400,3403.8,13194.0,2,1,0,0
W001,2026-01-16 15:30:00,2880,2839.9,Shale_B,4.0,53.41,120.4,600.0,541.8,700.0,1.3,25.46,8.66,277.3,0.55,PDC_8.5,3400,3370.1,13194.0,2,0,0,0
W001,2026-01-16 15:45:00,2900,2893.0,Shale_B,4.0,54.49,121.1,598.1,535.9,700.0,1.302,25.73,8.78,280.8,0.6,PDC_8.5,3400,3495.4,13194.0,2,0,0,0
W001,2026-01-16 16:00:00,2920,2890.3,Shale_B,4.0,56.41,121.7,599.4,540.9,709.4,1.305,25.36,8.65,285.7,1.06,PDC_8.5,3400,3460.9,13194.0,2,0,0,0
W001,2026-01-16 16:15:00,2940,2928.3,Shale_B,4.0,56.86,124.4,595.3,533.3,700.3,1.313,25.51,8.48,285.5,2.65,PDC_8.5,3400,3386.1,13194.0,2,0,0,0
W001,2026-01-16 16:30:00,2960,2917.3,Shale_B,5.25,57.88,124.2,600.0,555.4,723.6,1.311,25.19,8.52,288.0,2.84,PDC_8.5,3400,3485.5,13194.0,2,0,0,0
W001,2026-01-16 16:45:00,2980,2957.2,Shale_B,6.87,58.78,126.1,595.4,585.0,763.8,1.306,25.23,8.59,284.2,1.24,PDC_8.5,3400,3331.6,13194.0,2,0,0,0
W001,2026-01-16 17:00:00,3000,2986.2,Sandstone_C,11.52,59.33,127.7,590.0,602.5,794.1,1.286,25.46,8.98,281.0,1.5,PDC_8.5,4300,4348.7,13194.0,2,0,0,0
W001,2026-01-16 17:15:00,3020,2982.6,Sandstone_C,19.65,60.26,128.4,585.0,680.0,912.6,1.26,24.97,9.19,281.3,2.36,PDC_8.5,4300,4223.6,13194.0,3,0,0,1
W001,2026-01-16 17:30:00,3040,3009.9,Sandstone_C,19.33,59.57,126.3,581.9,550.0,927.5,1.3,24.92,9.37,290.7,1.98,PDC_8.5,4300,4418.2,13194.0,3,0,0,0
W002,2026-01-15 06:00:00,200,198.5,Alluvium_Top,15.47,43.01,120.7,277.7,345.9,837.8,1.422,23.98,8.11,154.6,1.95,PDC_6.125,200,199.0,5955.0,0,0,0,0
W002,2026-01-15 06:15:00,220,219.0,Alluvium_Top,15.72,43.72,122.5,274.0,352.4,837.7,1.414,23.54,7.98,162.7,2.27,PDC_6.125,200,200.7,5955.0,0,0,0,0
W002,2026-01-15 06:30:00,240,237.7,Alluvium_Top,15.58,42.31,121.5,272.9,344.2,829.3,1.416,23.78,8.38,165.1,2.11,PDC_6.125,200,200.2,5955.0,0,0,0,0
W002,2026-01-15 06:45:00,260,256.2,Alluvium_Top,16.27,40.78,121.0,278.3,341.9,831.5,1.418,23.46,8.27,160.0,0.57,PDC_6.125,200,201.6,5955.0,0,0,0,0
W002,2026-01-15 07:00:00,280,277.6,Alluvium_Top,15.73,40.85,119.8,285.4,337.1,829.4,1.425,23.8,8.02,165.6,1.65,PDC_6.125,200,204.0,5955.0,0,0,0,0
W002,2026-01-15 07:15:00,300,299.2,Alluvium_Top,14.72,41.76,119.8,284.4,341.7,837.4,1.418,23.91,7.73,166.0,2.14,PDC_6.125,200,195.6,5955.0,0,0,0,0
W002,2026-01-15 07:30:00,320,317.2,Alluvium_Top,13.66,40.89,118.4,280.4,349.8,829.9,1.413,24.17,7.69,167.2,0.66,PDC_6.125,200,194.8,5955.0,0,0,0,0
W002,2026-01-15 07:45:00,340,339.0,Alluvium_Top,12.61,42.52,116.2,280.9,348.0,825.3,1.421,23.69,7.82,169.9,1.9,PDC_6.125,200,194.4,5955.0,0,0,0,0
W002,2026-01-15 08:00:00,360,356.2,Alluvium_Top,12.42,41.56,117.6,288.6,343.1,829.9,1.415,23.76,7.79,170.9,2.02,PDC_6.125,200,194.6,5955.0,0,0,0,0
W002,2026-01-15 08:15:00,380,377.0,Alluvium_Top,11.58,40.46,116.1,294.2,344.3,830.6,1.407,24.12,7.97,162.8,2.27,PDC_6.125,200,195.4,5955.0,0,0,0,0
W002,2026-01-15 08:30:00,400,396.7,Shale_A,11.48,40.4,114.1,301.3,351.3,835.7,1.406,24.03,8.09,168.5,0.66,PDC_6.125,1800,1754.8,5955.0,0,0,0,0
W002,2026-01-15 08:45:00,420,418.5,Shale_A,11.38,38.61,115.8,296.5,346.5,825.6,1.403,24.29,8.11,165.9,2.69,PDC_6.125,1800,1833.1,5955.0,0,0,0,0
W002,2026-01-15 09:00:00,440,437.2,Shale_A,10.75,38.41,118.7,300.9,337.0,812.6,1.402,24.7,8.14,169.8,0.76,PDC_6.125,1800,1840.0,5955.0,0,0,0,0
W002,2026-01-15 09:15:00,460,458.6,Shale_A,10.46,39.51,121.5,296.2,337.5,806.2,1.408,24.78,8.25,173.7,1.49,PDC_6.125,1800,1834.8,5955.0,0,0,0,0
W002,2026-01-15 09:30:00,480,478.4,Shale_A,9.64,40.29,123.3,293.3,344.6,818.4,1.404,25.26,7.96,168.6,0.96,PDC_6.125,1800,1803.6,5955.0,0,0,0,0
W002,2026-01-15 09:45:00,500,496.6,Shale_A,8.81,40.05,124.0,286.6,352.2,827.5,1.404,25.73,7.89,177.3,2.17,PDC_6.125,1800,1816.7,5955.0,0,0,0,0
W002,2026-01-15 10:00:00,520,518.0,Shale_A,9.73,39.76,122.0,278.8,353.4,828.3,1.408,26.12,7.55,175.7,0.97,PDC_6.125,1800,1763.9,5955.0,0,0,0,0
W002,2026-01-15 10:15:00,540,536.9,Shale_A,9.83,40.6,120.9,278.3,359.8,827.1,1.405,26.11,7.81,172.7,0.93,PDC_6.125,1800,1834.5,5955.0,0,0,0,0
W002,2026-01-15 10:30:00,560,558.7,Shale_A,8.87,39.56,118.8,275.9,358.8,834.6,1.408,26.23,7.69,178.6,1.68,PDC_6.125,1800,1835.2,5955.0,0,0,0,0
W002,2026-01-15 10:45:00,580,576.5,Shale_A,7.97,40.26,117.8,278.9,350.2,824.8,1.415,25.96,7.96,173.9,2.11,PDC_6.125,1800,1814.5,5955.0,0,0,0,0
W002,2026-01-15 11:00:00,600,598.1,Shale_A,7.5,39.11,115.0,275.8,353.3,837.9,1.422,26.23,8.19,178.6,1.15,PDC_6.125,1800,1801.4,5955.0,0,0,0,0
W002,2026-01-15 11:15:00,620,616.7,Shale_A,7.65,37.55,114.7,275.2,360.6,839.3,1.42,26.71,7.88,177.1,0.61,PDC_6.125,1800,1818.4,5955.0,0,0,0,0
W002,2026-01-15 11:30:00,640,632.7,Shale_A,7.12,38.98,113.5,281.8,365.7,848.4,1.41,27.17,8.06,176.8,2.57,PDC_6.125,1800,1845.2,5955.0,0,0,0,0
W002,2026-01-15 11:45:00,660,656.5,Shale_A,6.19,39.79,113.7,275.3,360.5,833.8,1.409,26.97,8.14,177.7,1.25,PDC_6.125,1800,1840.3,5955.0,0,0,0,0
W002,2026-01-15 12:00:00,680,678.6,Shale_A,7.16,41.2,114.7,276.8,368.3,824.4,1.401,26.71,8.38,175.9,1.96,PDC_6.125,1800,1751.2,5955.0,0,0,0,0
W002,2026-01-15 12:15:00,700,694.2,Shale_A,7.21,39.45,116.7,278.4,360.6,812.2,1.409,26.88,8.64,185.3,1.93,PDC_6.125,1800,1838.4,5955.0,0,0,0,0
W002,2026-01-15 12:30:00,720,714.0,Shale_A,6.77,39.19,118.3,280.0,368.5,810.5,1.411,27.01,8.71,184.4,1.09,PDC_6.125,1800,1792.5,5955.0,0,0,0,0
W002,2026-01-15 12:45:00,740,733.4,Shale_A,6.49,39.14,119.2,287.2,370.5,817.8,1.411,27.14,8.37,180.8,1.4,PDC_6.125,1800,1757.3,5955.0,0,0,0,0
W002,2026-01-15 13:00:00,760,748.7,Shale_A,5.63,38.25,122.0,284.5,370.1,808.7,1.413,26.92,8.14,184.4,0.51,PDC_6.125,1800,1750.9,5955.0,0,0,0,0
W002,2026-01-15 13:15:00,780,769.5,Shale_A,4.52,36.68,121.0,289.3,371.5,809.1,1.409,27.35,8.06,181.0,2.04,PDC_6.125,1800,1769.7,5955.0,0,0,0,0
W002,2026-01-15 13:30:00,800,795.4,Shale_A,4.54,38.18,121.0,292.5,381.4,798.0,1.404,27.24,8.0,185.1,2.77,PDC_6.125,1800,1783.3,5955.0,0,0,0,0
W002,2026-01-15 13:45:00,820,808.9,Shale_A,4.08,39.48,123.7,297.6,371.4,802.1,1.395,27.0,7.65,187.9,2.22,PDC_6.125,1800,1811.7,5955.0,0,0,0,0
W002,2026-01-15 14:00:00,840,831.4,Shale_A,4.0,38.96,121.4,296.3,376.4,789.2,1.387,26.85,8.0,189.5,2.2,PDC_6.125,1800,1787.5,5955.0,0,0,0,0
W002,2026-01-15 14:15:00,860,847.2,Shale_A,4.0,39.5,123.9,298.1,383.9,795.9,1.379,27.25,7.65,189.0,0.86,PDC_6.125,1800,1810.1,5955.0,0,0,0,0
W002,2026-01-15 14:30:00,880,871.7,Shale_A,4.0,39.44,124.4,290.8,376.4,797.7,1.376,27.48,7.77,193.1,2.23,PDC_6.125,1800,1791.6,5955.0,0,0,0,0
W002,2026-01-15 14:45:00,900,890.8,Shale_A,4.0,38.67,126.1,289.9,382.4,807.4,1.383,27.9,7.71,188.7,1.96,PDC_6.125,1800,1818.7,5955.0,0,0,0,0
W002,2026-01-15 15:00:00,920,913.8,Shale_A,4.49,39.42,125.3,284.6,381.0,796.7,1.391,27.75,7.43,186.7,2.11,PDC_6.125,1800,1810.9,5955.0,0,0,0,0
W002,2026-01-15 15:15:00,940,931.8,Shale_A,4.0,39.06,124.2,287.4,383.1,792.6,1.385,28.24,7.39,194.2,0.85,PDC_6.125,1800,1782.8,5955.0,0,0,0,0
W002,2026-01-15 15:30:00,960,956.8,Shale_A,4.01,40.92,123.5,280.0,373.7,789.2,1.378,27.76,7.59,192.8,1.22,PDC_6.125,1800,1749.0,5955.0,0,0,0,0
W002,2026-01-15 15:45:00,980,972.2,Shale_A,5.1,40.18,125.8,281.6,380.2,803.7,1.374,28.22,7.5,193.0,1.35,PDC_6.125,1800,1758.5,5955.0,0,0,0,0
W002,2026-01-15 16:00:00,1000,997.6,Shale_A,5.23,40.35,127.4,286.9,379.0,797.8,1.369,27.91,7.15,193.4,1.18,PDC_6.125,1800,1762.6,5955.0,0,0,0,0
W002,2026-01-15 16:15:00,1020,1012.9,Shale_A,4.86,40.67,125.2,286.0,381.5,797.5,1.367,28.4,7.45,197.1,1.92,PDC_6.125,1800,1806.2,5955.0,0,0,0,0
W002,2026-01-15 16:30:00,1040,1035.1,Shale_A,4.61,38.83,125.1,286.7,376.1,811.4,1.375,28.62,7.48,200.5,0.83,PDC_6.125,1800,1767.7,5955.0,0,0,0,0
W002,2026-01-15 16:45:00,1060,1048.0,Shale_A,5.32,37.93,127.4,293.8,369.1,810.3,1.385,28.6,7.77,198.6,1.44,PDC_6.125,1800,1759.5,5955.0,0,0,0,0
W002,2026-01-15 17:00:00,1080,1077.2,Shale_A,5.95,37.48,127.5,293.7,370.6,821.3,1.395,28.51,8.03,201.2,1.93,PDC_6.125,1800,1767.9,5955.0,0,0,0,0
W002,2026-01-15 17:15:00,1100,1083.8,Shale_A,5.01,38.9,127.1,299.3,378.5,808.2,1.403,28.46,8.04,200.8,2.82,PDC_6.125,1800,1767.7,5955.0,0,0,0,0
W002,2026-01-15 17:30:00,1120,1117.7,Shale_A,5.46,39.79,128.3,293.5,374.5,804.0,1.409,28.24,7.81,205.0,0.52,PDC_6.125,1800,1797.5,5955.0,0,0,0,0
W002,2026-01-15 17:45:00,1140,1135.4,Shale_A,6.25,38.97,125.4,297.3,381.2,811.2,1.402,28.49,8.03,202.9,2.42,PDC_6.125,1800,1819.1,5955.0,0,0,0,0
W002,2026-01-15 18:00:00,1160,1157.0,Shale_A,5.26,38.92,122.9,295.8,379.3,798.2,1.399,28.1,8.28,206.7,0.68,PDC_6.125,1800,1812.3,5955.0,0,0,0,0
W002,2026-01-15 18:15:00,1180,1174.6,Shale_A,4.78,37.23,122.9,300.5,383.4,784.7,1.39,28.0,8.12,200.4,1.2,PDC_6.125,1800,1802.4,5955.0,0,0,0,0
W002,2026-01-15 18:30:00,1200,1195.9,Shale_A,4.55,38.85,121.8,300.1,377.9,788.9,1.4,28.1,8.01,205.5,0.81,PDC_6.125,1800,1846.4,5955.0,0,0,0,0
W002,2026-01-15 18:45:00,1220,1204.0,Shale_A,4.43,39.19,122.5,293.2,381.6,781.2,1.404,28.42,8.25,205.4,1.8,PDC_6.125,1800,1800.3,5955.0,0,0,0,0
W002,2026-01-15 19:00:00,1240,1225.9,Shale_A,4.0,39.18,121.2,287.3,384.2,767.8,1.409,28.24,7.85,205.9,0.62,PDC_6.125,1800,1829.7,5955.0,0,0,0,0
W002,2026-01-15 19:15:00,1260,1254.0,Shale_A,4.0,40.54,118.2,283.2,389.0,762.3,1.401,28.1,7.67,210.1,1.28,PDC_6.125,1800,1822.4,5955.0,0,0,0,0
W002,2026-01-15 19:30:00,1280,1263.6,Shale_A,4.0,42.18,117.5,290.6,380.8,767.9,1.401,27.99,7.78,209.6,0.51,PDC_6.125,1800,1842.3,5955.0,0,0,0,0
W002,2026-01-15 19:45:00,1300,1296.7,Shale_A,4.4,44.04,119.1,297.8,384.9,761.8,1.393,28.27,7.9,204.0,1.4,PDC_6.125,1800,1823.0,5955.0,0,0,0,0
W002,2026-01-15 20:00:00,1320,1311.5,Shale_A,4.24,43.87,117.4,295.7,382.3,748.4,1.398,28.19,8.16,212.9,1.03,PDC_6.125,1800,1800.0,5955.0,0,0,0,0
W002,2026-01-15 20:15:00,1340,1332.3,Shale_A,5.15,42.73,118.5,297.4,378.2,737.5,1.401,28.43,8.01,211.7,1.49,PDC_6.125,1800,1797.0,5955.0,0,0,0,0
W002,2026-01-15 20:30:00,1360,1339.9,Shale_A,6.09,41.88,117.7,290.3,370.4,738.0,1.396,28.77,7.62,210.0,1.34,PDC_6.125,1800,1767.5,5955.0,0,0,0,0
W002,2026-01-15 20:45:00,1380,1373.2,Shale_A,5.88,41.85,117.1,290.8,372.3,723.3,1.395,29.23,7.64,213.9,1.28,PDC_6.125,1800,1759.4,5955.0,0,0,0,0
W002,2026-01-15 21:00:00,1400,1388.4,Shale_A,5.93,43.75,114.9,283.1,377.7,732.5,1.387,29.0,7.25,210.9,2.43,PDC_6.125,1800,1829.5,5955.0,0,0,0,0
W002,2026-01-15 21:15:00,1420,1406.0,Shale_A,5.62,41.76,113.7,285.4,387.2,742.9,1.377,29.4,7.48,216.7,1.64,PDC_6.125,1800,1783.6,5955.0,0,0,0,0
W002,2026-01-15 21:30:00,1440,1428.6,Shale_A,4.58,40.67,112.2,285.1,392.1,742.1,1.368,29.86,7.83,217.7,2.98,PDC_6.125,1800,1778.7,5955.0,0,0,0,0
W002,2026-01-15 21:45:00,1460,1445.5,Shale_A,4.0,40.13,110.6,280.2,384.9,745.8,1.374,29.94,7.55,218.8,2.09,PDC_6.125,1800,1850.0,5955.0,0,0,0,0
W002,2026-01-15 22:00:00,1480,1466.4,Shale_A,4.0,39.51,113.1,276.8,384.3,757.5,1.378,29.5,7.27,211.7,2.08,PDC_6.125,1800,1818.8,5955.0,0,0,0,0
W002,2026-01-15 22:15:00,1500,1478.4,Shale_A,5.1,39.63,111.6,276.8,387.9,744.8,1.373,29.81,7.24,218.0,1.58,PDC_6.125,1800,1760.5,5955.0,0,0,0,0
W002,2026-01-15 22:30:00,1520,1516.9,Shale_A,4.97,38.47,108.9,282.3,397.5,753.6,1.38,29.55,7.61,215.4,2.88,PDC_6.125,1800,1763.9,5955.0,0,0,0,0
W002,2026-01-15 22:45:00,1540,1535.8,Shale_A,6.12,38.75,107.5,281.3,399.4,740.8,1.382,30.03,7.36,222.2,2.77,PDC_6.125,1800,1822.9,5955.0,0,0,0,0
W002,2026-01-15 23:00:00,1560,1552.2,Shale_A,6.17,40.66,109.0,275.9,398.9,747.3,1.377,30.17,7.49,216.8,1.91,PDC_6.125,1800,1849.7,5955.0,0,0,0,0
W002,2026-01-15 23:15:00,1580,1565.1,Shale_A,5.0,38.7,108.1,282.7,393.5,751.3,1.371,29.99,7.77,223.4,0.74,PDC_6.125,1800,1799.9,5955.0,0,0,0,0
W002,2026-01-15 23:30:00,1600,1591.7,Limestone_B,4.95,39.35,105.8,279.3,391.5,763.9,1.381,29.53,7.98,220.7,1.48,PDC_6.125,2600,2526.6,5955.0,0,0,0,0
W002,2026-01-15 23:45:00,1620,1597.8,Limestone_B,6.03,39.66,104.9,283.9,386.5,765.8,1.378,29.69,7.77,219.8,2.8,PDC_6.125,2600,2665.3,5955.0,0,0,0,0
W002,2026-01-16 00:00:00,1640,1631.6,Limestone_B,5.36,37.82,102.1,278.7,393.8,759.3,1.387,29.77,7.72,224.6,1.79,PDC_6.125,2600,2600.9,5955.0,0,0,0,0
W002,2026-01-16 00:15:00,1660,1642.3,Limestone_B,5.01,39.4,104.8,285.0,392.2,767.7,1.387,29.77,7.48,225.6,0.97,PDC_6.125,2600,2566.1,5955.0,0,0,0,0
W002,2026-01-16 00:30:00,1680,1669.1,Limestone_B,4.31,37.68,102.2,292.1,392.3,765.0,1.393,30.11,7.35,227.5,2.43,PDC_6.125,2600,2655.4,5955.0,0,0,0,0
W002,2026-01-16 00:45:00,1700,1696.0,Limestone_B,5.21,37.84,100.9,290.9,383.1,753.8,1.398,29.61,7.28,226.7,0.64,PDC_6.125,2600,2545.6,5955.0,0,0,0,0
W002,2026-01-16 01:00:00,1720,1701.0,Limestone_B,4.74,37.06,99.3,282.9,387.7,767.8,1.392,29.77,7.47,230.9,1.56,PDC_6.125,2600,2557.3,5955.0,0,0,0,0
W002,2026-01-16 01:15:00,1740,1715.7,Limestone_B,5.25,38.33,97.4,280.8,395.7,777.0,1.402,30.02,7.38,229.2,2.15,PDC_6.125,2600,2572.7,5955.0,0,0,0,0
W002,2026-01-16 01:30:00,1760,1735.9,Limestone_B,5.75,37.0,99.1,282.1,404.7,763.3,1.397,30.12,7.22,231.3,2.4,PDC_6.125,2600,2606.9,5955.0,0,0,0,0
W002,2026-01-16 01:45:00,1780,1759.6,Limestone_B,5.77,36.48,101.7,287.3,408.6,769.7,1.396,30.54,7.38,232.4,2.65,PDC_6.125,2600,2602.2,5955.0,0,0,0,0
W002,2026-01-16 02:00:00,1800,1776.8,Limestone_B,5.04,35.86,100.7,295.0,415.7,775.7,1.401,30.6,7.74,231.0,1.45,PDC_6.125,2600,2647.9,5955.0,0,0,0,0
W002,2026-01-16 02:15:00,1820,1805.6,Limestone_B,5.6,35.4,97.9,300.4,405.9,781.8,1.41,30.54,7.53,233.9,2.54,PDC_6.125,2600,2644.6,5955.0,0,0,0,0
W002,2026-01-16 02:30:00,1840,1819.8,Limestone_B,4.52,35.42,99.2,306.2,399.5,790.8,1.411,30.44,7.24,236.5,0.89,PDC_6.125,2600,2672.9,5955.0,0,0,0,0
W002,2026-01-16 02:45:00,1860,1845.4,Limestone_B,5.41,36.11,101.0,302.2,402.0,793.0,1.418,30.85,6.85,235.4,0.63,PDC_6.125,2600,2567.2,5955.0,0,0,0,0
W002,2026-01-16 03:00:00,1880,1859.9,Limestone_B,4.95,35.52,101.7,299.5,406.7,790.1,1.409,31.13,6.68,233.9,2.21,PDC_6.125,2600,2566.9,5955.0,0,0,0,0
W002,2026-01-16 03:15:00,1900,1882.2,Limestone_B,4.65,37.3,102.6,302.2,409.3,781.1,1.407,31.38,6.36,233.3,1.19,PDC_6.125,2600,2530.8,5955.0,0,0,0,0
W002,2026-01-16 03:30:00,1920,1897.8,Limestone_B,4.0,37.37,100.7,309.7,401.6,778.2,1.412,31.58,6.3,234.9,1.49,PDC_6.125,2600,2674.9,5955.0,0,0,0,0
W002,2026-01-16 03:45:00,1940,1926.0,Limestone_B,4.0,36.44,99.4,312.2,411.0,781.3,1.404,31.16,6.66,235.3,0.73,PDC_6.125,2600,2554.0,5955.0,0,0,0,0
W002,2026-01-16 04:00:00,1960,1952.7,Limestone_B,4.36,35.51,96.5,319.6,406.0,786.6,1.408,31.27,6.51,235.9,1.99,PDC_6.125,2600,2619.3,5955.0,0,0,0,0
W002,2026-01-16 04:15:00,1980,1965.3,Limestone_B,4.0,34.13,99.2,323.4,413.7,777.7,1.41,31.47,6.65,238.2,0.54,PDC_6.125,2600,2669.7,5955.0,0,0,0,0
W002,2026-01-16 04:30:00,2000,1989.5,Limestone_B,4.0,35.96,98.6,328.8,407.5,782.9,1.42,31.07,6.26,239.3,0.73,PDC_6.125,2600,2561.5,5955.0,0,0,0,0
W002,2026-01-16 04:45:00,2020,1994.9,Limestone_B,4.0,34.99,98.2,332.4,397.7,785.6,1.422,31.21,6.05,243.0,0.73,PDC_6.125,2600,2664.7,5955.0,0,0,0,0
W002,2026-01-16 05:00:00,2040,2011.6,Limestone_B,4.57,33.04,96.7,327.8,393.1,778.0,1.413,31.17,6.24,242.9,2.18,PDC_6.125,2600,2658.9,5955.0,0,0,0,0
W002,2026-01-16 05:15:00,2060,2039.0,Limestone_B,5.38,34.26,98.6,334.7,394.0,769.0,1.415,31.41,6.43,242.9,0.67,PDC_6.125,2600,2670.4,5955.0,0,0,0,0
W002,2026-01-16 05:30:00,2080,2060.4,Limestone_B,5.58,34.41,97.2,332.6,401.9,774.0,1.421,31.36,6.53,241.1,2.26,PDC_6.125,2600,2665.6,5955.0,0,0,0,0
W002,2026-01-16 05:45:00,2100,2093.8,Limestone_B,5.94,36.16,94.6,337.8,397.7,772.3,1.411,31.16,6.53,240.1,1.73,PDC_6.125,2600,2591.0,5955.0,0,0,0,0
W002,2026-01-16 06:00:00,2120,2107.1,Limestone_B,6.57,35.8,95.5,334.0,390.9,762.1,1.402,30.85,6.66,249.2,2.54,PDC_6.125,2600,2538.4,5955.0,0,0,0,0
W002,2026-01-16 06:15:00,2140,2134.4,Limestone_B,6.06,35.04,94.0,334.2,391.6,757.8,1.399,31.18,6.89,244.4,2.78,PDC_6.125,2600,2539.2,5955.0,0,0,0,0
W002,2026-01-16 06:30:00,2160,2151.1,Limestone_B,5.71,35.06,96.6,340.2,383.7,754.6,1.4,31.18,6.65,250.8,2.19,PDC_6.125,2600,2573.0,5955.0,0,0,0,0
W002,2026-01-16 06:45:00,2180,2167.7,Limestone_B,6.31,34.82,97.3,334.8,387.2,745.0,1.404,30.91,6.34,244.8,0.5,PDC_6.125,2600,2656.0,5955.0,0,0,0,0
W002,2026-01-16 07:00:00,2200,2184.4,Limestone_B,6.35,33.47,94.8,327.1,380.5,756.7,1.399,30.76,6.02,246.2,1.8,PDC_6.125,2600,2636.3,5955.0,0,0,0,0
W002,2026-01-16 07:15:00,2220,2207.0,Limestone_B,5.29,33.03,93.2,322.6,389.7,760.2,1.4,30.68,6.0,250.3,2.24,PDC_6.125,2600,2560.3,5955.0,0,0,0,0
W002,2026-01-16 07:30:00,2240,2212.4,Limestone_B,5.29,32.68,95.4,324.7,390.4,748.7,1.402,30.3,6.0,247.2,2.23,PDC_6.125,2600,2548.8,5955.0,0,0,0,0
W002,2026-01-16 07:45:00,2260,2233.5,Limestone_B,6.24,31.5,95.4,323.4,380.8,757.5,1.393,30.27,6.05,253.0,2.22,PDC_6.125,2600,2583.1,5955.0,0,0,0,0
W002,2026-01-16 08:00:00,2280,2272.0,Limestone_B,6.78,31.64,97.4,328.5,387.7,757.1,1.39,30.56,6.01,249.4,2.64,PDC_6.125,2600,2523.6,5955.0,0,0,0,0
W002,2026-01-16 08:15:00,2300,2284.9,Limestone_B,5.76,31.19,99.2,334.9,381.8,744.1,1.398,30.45,6.04,258.2,0.67,PDC_6.125,2600,2594.7,5955.0,0,0,0,0
W002,2026-01-16 08:30:00,2320,2299.2,Limestone_B,5.46,32.41,98.8,342.9,383.0,738.7,1.392,30.3,6.0,250.1,1.42,PDC_6.125,2600,2533.6,5955.0,0,0,0,0
W002,2026-01-16 08:45:00,2340,2328.2,Limestone_B,5.84,33.25,95.9,338.4,386.2,738.2,1.382,30.6,6.22,255.8,0.67,PDC_6.125,2600,2634.7,5955.0,0,0,0,0
W002,2026-01-16 09:00:00,2360,2347.6,Limestone_B,6.52,34.26,97.7,338.7,379.0,743.3,1.384,30.84,6.0,253.1,2.73,PDC_6.125,2600,2613.1,5955.0,0,0,0,0
W002,2026-01-16 09:15:00,2380,2354.0,Limestone_B,7.14,34.65,98.6,344.9,380.6,747.3,1.377,30.81,6.17,254.8,1.01,PDC_6.125,2600,2663.7,5955.0,0,0,0,0
W002,2026-01-16 09:30:00,2400,2372.5,Shale_B,6.46,34.35,101.0,345.0,374.4,734.6,1.381,30.69,6.43,259.6,2.49,PDC_6.125,3400,3347.3,5955.0,0,0,0,0
W002,2026-01-16 09:45:00,2420,2409.3,Shale_B,5.89,36.11,101.8,342.2,369.8,725.3,1.385,30.41,6.51,256.5,2.15,PDC_6.125,3400,3439.2,5955.0,0,0,0,0
W002,2026-01-16 10:00:00,2440,2421.1,Shale_B,6.52,34.86,99.3,345.4,367.2,723.3,1.376,30.17,6.14,263.6,1.11,PDC_6.125,3400,3456.7,5955.0,0,0,0,0
W002,2026-01-16 10:15:00,2460,2425.3,Shale_B,6.92,34.15,101.7,351.6,363.7,735.3,1.386,30.5,6.42,258.2,1.94,PDC_6.125,3400,3306.0,5955.0,0,0,0,0
W002,2026-01-16 10:30:00,2480,2454.4,Shale_B,7.37,33.46,103.2,366.5,385.9,750.2,1.373,30.04,6.35,257.9,0.56,PDC_6.125,3400,3317.4,5955.0,0,0,0,0
W002,2026-01-16 10:45:00,2500,2480.8,Shale_B,6.03,32.71,104.1,382.2,406.2,758.1,1.36,30.3,6.0,265.9,2.05,PDC_6.125,3400,3457.9,5955.0,0,0,0,0
W002,2026-01-16 11:00:00,2520,2512.6,Shale_B,4.65,33.06,104.6,420.1,456.3,756.4,1.342,30.19,6.0,264.4,2.82,PDC_6.125,3400,3425.4,5955.0,0,0,0,0
W002,2026-01-16 11:15:00,2540,2524.3,Shale_B,2.0,31.91,107.6,482.8,549.3,645.5,1.296,30.28,6.0,263.8,2.19,PDC_6.125,3400,3367.7,5955.0,1,1,0,0
W002,2026-01-16 11:30:00,2560,2545.1,Shale_B,4.0,30.58,107.6,485.9,550.0,700.0,1.3,29.94,6.11,266.2,0.95,PDC_6.125,3400,3374.1,5955.0,1,0,0,0
W002,2026-01-16 11:45:00,2580,2557.7,Shale_B,4.4,31.93,105.6,478.2,550.0,703.3,1.304,30.28,6.35,270.7,1.84,PDC_6.125,3400,3390.9,5955.0,1,0,0,0
W002,2026-01-16 12:00:00,2600,2581.5,Shale_B,4.0,32.22,104.3,484.9,550.0,706.1,1.301,29.83,6.0,266.2,0.71,PDC_6.125,3400,3380.0,5955.0,1,0,0,0
W002,2026-01-16 12:15:00,2620,2611.3,Shale_B,4.92,32.86,102.6,490.7,550.0,700.0,1.306,29.62,6.24,272.9,0.58,PDC_6.125,3400,3477.7,5955.0,1,0,0,0
W002,2026-01-16 12:30:00,2640,2613.6,Shale_B,6.06,32.72,104.7,483.7,546.7,700.0,1.316,29.94,6.52,273.2,0.71,PDC_6.125,3400,3425.0,5955.0,1,0,0,0
W002,2026-01-16 12:45:00,2660,2629.7,Shale_B,5.37,31.64,104.5,480.0,538.7,700.0,1.309,30.41,6.73,274.4,1.6,PDC_6.125,3400,3312.5,5955.0,1,0,0,0
W002,2026-01-16 13:00:00,2680,2651.7,Shale_B,4.95,30.84,102.9,474.1,533.8,700.0,1.312,29.97,6.5,273.7,0.87,PDC_6.125,3400,3460.9,5955.0,1,0,0,0
W002,2026-01-16 13:15:00,2700,2669.1,Shale_B,4.12,29.17,102.8,470.9,535.1,709.1,1.305,30.05,6.5,267.9,2.06,PDC_6.125,3400,3474.4,5955.0,1,0,0,0
W002,2026-01-16 13:30:00,2720,2709.7,Shale_B,4.0,29.01,101.6,476.1,526.2,706.7,1.304,30.28,6.56,274.1,2.44,PDC_6.125,3400,3397.5,5955.0,1,0,0,0
W002,2026-01-16 13:45:00,2740,2711.8,Shale_B,4.09,30.37,104.5,482.3,523.6,700.0,1.304,30.52,6.55,273.1,2.6,PDC_6.125,3400,3362.0,5955.0,1,0,0,0
W002,2026-01-16 14:00:00,2760,2741.7,Shale_B,4.0,29.68,104.2,486.5,516.1,700.0,1.313,30.2,6.6,275.0,1.72,PDC_6.125,3400,3473.4,5955.0,1,0,0,0
W002,2026-01-16 14:15:00,2780,2771.8,Shale_B,4.13,29.17,105.2,480.8,517.5,700.0,1.309,29.92,6.35,278.4,1.21,PDC_6.125,3400,3344.9,5955.0,1,0,0,0
W002,2026-01-16 14:30:00,2800,2766.0,Shale_B,4.3,27.74,104.4,485.6,514.8,700.0,1.31,30.27,6.59,272.8,2.18,PDC_6.125,3400,3495.9,5955.0,1,0,0,0
W002,2026-01-16 14:45:00,2820,2781.1,Shale_B,5.2,26.74,103.0,477.6,522.2,708.8,1.313,30.52,6.31,276.5,1.38,PDC_6.125,3400,3342.5,5955.0,1,0,0,0
W002,2026-01-16 15:00:00,2840,2813.3,Shale_B,6.21,24.9,101.7,472.9,517.0,721.1,1.312,30.49,6.52,274.3,1.72,PDC_6.125,3400,3397.2,5955.0,1,0,0,0
W002,2026-01-16 15:15:00,2860,2836.1,Shale_B,7.41,25.98,101.1,478.1,510.4,707.0,1.306,30.33,6.53,279.9,2.78,PDC_6.125,3400,3419.8,5955.0,1,0,0,0
W002,2026-01-16 15:30:00,2880,2841.0,Shale_B,6.33,24.12,101.4,477.1,517.2,700.0,1.3,30.28,6.32,275.1,2.31,PDC_6.125,3400,3400.3,5955.0,1,0,0,0
W002,2026-01-16 15:45:00,2900,2891.5,Shale_B,5.8,22.81,100.7,481.9,515.0,707.5,1.3,30.55,6.11,282.3,1.91,PDC_6.125,3400,3422.1,5955.0,1,0,0,0
W002,2026-01-16 16:00:00,2920,2886.3,Shale_B,4.76,20.89,102.7,482.3,520.5,700.0,1.3,30.08,6.48,283.1,2.83,PDC_6.125,3400,3377.0,5955.0,1,0,0,0
W002,2026-01-16 16:15:00,2940,2922.9,Shale_B,5.19,20.16,104.8,489.5,528.2,707.2,1.3,29.86,6.85,277.4,2.29,PDC_6.125,3400,3422.7,5955.0,1,0,0,0
W002,2026-01-16 16:30:00,2960,2951.3,Shale_B,6.37,20.0,103.8,482.8,527.1,700.0,1.3,30.19,7.2,280.1,1.43,PDC_6.125,3400,3425.0,5955.0,1,0,0,0
W002,2026-01-16 16:45:00,2980,2964.5,Shale_B,5.39,20.0,104.4,477.2,536.5,700.0,1.3,29.94,7.18,285.7,2.38,PDC_6.125,3400,3310.6,5955.0,1,0,0,0
W002,2026-01-16 17:00:00,3000,2990.5,Sandstone_C,6.36,21.27,105.9,470.1,526.6,700.0,1.303,29.85,7.1,288.8,2.74,PDC_6.125,4300,4320.1,5955.0,1,0,0,0
W002,2026-01-16 17:15:00,3020,2994.0,Sandstone_C,8.07,20.36,104.0,465.1,540.9,715.0,1.305,29.47,7.29,286.2,1.22,PDC_6.125,4300,4252.0,5955.0,1,0,0,0
W002,2026-01-16 17:30:00,3040,3016.8,Sandstone_C,10.8,20.1,102.0,459.0,576.8,757.1,1.292,29.7,7.42,291.1,2.55,PDC_6.125,4300,4248.4,5955.0,1,0,0,0
W002,2026-01-16 17:45:00,3060,3022.6,Sandstone_C,15.51,20.0,101.0,451.2,602.5,811.1,1.285,29.78,7.39,283.9,2.95,PDC_6.125,4300,4340.5,5955.0,1,0,0,0
W002,2026-01-16 18:00:00,3080,3073.2,Sandstone_C,23.74,20.96,98.2,453.7,680.0,909.2,1.26,29.85,7.23,293.0,2.55,PDC_6.125,4300,4188.3,5955.0,2,0,0,1
W002,2026-01-16 18:15:00,3100,3068.0,Sandstone_C,24.87,20.68,97.3,446.5,550.0,915.0,1.3,29.58,7.32,287.0,1.94,PDC_6.125,4300,4238.0,5955.0,2,0,0,0
W003,2026-01-15 06:00:00,200,197.6,Alluvium_Top,15.77,44.91,119.1,277.8,346.1,844.8,1.414,23.58,7.97,158.8,2.6,PDC_8.5,200,203.9,12508.0,0,0,0,0
W003,2026-01-15 06:15:00,220,218.1,Alluvium_Top,16.51,46.2,118.4,277.1,342.2,857.8,1.406,24.01,8.12,160.2,0.58,PDC_8.5,200,198.6,12508.0,0,0,0,0
W003,2026-01-15 06:30:00,240,236.6,Alluvium_Top,15.7,46.83,121.2,278.1,346.5,844.9,1.404,23.63,8.21,165.2,2.15,PDC_8.5,200,198.9,12508.0,0,0,0,0
W003,2026-01-15 06:45:00,260,258.3,Alluvium_Top,15.82,46.44,123.2,283.1,348.7,841.1,1.399,23.24,8.09,160.8,2.19,PDC_8.5,200,198.3,12508.0,0,0,0,0
W003,2026-01-15 07:00:00,280,278.5,Alluvium_Top,15.57,45.17,121.1,288.3,339.5,838.7,1.392,23.62,8.14,159.9,1.76,PDC_8.5,200,194.8,12508.0,0,0,0,0
W003,2026-01-15 07:15:00,300,298.4,Alluvium_Top,14.9,46.71,123.7,295.0,342.2,842.6,1.39,23.87,8.17,165.3,1.57,PDC_8.5,200,205.5,12508.0,0,0,0,0
W003,2026-01-15 07:30:00,320,316.5,Alluvium_Top,14.05,48.04,123.9,300.5,340.8,839.0,1.398,23.62,8.45,164.2,1.79,PDC_8.5,200,203.9,12508.0,0,0,0,0
W003,2026-01-15 07:45:00,340,339.1,Alluvium_Top,13.63,46.2,122.5,292.6,350.4,853.0,1.396,23.85,8.33,167.0,2.51,PDC_8.5,200,200.9,12508.0,0,0,0,0
W003,2026-01-15 08:00:00,360,355.6,Alluvium_Top,14.31,45.26,125.4,285.0,352.5,857.8,1.4,23.47,8.68,163.0,2.06,PDC_8.5,200,198.8,12508.0,0,0,0,0
W003,2026-01-15 08:15:00,380,377.6,Alluvium_Top,14.42,44.93,123.4,279.7,350.9,865.5,1.408,23.05,8.59,163.1,0.54,PDC_8.5,200,197.7,12508.0,0,0,0,0
W003,2026-01-15 08:30:00,400,394.2,Shale_A,13.61,43.87,120.5,285.1,360.4,854.6,1.403,23.42,8.93,167.2,0.63,PDC_8.5,1800,1811.1,12508.0,0,0,0,0
W003,2026-01-15 08:45:00,420,415.2,Shale_A,13.35,41.98,121.0,277.3,366.1,848.8,1.394,23.51,8.85,173.6,1.86,PDC_8.5,1800,1808.0,12508.0,0,0,0,0
W003,2026-01-15 09:00:00,440,438.7,Shale_A,12.8,43.6,120.2,278.1,357.1,846.6,1.401,23.82,8.63,167.1,2.54,PDC_8.5,1800,1822.6,12508.0,0,0,0,0
W003,2026-01-15 09:15:00,460,456.3,Shale_A,12.68,42.95,122.4,271.4,351.3,854.2,1.392,23.81,8.58,169.0,1.49,PDC_8.5,1800,1756.3,12508.0,0,0,0,0
W003,2026-01-15 09:30:00,480,475.2,Shale_A,12.85,44.17,124.0,265.9,344.3,847.2,1.389,23.72,8.72,167.2,0.59,PDC_8.5,1800,1763.4,12508.0,0,0,0,0
W003,2026-01-15 09:45:00,500,496.9,Shale_A,12.11,44.74,122.6,272.1,352.2,841.1,1.384,23.63,8.51,174.2,2.57,PDC_8.5,1800,1821.3,12508.0,0,0,0,0
W003,2026-01-15 10:00:00,520,517.6,Shale_A,11.86,43.37,124.0,269.9,355.6,834.2,1.376,24.12,8.23,178.3,2.94,PDC_8.5,1800,1835.0,12508.0,0,0,0,0
W003,2026-01-15 10:15:00,540,538.5,Shale_A,12.05,44.83,122.7,269.4,358.0,831.5,1.375,23.95,8.28,177.8,1.0,PDC_8.5,1800,1817.2,12508.0,0,0,0,0
W003,2026-01-15 10:30:00,560,553.4,Shale_A,12.83,45.05,124.4,261.7,364.4,817.7,1.383,24.44,8.12,172.3,2.41,PDC_8.5,1800,1820.4,12508.0,0,0,0,0
W003,2026-01-15 10:45:00,580,574.5,Shale_A,11.88,43.55,127.3,264.5,371.3,812.4,1.387,24.53,8.2,177.9,1.94,PDC_8.5,1800,1839.5,12508.0,0,0,0,0
W003,2026-01-15 11:00:00,600,591.4,Shale_A,12.52,42.46,128.5,260.2,373.8,819.8,1.381,24.09,7.9,178.1,2.62,PDC_8.5,1800,1775.8,12508.0,0,0,0,0
W003,2026-01-15 11:15:00,620,615.1,Shale_A,12.14,42.37,131.1,257.5,373.1,805.2,1.373,23.85,7.52,179.2,1.57,PDC_8.5,1800,1825.3,12508.0,0,0,0,0
W003,2026-01-15 11:30:00,640,633.2,Shale_A,11.65,43.03,133.9,250.3,380.9,807.5,1.374,23.85,7.18,174.7,2.0,PDC_8.5,1800,1764.9,12508.0,0,0,0,0
W003,2026-01-15 11:45:00,660,652.6,Shale_A,11.43,41.6,135.2,247.0,381.4,813.4,1.382,24.14,7.32,181.5,2.86,PDC_8.5,1800,1845.1,12508.0,0,0,0,0
W003,2026-01-15 12:00:00,680,671.0,Shale_A,10.88,40.47,136.2,249.1,383.3,798.9,1.387,23.96,7.45,181.2,1.36,PDC_8.5,1800,1746.1,12508.0,0,0,0,0
W003,2026-01-15 12:15:00,700,691.8,Shale_A,11.68,42.14,137.1,242.8,381.3,805.8,1.393,23.58,7.05,183.6,1.39,PDC_8.5,1800,1756.2,12508.0,0,0,0,0
W003,2026-01-15 12:30:00,720,710.1,Shale_A,11.78,43.54,139.8,243.9,381.6,793.4,1.394,23.46,7.14,181.3,1.1,PDC_8.5,1800,1747.4,12508.0,0,0,0,0
W003,2026-01-15 12:45:00,740,732.8,Shale_A,10.81,42.25,142.7,243.0,382.2,804.6,1.404,23.54,7.39,181.6,1.26,PDC_8.5,1800,1780.0,12508.0,0,0,0,0
W003,2026-01-15 13:00:00,760,755.8,Shale_A,11.25,41.51,140.5,245.1,374.8,807.0,1.408,23.74,7.59,187.9,1.75,PDC_8.5,1800,1818.6,12508.0,0,0,0,0
W003,2026-01-15 13:15:00,780,774.2,Shale_A,10.5,39.61,139.2,244.2,377.1,817.5,1.402,23.37,7.96,181.2,1.7,PDC_8.5,1800,1812.9,12508.0,0,0,0,0
W003,2026-01-15 13:30:00,800,790.6,Shale_A,9.51,37.84,136.8,245.6,378.0,809.5,1.405,23.69,7.59,186.0,2.22,PDC_8.5,1800,1804.5,12508.0,0,0,0,0
W003,2026-01-15 13:45:00,820,811.5,Shale_A,9.78,39.43,138.7,246.9,382.6,805.4,1.408,23.66,7.34,188.9,1.89,PDC_8.5,1800,1779.2,12508.0,0,0,0,0
W003,2026-01-15 14:00:00,840,837.6,Shale_A,8.63,38.69,136.0,251.2,386.6,800.3,1.412,23.56,7.55,187.3,1.53,PDC_8.5,1800,1844.4,12508.0,0,0,0,0
W003,2026-01-15 14:15:00,860,851.1,Shale_A,7.72,39.03,138.8,249.2,377.8,795.5,1.412,23.22,7.68,193.7,1.63,PDC_8.5,1800,1773.1,12508.0,0,0,0,0
W003,2026-01-15 14:30:00,880,877.7,Shale_A,6.8,40.56,138.3,247.4,381.0,793.8,1.415,22.78,7.93,194.0,2.12,PDC_8.5,1800,1789.3,12508.0,0,0,0,0
W003,2026-01-15 14:45:00,900,893.0,Shale_A,6.75,40.97,138.8,245.8,377.8,782.6,1.413,22.44,8.12,187.6,0.65,PDC_8.5,1800,1762.4,12508.0,0,0,0,0
W003,2026-01-15 15:00:00,920,908.0,Shale_A,7.64,41.28,137.9,250.6,378.6,770.0,1.414,22.85,8.04,189.4,0.86,PDC_8.5,1800,1810.3,12508.0,0,0,0,0
W003,2026-01-15 15:15:00,940,929.3,Shale_A,7.87,39.6,140.5,254.7,380.3,779.9,1.406,22.83,8.14,195.6,2.46,PDC_8.5,1800,1792.7,12508.0,0,0,0,0
W003,2026-01-15 15:30:00,960,951.6,Shale_A,6.97,41.1,143.3,249.5,384.7,766.1,1.404,22.85,8.2,197.6,2.18,PDC_8.5,1800,1847.6,12508.0,0,0,0,0
W003,2026-01-15 15:45:00,980,972.9,Shale_A,8.05,39.19,146.2,242.9,391.0,759.5,1.397,22.79,8.32,192.9,0.64,PDC_8.5,1800,1833.4,12508.0,0,0,0,0
W003,2026-01-15 16:00:00,1000,993.2,Shale_A,7.77,38.06,145.9,235.7,397.4,769.3,1.399,22.64,8.56,195.5,2.56,PDC_8.5,1800,1843.5,12508.0,0,0,0,0
W003,2026-01-15 16:15:00,1020,1014.8,Shale_A,8.01,37.72,148.6,236.4,399.5,760.9,1.402,22.71,8.31,191.5,2.01,PDC_8.5,1800,1830.7,12508.0,0,0,0,0
W003,2026-01-15 16:30:00,1040,1030.9,Shale_A,7.35,38.39,146.1,235.5,392.8,751.4,1.396,22.6,7.95,195.8,1.78,PDC_8.5,1800,1802.5,12508.0,0,0,0,0
W003,2026-01-15 16:45:00,1060,1045.5,Shale_A,8.16,36.97,146.1,228.5,384.2,753.6,1.397,22.98,8.0,202.3,0.62,PDC_8.5,1800,1787.3,12508.0,0,0,0,0
W003,2026-01-15 17:00:00,1080,1071.1,Shale_A,7.4,37.14,147.0,221.2,393.1,763.9,1.393,22.56,7.74,194.9,0.81,PDC_8.5,1800,1750.8,12508.0,0,0,0,0
W003,2026-01-15 17:15:00,1100,1089.4,Shale_A,7.06,39.1,148.1,228.4,386.0,760.4,1.394,22.14,7.34,201.2,2.1,PDC_8.5,1800,1772.6,12508.0,0,0,0,0
W003,2026-01-15 17:30:00,1120,1104.6,Shale_A,6.86,37.2,147.1,223.2,378.0,774.1,1.396,22.37,7.19,199.3,1.09,PDC_8.5,1800,1798.9,12508.0,0,0,0,0
W003,2026-01-15 17:45:00,1140,1135.9,Shale_A,7.57,37.91,147.4,222.8,386.4,761.3,1.392,22.22,7.42,206.2,1.1,PDC_8.5,1800,1765.3,12508.0,0,0,0,0
W003,2026-01-15 18:00:00,1160,1154.7,Shale_A,6.91,37.51,146.9,230.5,380.0,770.3,1.389,22.45,7.36,203.0,2.58,PDC_8.5,1800,1835.7,12508.0,0,0,0,0
W003,2026-01-15 18:15:00,1180,1164.3,Shale_A,5.85,38.28,144.7,229.2,381.0,767.4,1.389,22.95,7.07,204.9,1.49,PDC_8.5,1800,1839.6,12508.0,0,0,0,0
W003,2026-01-15 18:30:00,1200,1191.0,Shale_A,6.93,39.8,147.1,237.1,375.2,763.1,1.392,22.93,7.0,202.6,1.98,PDC_8.5,1800,1763.1,12508.0,0,0,0,0
W003,2026-01-15 18:45:00,1220,1210.7,Shale_A,6.86,40.01,147.5,232.5,380.0,748.9,1.389,23.21,7.05,202.5,2.24,PDC_8.5,1800,1763.4,12508.0,0,0,0,0
W003,2026-01-15 19:00:00,1240,1226.0,Shale_A,7.42,40.45,147.4,226.6,375.2,746.5,1.391,23.22,6.88,200.9,1.74,PDC_8.5,1800,1832.0,12508.0,0,0,0,0
W003,2026-01-15 19:15:00,1260,1244.3,Shale_A,6.28,40.79,150.0,221.4,374.6,734.2,1.394,23.27,6.81,206.9,2.74,PDC_8.5,1800,1825.3,12508.0,0,0,0,0
W003,2026-01-15 19:30:00,1280,1264.1,Shale_A,7.15,41.1,152.3,223.0,380.8,732.1,1.399,23.68,6.87,204.4,1.17,PDC_8.5,1800,1748.4,12508.0,0,0,0,0
W003,2026-01-15 19:45:00,1300,1287.3,Shale_A,6.69,41.32,152.8,221.8,383.1,719.5,1.391,23.35,6.88,205.6,1.21,PDC_8.5,1800,1772.7,12508.0,0,0,0,0
W003,2026-01-15 20:00:00,1320,1311.9,Shale_A,5.52,41.92,153.8,226.6,391.8,705.1,1.384,23.74,6.85,210.0,2.16,PDC_8.5,1800,1833.7,12508.0,0,0,0,0
W003,2026-01-15 20:15:00,1340,1328.6,Shale_A,6.71,42.8,152.5,232.7,382.8,700.0,1.392,23.5,6.63,206.7,2.65,PDC_8.5,1800,1846.6,12508.0,0,0,0,0
W003,2026-01-15 20:30:00,1360,1353.1,Shale_A,6.08,43.83,154.1,229.7,381.0,700.0,1.402,23.65,6.98,209.2,2.45,PDC_8.5,1800,1818.9,12508.0,0,0,0,0
W003,2026-01-15 20:45:00,1380,1372.7,Shale_A,7.2,43.4,151.9,232.4,385.6,702.3,1.396,23.65,6.83,211.4,2.11,PDC_8.5,1800,1820.7,12508.0,0,0,0,0
W003,2026-01-15 21:00:00,1400,1385.9,Shale_A,6.97,42.48,150.1,236.9,393.8,700.0,1.401,24.05,7.11,209.8,2.89,PDC_8.5,1800,1771.1,12508.0,0,0,0,0
W003,2026-01-15 21:15:00,1420,1401.4,Shale_A,5.92,42.42,147.8,232.9,390.1,709.3,1.409,23.85,7.4,217.5,2.41,PDC_8.5,1800,1782.6,12508.0,0,0,0,0
W003,2026-01-15 21:30:00,1440,1436.2,Shale_A,6.99,43.15,146.8,232.9,393.0,709.6,1.401,23.66,7.64,218.4,0.84,PDC_8.5,1800,1820.6,12508.0,0,0,0,0
W003,2026-01-15 21:45:00,1460,1454.7,Shale_A,7.38,44.16,148.7,240.0,389.3,720.4,1.394,23.87,7.83,217.5,1.13,PDC_8.5,1800,1781.5,12508.0,0,0,0,0
W003,2026-01-15 22:00:00,1480,1469.4,Shale_A,6.31,45.03,148.6,245.6,387.0,710.4,1.401,23.92,7.58,218.8,1.78,PDC_8.5,1800,1764.2,12508.0,0,0,0,0
W003,2026-01-15 22:15:00,1500,1485.5,Shale_A,7.1,46.35,149.9,239.3,393.8,715.5,1.405,23.78,7.88,219.8,0.78,PDC_8.5,1800,1795.8,12508.0,0,0,0,0
W003,2026-01-15 22:30:00,1520,1497.4,Shale_A,6.01,48.2,151.0,241.4,389.2,708.0,1.414,23.58,8.1,217.3,0.85,PDC_8.5,1800,1841.7,12508.0,0,0,0,0
W003,2026-01-15 22:45:00,1540,1521.9,Shale_A,7.15,47.68,150.1,238.9,389.6,706.2,1.422,23.59,8.11,215.7,2.96,PDC_8.5,1800,1804.8,12508.0,0,0,0,0
W003,2026-01-15 23:00:00,1560,1551.9,Shale_A,7.54,48.06,149.6,237.7,395.3,700.0,1.428,23.74,8.05,219.8,1.14,PDC_8.5,1800,1753.9,12508.0,0,0,0,0
W003,2026-01-15 23:15:00,1580,1575.1,Shale_A,7.11,48.44,152.6,236.7,403.7,700.0,1.419,23.44,7.98,218.3,0.5,PDC_8.5,1800,1801.4,12508.0,0,0,0,0
W003,2026-01-15 23:30:00,1600,1588.9,Limestone_B,7.69,47.11,150.3,229.8,408.2,712.9,1.418,23.06,7.99,220.5,1.44,PDC_8.5,2600,2653.6,12508.0,0,0,0,0
W003,2026-01-15 23:45:00,1620,1609.9,Limestone_B,6.76,45.25,153.3,225.5,399.3,703.6,1.409,22.95,8.23,221.3,1.61,PDC_8.5,2600,2634.1,12508.0,0,0,0,0
W003,2026-01-16 00:00:00,1640,1636.6,Limestone_B,7.63,46.71,150.4,229.9,398.5,718.3,1.409,23.44,8.43,221.3,1.85,PDC_8.5,2600,2601.4,12508.0,0,0,0,0
W003,2026-01-16 00:15:00,1660,1640.3,Limestone_B,6.66,47.54,149.5,222.0,396.6,710.3,1.415,23.28,8.69,219.7,1.27,PDC_8.5,2600,2655.8,12508.0,0,0,0,0
W003,2026-01-16 00:30:00,1680,1675.6,Limestone_B,5.62,46.29,149.8,218.7,394.9,706.6,1.423,23.69,8.68,223.9,0.77,PDC_8.5,2600,2558.4,12508.0,0,0,0,0
W003,2026-01-16 00:45:00,1700,1692.6,Limestone_B,5.13,45.48,148.7,213.3,400.6,700.0,1.426,23.31,8.34,230.6,0.98,PDC_8.5,2600,2531.4,12508.0,0,0,0,0
W003,2026-01-16 01:00:00,1720,1712.5,Limestone_B,3.12,47.3,147.2,241.6,394.0,710.6,1.416,23.32,8.56,241.7,2.77,PDC_8.5,2600,2607.0,12508.0,0,0,0,0
W003,2026-01-16 01:15:00,1740,1731.9,Limestone_B,2.0,46.44,145.9,284.6,391.9,711.9,1.409,23.51,8.29,246.4,1.76,PDC_8.5,2600,2660.6,12508.0,0,0,0,0
W003,2026-01-16 01:30:00,1760,1734.6,Limestone_B,2.0,45.06,146.2,345.5,389.4,709.3,1.4,23.28,8.65,263.7,1.38,PDC_8.5,2600,2637.4,12508.0,0,0,0,0
W003,2026-01-16 01:45:00,1780,1756.7,Limestone_B,2.0,46.85,124.0,489.7,381.6,723.7,1.398,23.56,8.52,301.4,0.98,PDC_8.5,2600,2549.9,12508.0,1,0,1,0
W003,2026-01-16 02:00:00,1800,1792.1,Limestone_B,4.0,48.4,124.8,494.6,373.0,718.7,1.394,23.7,8.4,227.5,1.99,PDC_8.5,2600,2668.3,12508.0,1,0,0,0
W003,2026-01-16 02:15:00,1820,1811.7,Limestone_B,4.0,47.19,123.2,491.4,375.9,721.7,1.398,23.56,8.66,228.9,1.67,PDC_8.5,2600,2581.6,12508.0,1,0,0,0
W003,2026-01-16 02:30:00,1840,1814.3,Limestone_B,4.0,48.72,122.3,494.3,366.4,727.4,1.394,23.12,8.75,230.2,1.47,PDC_8.5,2600,2550.1,12508.0,1,0,0,0
W003,2026-01-16 02:45:00,1860,1850.0,Limestone_B,4.0,47.08,124.8,486.4,366.1,716.1,1.39,23.55,8.48,238.4,1.01,PDC_8.5,2600,2545.0,12508.0,1,0,0,0
W003,2026-01-16 03:00:00,1880,1869.8,Limestone_B,4.92,47.3,125.0,481.5,359.4,728.6,1.387,23.42,8.69,233.0,2.88,PDC_8.5,2600,2607.3,12508.0,1,0,0,0
W003,2026-01-16 03:15:00,1900,1883.6,Limestone_B,5.83,45.5,123.5,480.9,353.9,735.9,1.395,23.34,8.56,240.1,1.61,PDC_8.5,2600,2615.2,12508.0,1,0,0,0
W003,2026-01-16 03:30:00,1920,1909.7,Limestone_B,6.81,45.78,125.1,485.9,350.7,733.9,1.402,23.2,8.8,240.8,2.06,PDC_8.5,2600,2576.9,12508.0,1,0,0,0
W003,2026-01-16 03:45:00,1940,1924.7,Limestone_B,7.64,45.36,122.4,484.3,354.2,732.4,1.407,23.06,8.91,234.2,2.37,PDC_8.5,2600,2647.6,12508.0,1,0,0,0
W003,2026-01-16 04:00:00,1960,1948.6,Limestone_B,7.14,46.35,122.3,479.8,363.5,738.9,1.416,22.99,8.89,242.2,1.81,PDC_8.5,2600,2553.8,12508.0,1,0,0,0
W003,2026-01-16 04:15:00,1980,1969.0,Limestone_B,7.01,44.84,120.5,471.8,354.3,753.2,1.411,23.15,9.16,239.6,0.88,PDC_8.5,2600,2561.3,12508.0,1,0,0,0
W003,2026-01-16 04:30:00,2000,1985.5,Limestone_B,7.57,45.92,123.4,473.0,351.1,757.7,1.402,23.55,8.86,238.3,2.54,PDC_8.5,2600,2615.6,12508.0,1,0,0,0
W003,2026-01-16 04:45:00,2020,2003.8,Limestone_B,7.51,47.34,122.4,478.9,342.9,766.0,1.409,23.23,8.8,237.6,2.27,PDC_8.5,2600,2583.4,12508.0,1,0,0,0
W003,2026-01-16 05:00:00,2040,2023.4,Limestone_B,6.78,46.19,119.6,476.1,344.1,776.7,1.412,23.17,9.16,244.0,2.83,PDC_8.5,2600,2621.1,12508.0,1,0,0,0
W003,2026-01-16 05:15:00,2060,2048.6,Limestone_B,5.71,47.09,117.3,472.9,344.7,778.6,1.414,22.84,9.06,243.9,2.92,PDC_8.5,2600,2562.4,12508.0,1,0,0,0
W003,2026-01-16 05:30:00,2080,2070.6,Limestone_B,6.34,47.46,115.5,475.6,347.2,781.7,1.414,22.87,8.93,243.8,0.99,PDC_8.5,2600,2665.9,12508.0,1,0,0,0
W003,2026-01-16 05:45:00,2100,2088.6,Limestone_B,5.34,47.2,116.4,474.6,342.7,783.4,1.411,23.3,9.27,244.5,1.32,PDC_8.5,2600,2551.0,12508.0,1,0,0,0
W003,2026-01-16 06:00:00,2120,2094.7,Limestone_B,5.28,46.55,118.9,466.8,343.8,790.6,1.411,22.89,9.65,245.6,2.04,PDC_8.5,2600,2527.7,12508.0,1,0,0,0
W003,2026-01-16 06:15:00,2140,2108.9,Limestone_B,5.11,44.85,116.5,472.2,338.6,781.4,1.411,23.16,9.3,247.1,0.8,PDC_8.5,2600,2597.4,12508.0,1,0,0,0
W003,2026-01-16 06:30:00,2160,2136.9,Limestone_B,5.91,43.32,113.8,471.2,345.5,774.3,1.409,22.7,9.26,248.0,1.93,PDC_8.5,2600,2530.2,12508.0,1,0,0,0
W003,2026-01-16 06:45:00,2180,2160.2,Limestone_B,4.97,42.79,111.4,475.5,354.8,788.4,1.416,22.8,9.42,246.0,2.08,PDC_8.5,2600,2571.2,12508.0,1,0,0,0
W003,2026-01-16 07:00:00,2200,2191.4,Limestone_B,5.59,41.92,110.3,482.3,345.9,788.0,1.424,22.91,9.46,246.5,1.36,PDC_8.5,2600,2597.2,12508.0,1,0,0,0
W003,2026-01-16 07:15:00,2220,2203.5,Limestone_B,5.63,40.32,107.4,489.7,343.4,791.1,1.416,23.09,9.81,250.7,0.82,PDC_8.5,2600,2609.2,12508.0,1,0,0,0
W003,2026-01-16 07:30:00,2240,2215.2,Limestone_B,5.41,41.84,108.3,496.1,345.9,780.0,1.412,22.79,10.14,253.4,2.19,PDC_8.5,2600,2641.6,12508.0,1,0,0,0
W003,2026-01-16 07:45:00,2260,2232.1,Limestone_B,6.03,41.74,106.7,498.0,336.7,774.8,1.411,22.44,10.53,248.8,0.83,PDC_8.5,2600,2550.7,12508.0,1,0,0,0
W003,2026-01-16 08:00:00,2280,2270.4,Limestone_B,5.85,42.0,103.8,490.6,335.6,784.3,1.419,22.03,10.56,256.7,1.47,PDC_8.5,2600,2642.0,12508.0,1,0,0,0
W003,2026-01-16 08:15:00,2300,2271.6,Limestone_B,6.89,43.01,106.4,493.4,332.9,797.4,1.415,21.86,10.72,256.2,2.82,PDC_8.5,2600,2542.9,12508.0,1,0,0,0
W003,2026-01-16 08:30:00,2320,2298.3,Limestone_B,7.46,41.27,105.7,489.9,329.0,811.9,1.418,22.08,11.1,253.2,2.5,PDC_8.5,2600,2646.5,12508.0,1,0,0,0
W003,2026-01-16 08:45:00,2340,2314.0,Limestone_B,6.69,43.06,104.0,487.1,334.1,808.7,1.42,22.02,11.29,252.6,0.65,PDC_8.5,2600,2657.6,12508.0,1,0,0,0
W003,2026-01-16 09:00:00,2360,2337.2,Limestone_B,5.89,42.48,103.4,480.0,335.8,820.2,1.413,22.12,11.42,255.4,2.25,PDC_8.5,2600,2596.0,12508.0,1,0,0,0
W003,2026-01-16 09:15:00,2380,2369.0,Limestone_B,4.71,43.25,104.4,472.6,333.2,834.6,1.411,22.12,11.75,259.3,1.96,PDC_8.5,2600,2600.7,12508.0,1,0,0,0
W003,2026-01-16 09:30:00,2400,2391.4,Shale_B,4.61,43.15,103.7,480.1,337.1,822.1,1.418,22.1,11.41,258.5,1.54,PDC_8.5,3400,3474.3,12508.0,1,0,0,0
W003,2026-01-16 09:45:00,2420,2393.1,Shale_B,5.39,43.38,101.0,487.6,337.4,815.8,1.417,22.46,11.25,255.8,0.82,PDC_8.5,3400,3339.6,12508.0,1,0,0,0
W003,2026-01-16 10:00:00,2440,2425.9,Shale_B,5.32,42.29,99.0,484.9,346.2,811.1,1.427,22.45,10.99,263.7,1.65,PDC_8.5,3400,3457.1,12508.0,1,0,0,0
W003,2026-01-16 10:15:00,2460,2436.8,Shale_B,4.24,40.68,100.3,481.4,339.9,797.3,1.417,22.72,10.7,260.4,2.01,PDC_8.5,3400,3498.7,12508.0,1,0,0,0
W003,2026-01-16 10:30:00,2480,2462.6,Shale_B,4.92,38.72,101.9,487.7,338.6,798.4,1.417,22.61,11.01,265.5,1.34,PDC_8.5,3400,3303.5,12508.0,1,0,0,0
W003,2026-01-16 10:45:00,2500,2464.3,Shale_B,6.03,38.76,101.6,484.2,347.8,787.7,1.419,22.39,10.83,261.5,3.0,PDC_8.5,3400,3487.1,12508.0,1,0,0,0
W003,2026-01-16 11:00:00,2520,2500.9,Shale_B,5.03,37.38,101.2,484.4,343.0,782.2,1.411,22.19,11.2,267.8,1.34,PDC_8.5,3400,3416.0,12508.0,1,0,0,0
W003,2026-01-16 11:15:00,2540,2526.1,Shale_B,4.0,38.62,103.9,477.9,336.2,796.0,1.412,21.7,11.01,263.8,2.23,PDC_8.5,3400,3483.6,12508.0,1,0,0,0
W003,2026-01-16 11:30:00,2560,2544.7,Shale_B,4.0,38.77,104.1,476.4,329.6,810.3,1.419,21.7,11.09,262.5,1.86,PDC_8.5,3400,3501.1,12508.0,1,0,0,0
W003,2026-01-16 11:45:00,2580,2560.6,Shale_B,5.18,39.22,103.3,480.8,323.0,806.8,1.416,21.63,11.32,265.9,2.49,PDC_8.5,3400,3403.1,12508.0,1,0,0,0
W003,2026-01-16 12:00:00,2600,2590.2,Shale_B,5.92,38.17,101.6,480.9,318.2,792.1,1.419,21.64,11.28,271.7,1.93,PDC_8.5,3400,3367.8,12508.0,1,0,0,0
W003,2026-01-16 12:15:00,2620,2613.3,Shale_B,5.34,39.64,102.1,494.4,330.6,779.9,1.411,21.53,11.57,265.3,2.92,PDC_8.5,3400,3326.4,12508.0,1,0,0,0
W003,2026-01-16 12:30:00,2640,2613.7,Shale_B,3.48,41.22,104.9,513.5,357.0,780.7,1.4,21.3,11.76,264.3,0.62,PDC_8.5,3400,3348.5,12508.0,1,0,0,0
W003,2026-01-16 12:45:00,2660,2643.7,Shale_B,2.0,41.18,103.8,538.6,398.2,794.9,1.376,21.24,11.82,274.5,1.1,PDC_8.5,3400,3370.1,12508.0,1,0,0,0
W003,2026-01-16 13:00:00,2680,2647.4,Shale_B,2.0,39.53,104.9,586.6,490.1,682.1,1.32,21.58,11.44,274.0,1.65,PDC_8.5,3400,3444.1,12508.0,2,1,0,0
W003,2026-01-16 13:15:00,2700,2684.2,Shale_B,4.0,37.82,103.1,584.2,492.5,700.0,1.313,21.37,11.23,268.6,1.53,PDC_8.5,3400,3325.3,12508.0,2,0,0,0
W003,2026-01-16 13:30:00,2720,2709.6,Shale_B,4.0,37.38,106.0,591.5,498.5,700.0,1.304,21.19,11.04,272.5,2.44,PDC_8.5,3400,3342.4,12508.0,2,0,0,0
W003,2026-01-16 13:45:00,2740,2727.8,Shale_B,4.0,38.13,104.9,584.5,502.5,700.0,1.302,21.02,11.19,276.0,1.26,PDC_8.5,3400,3470.4,12508.0,2,0,0,0
W003,2026-01-16 14:00:00,2760,2728.5,Shale_B,4.0,39.04,106.1,592.3,497.0,704.9,1.304,21.44,10.92,276.7,1.92,PDC_8.5,3400,3358.0,12508.0,2,0,0,0
W003,2026-01-16 14:15:00,2780,2756.5,Shale_B,4.0,39.36,108.4,593.4,499.6,705.5,1.3,21.17,10.91,273.2,0.95,PDC_8.5,3400,3394.8,12508.0,2,0,0,0
W003,2026-01-16 14:30:00,2800,2781.4,Shale_B,4.0,39.22,106.2,600.0,507.0,711.7,1.3,21.45,11.16,278.7,0.78,PDC_8.5,3400,3363.9,12508.0,2,0,0,0
W003,2026-01-16 14:45:00,2820,2803.1,Shale_B,4.19,39.81,106.0,600.0,497.7,715.9,1.3,21.39,10.99,277.4,0.83,PDC_8.5,3400,3468.2,12508.0,2,0,0,0
W003,2026-01-16 15:00:00,2840,2800.2,Shale_B,4.0,38.23,103.9,600.0,498.3,714.9,1.3,21.54,11.28,281.1,2.07,PDC_8.5,3400,3460.2,12508.0,2,0,0,0
W003,2026-01-16 15:15:00,2860,2827.3,Shale_B,4.0,37.26,101.7,596.2,496.0,728.2,1.302,21.87,11.45,274.8,2.34,PDC_8.5,3400,3320.9,12508.0,2,0,0,0
W003,2026-01-16 15:30:00,2880,2839.2,Shale_B,4.0,39.25,100.3,592.7,504.6,713.9,1.306,22.1,11.72,284.3,2.94,PDC_8.5,3400,3428.4,12508.0,2,0,0,0
W003,2026-01-16 15:45:00,2900,2873.8,Shale_B,4.35,39.84,98.1,595.1,514.2,726.3,1.305,21.64,11.61,283.8,2.25,PDC_8.5,3400,3465.7,12508.0,2,0,0,0
W003,2026-01-16 16:00:00,2920,2902.1,Shale_B,4.17,39.72,100.7,597.4,510.4,727.1,1.3,22.11,11.5,281.2,1.39,PDC_8.5,3400,3309.2,12508.0,2,0,0,0
W003,2026-01-16 16:15:00,2940,2898.8,Shale_B,4.69,38.79,99.6,591.4,513.5,713.3,1.302,22.48,11.81,281.8,1.65,PDC_8.5,3400,3433.1,12508.0,2,0,0,0
W003,2026-01-16 16:30:00,2960,2944.8,Shale_B,5.46,37.77,99.1,596.8,521.0,705.6,1.303,22.17,11.49,287.3,2.55,PDC_8.5,3400,3434.8,12508.0,2,0,0,0
W004,2026-01-15 06:00:00,200,198.5,Alluvium_Top,15.82,44.75,119.1,280.7,331.8,857.7,1.422,23.69,7.75,155.8,0.64,PDC_6.125,200,194.6,17905.0,0,0,0,0
W004,2026-01-15 06:15:00,220,218.4,Alluvium_Top,14.66,42.95,119.5,285.8,328.3,853.2,1.424,23.46,7.37,162.3,2.06,PDC_6.125,200,204.1,17905.0,0,0,0,0
W004,2026-01-15 06:30:00,240,238.9,Alluvium_Top,15.08,41.77,118.6,279.8,320.9,858.5,1.431,23.92,7.47,157.6,0.76,PDC_6.125,200,202.9,17905.0,0,0,0,0
W004,2026-01-15 06:45:00,260,256.2,Alluvium_Top,15.36,42.9,119.8,285.2,312.0,865.9,1.438,23.71,7.58,159.8,2.89,PDC_6.125,200,200.9,17905.0,0,0,0,0
W004,2026-01-15 07:00:00,280,276.3,Alluvium_Top,14.56,43.75,117.9,281.0,311.9,878.3,1.432,23.35,7.79,162.6,2.78,PDC_6.125,200,201.0,17905.0,0,0,0,0
W004,2026-01-15 07:15:00,300,296.9,Alluvium_Top,13.92,42.38,119.0,282.5,317.0,872.6,1.431,23.26,8.18,161.4,1.24,PDC_6.125,200,201.8,17905.0,0,0,0,0
W004,2026-01-15 07:30:00,320,318.0,Alluvium_Top,13.33,44.04,117.6,288.8,309.1,877.3,1.439,22.93,8.55,163.9,2.86,PDC_6.125,200,200.8,17905.0,0,0,0,0
W004,2026-01-15 07:45:00,340,335.3,Alluvium_Top,12.58,43.25,115.2,283.1,301.2,875.0,1.445,22.57,8.25,166.7,0.99,PDC_6.125,200,197.6,17905.0,0,0,0,0
W004,2026-01-15 08:00:00,360,358.8,Alluvium_Top,13.6,44.54,114.3,285.6,301.9,880.3,1.449,22.7,8.06,161.6,1.64,PDC_6.125,200,196.0,17905.0,0,0,0,0
W004,2026-01-15 08:15:00,380,378.2,Alluvium_Top,14.4,46.51,112.3,288.7,305.4,894.7,1.459,22.89,7.85,170.1,0.77,PDC_6.125,200,200.8,17905.0,0,0,0,0
W004,2026-01-15 08:30:00,400,395.3,Shale_A,14.12,47.03,111.9,287.7,301.6,902.6,1.468,23.33,7.59,171.7,2.34,PDC_6.125,1800,1844.3,17905.0,0,0,0,0
W004,2026-01-15 08:45:00,420,415.0,Shale_A,13.56,48.68,112.7,291.2,296.7,909.2,1.459,23.21,7.69,165.4,2.56,PDC_6.125,1800,1753.3,17905.0,0,0,0,0
W004,2026-01-15 09:00:00,440,438.9,Shale_A,13.33,49.06,110.3,283.5,304.9,902.3,1.465,23.71,7.46,167.5,2.16,PDC_6.125,1800,1816.4,17905.0,0,0,0,0
W004,2026-01-15 09:15:00,460,453.6,Shale_A,13.34,50.24,108.1,291.1,314.2,892.2,1.461,23.31,7.28,173.9,1.45,PDC_6.125,1800,1844.9,17905.0,0,0,0,0
W004,2026-01-15 09:30:00,480,478.6,Shale_A,14.5,50.76,107.6,285.8,323.9,901.8,1.457,22.88,6.93,167.8,1.95,PDC_6.125,1800,1783.0,17905.0,0,0,0,0
W004,2026-01-15 09:45:00,500,495.6,Shale_A,15.32,50.54,108.9,289.5,317.4,897.6,1.46,22.45,6.82,172.8,2.99,PDC_6.125,1800,1799.6,17905.0,0,0,0,0
W004,2026-01-15 10:00:00,520,518.1,Shale_A,15.16,51.73,109.5,295.7,315.6,900.7,1.463,22.37,6.54,169.3,0.54,PDC_6.125,1800,1834.1,17905.0,0,0,0,0
W004,2026-01-15 10:15:00,540,532.0,Shale_A,14.47,52.67,108.4,295.8,308.9,914.5,1.47,22.73,6.47,176.9,0.86,PDC_6.125,1800,1771.5,17905.0,0,0,0,0
W004,2026-01-15 10:30:00,560,553.1,Shale_A,14.68,52.49,108.5,287.9,307.4,921.0,1.469,22.96,6.26,178.3,1.97,PDC_6.125,1800,1748.2,17905.0,0,0,0,0
W004,2026-01-15 10:45:00,580,578.8,Shale_A,14.99,53.81,108.0,284.0,314.7,926.1,1.468,22.95,6.02,177.4,1.4,PDC_6.125,1800,1771.6,17905.0,0,0,0,0
W004,2026-01-15 11:00:00,600,598.1,Shale_A,14.96,54.07,110.5,288.8,313.7,932.7,1.47,22.94,6.0,176.6,1.11,PDC_6.125,1800,1797.9,17905.0,0,0,0,0
W004,2026-01-15 11:15:00,620,612.0,Shale_A,16.05,54.2,111.3,289.5,306.3,929.0,1.462,23.06,6.0,180.7,1.05,PDC_6.125,1800,1782.2,17905.0,0,0,0,0
W004,2026-01-15 11:30:00,640,631.9,Shale_A,17.07,55.04,110.8,289.8,298.0,943.5,1.465,22.85,6.07,174.9,2.91,PDC_6.125,1800,1789.9,17905.0,0,0,0,0
W004,2026-01-15 11:45:00,660,656.4,Shale_A,16.46,55.91,112.5,292.6,300.3,955.3,1.457,22.68,6.0,184.6,1.47,PDC_6.125,1800,1816.0,17905.0,0,0,0,0
W004,2026-01-15 12:00:00,680,675.8,Shale_A,15.77,54.87,111.2,291.2,295.0,940.9,1.465,23.15,6.0,179.0,0.52,PDC_6.125,1800,1820.0,17905.0,0,0,0,0
W004,2026-01-15 12:15:00,700,698.1,Shale_A,14.92,53.51,112.9,293.1,285.9,944.6,1.461,23.02,6.22,184.6,1.5,PDC_6.125,1800,1835.1,17905.0,0,0,0,0
W004,2026-01-15 12:30:00,720,711.9,Shale_A,15.57,53.45,115.3,299.6,277.6,957.7,1.468,23.31,6.0,185.5,2.63,PDC_6.125,1800,1789.9,17905.0,0,0,0,0
W004,2026-01-15 12:45:00,740,737.9,Shale_A,14.49,52.05,115.5,300.8,280.5,943.2,1.477,22.85,6.0,178.4,1.92,PDC_6.125,1800,1848.8,17905.0,0,0,0,0
W004,2026-01-15 13:00:00,760,755.0,Shale_A,15.26,50.1,115.8,300.2,280.5,930.4,1.481,22.85,6.21,184.1,0.87,PDC_6.125,1800,1817.9,17905.0,0,0,0,0
W004,2026-01-15 13:15:00,780,773.4,Shale_A,16.15,50.55,113.7,307.6,280.9,917.6,1.484,22.6,6.45,188.3,2.95,PDC_6.125,1800,1764.6,17905.0,0,0,0,0
W004,2026-01-15 13:30:00,800,797.1,Shale_A,16.76,49.08,114.0,308.3,272.7,915.1,1.491,22.96,6.13,181.9,1.16,PDC_6.125,1800,1795.1,17905.0,0,0,0,0
W004,2026-01-15 13:45:00,820,816.9,Shale_A,17.29,47.48,114.7,306.0,278.5,907.1,1.494,22.7,6.3,190.6,0.82,PDC_6.125,1800,1759.9,17905.0,0,0,0,0
W004,2026-01-15 14:00:00,840,833.2,Shale_A,16.4,47.19,112.7,309.2,283.7,895.3,1.494,23.01,6.65,187.9,2.88,PDC_6.125,1800,1810.1,17905.0,0,0,0,0
W004,2026-01-15 14:15:00,860,856.0,Shale_A,17.24,47.16,112.5,309.0,290.6,905.3,1.492,22.84,6.64,189.4,1.1,PDC_6.125,1800,1788.6,17905.0,0,0,0,0
W004,2026-01-15 14:30:00,880,873.1,Shale_A,16.84,45.59,110.9,316.2,286.7,895.4,1.491,22.65,6.27,187.8,1.86,PDC_6.125,1800,1798.5,17905.0,0,0,0,0
W004,2026-01-15 14:45:00,900,895.6,Shale_A,16.71,47.45,110.2,312.3,281.6,894.1,1.496,22.36,6.44,185.7,1.55,PDC_6.125,1800,1784.5,17905.0,0,0,0,0
W004,2026-01-15 15:00:00,920,907.7,Shale_A,16.86,46.27,111.7,305.1,288.7,885.0,1.503,22.21,6.62,189.6,2.76,PDC_6.125,1800,1782.6,17905.0,0,0,0,0
W004,2026-01-15 15:15:00,940,938.0,Shale_A,16.84,44.6,109.9,312.2,298.2,881.3,1.511,22.25,6.44,194.3,2.15,PDC_6.125,1800,1765.3,17905.0,0,0,0,0
W004,2026-01-15 15:30:00,960,950.3,Shale_A,17.25,42.81,107.6,304.3,308.2,890.4,1.517,22.26,6.28,189.7,1.21,PDC_6.125,1800,1774.6,17905.0,0,0,0,0
W004,2026-01-15 15:45:00,980,976.5,Shale_A,17.35,41.12,104.7,297.9,306.4,903.4,1.52,22.56,6.25,192.7,0.77,PDC_6.125,1800,1827.7,17905.0,0,0,0,0
W004,2026-01-15 16:00:00,1000,994.7,Shale_A,16.55,41.17,104.6,299.9,315.3,905.8,1.521,22.11,6.0,191.9,0.58,PDC_6.125,1800,1830.6,17905.0,0,0,0,0
W004,2026-01-15 16:15:00,1020,1006.6,Shale_A,15.68,42.51,102.5,296.7,310.3,902.0,1.516,22.1,6.0,200.8,0.64,PDC_6.125,1800,1824.1,17905.0,0,0,0,0
W004,2026-01-15 16:30:00,1040,1026.0,Shale_A,15.98,40.73,104.5,296.9,310.8,903.8,1.509,21.8,6.0,197.7,1.03,PDC_6.125,1800,1751.7,17905.0,0,0,0,0
W004,2026-01-15 16:45:00,1060,1046.2,Shale_A,14.83,41.94,106.2,293.7,303.5,893.2,1.513,21.94,6.23,202.1,2.23,PDC_6.125,1800,1850.8,17905.0,0,0,0,0
W004,2026-01-15 17:00:00,1080,1069.4,Shale_A,15.65,40.78,103.6,297.0,301.6,905.8,1.516,21.53,6.59,196.2,1.34,PDC_6.125,1800,1772.3,17905.0,0,0,0,0
W004,2026-01-15 17:15:00,1100,1093.6,Shale_A,15.64,39.27,103.0,294.6,307.1,914.9,1.509,21.4,6.49,196.0,2.5,PDC_6.125,1800,1751.5,17905.0,0,0,0,0
W004,2026-01-15 17:30:00,1120,1108.7,Shale_A,15.32,37.69,103.8,288.5,316.8,923.3,1.507,21.48,6.82,200.9,0.94,PDC_6.125,1800,1766.6,17905.0,0,0,0,0
W004,2026-01-15 17:45:00,1140,1134.7,Shale_A,15.67,38.29,106.0,294.8,325.2,911.1,1.508,21.72,7.03,202.4,0.92,PDC_6.125,1800,1837.1,17905.0,0,0,0,0
W004,2026-01-15 18:00:00,1160,1144.4,Shale_A,14.68,38.15,104.0,292.2,315.6,908.1,1.509,21.84,7.16,205.6,1.04,PDC_6.125,1800,1823.8,17905.0,0,0,0,0
W004,2026-01-15 18:15:00,1180,1170.7,Shale_A,13.86,40.05,106.1,292.2,325.2,896.0,1.505,21.98,7.04,207.4,0.66,PDC_6.125,1800,1838.0,17905.0,0,0,0,0
W004,2026-01-15 18:30:00,1200,1195.5,Shale_A,14.23,39.07,105.3,297.7,319.1,905.8,1.506,22.24,7.21,201.1,1.92,PDC_6.125,1800,1809.8,17905.0,0,0,0,0
W004,2026-01-15 18:45:00,1220,1206.6,Shale_A,15.35,38.88,103.2,295.9,328.1,900.4,1.513,22.62,7.09,200.7,2.31,PDC_6.125,1800,1792.7,17905.0,0,0,0,0
W004,2026-01-15 19:00:00,1240,1232.2,Shale_A,15.21,38.82,104.9,294.0,327.0,896.7,1.51,22.65,7.34,204.4,1.81,PDC_6.125,1800,1830.6,17905.0,0,0,0,0
W004,2026-01-15 19:15:00,1260,1244.3,Shale_A,14.68,40.55,106.2,295.2,330.0,882.6,1.512,22.66,7.38,205.3,0.7,PDC_6.125,1800,1775.1,17905.0,0,0,0,0
W004,2026-01-15 19:30:00,1280,1268.5,Shale_A,14.46,40.42,103.5,287.8,334.3,883.7,1.512,22.4,7.58,204.3,0.97,PDC_6.125,1800,1848.7,17905.0,0,0,0,0
W004,2026-01-15 19:45:00,1300,1289.3,Shale_A,13.85,41.0,104.4,293.0,332.7,870.9,1.507,22.88,7.66,210.6,0.52,PDC_6.125,1800,1776.9,17905.0,0,0,0,0
W004,2026-01-15 20:00:00,1320,1308.0,Shale_A,14.02,42.68,107.2,293.6,331.9,884.3,1.51,22.44,7.63,206.8,1.67,PDC_6.125,1800,1750.1,17905.0,0,0,0,0
W004,2026-01-15 20:15:00,1340,1334.3,Shale_A,13.68,41.34,107.2,298.9,335.2,879.5,1.519,22.85,7.4,205.7,2.35,PDC_6.125,1800,1808.9,17905.0,0,0,0,0
W004,2026-01-15 20:30:00,1360,1341.2,Shale_A,14.62,41.74,107.4,291.3,330.1,878.3,1.522,22.91,7.59,209.0,1.91,PDC_6.125,1800,1850.5,17905.0,0,0,0,0
W004,2026-01-15 20:45:00,1380,1375.0,Shale_A,15.22,42.51,110.3,287.7,330.1,873.2,1.521,23.27,7.74,215.9,1.01,PDC_6.125,1800,1790.7,17905.0,0,0,0,0
W004,2026-01-15 21:00:00,1400,1386.0,Shale_A,16.15,41.83,109.2,287.9,338.9,859.6,1.518,23.63,7.66,210.0,1.56,PDC_6.125,1800,1752.5,17905.0,0,0,0,0
W004,2026-01-15 21:15:00,1420,1409.6,Shale_A,16.78,41.85,112.1,287.3,330.1,852.5,1.517,23.29,8.02,216.6,1.17,PDC_6.125,1800,1844.9,17905.0,0,0,0,0
W004,2026-01-15 21:30:00,1440,1431.9,Shale_A,17.84,43.38,112.2,291.7,331.3,854.1,1.509,22.92,8.04,212.5,0.55,PDC_6.125,1800,1823.9,17905.0,0,0,0,0
W004,2026-01-15 21:45:00,1460,1441.7,Shale_A,18.07,43.54,115.0,291.4,322.6,855.7,1.516,23.42,7.98,213.9,2.77,PDC_6.125,1800,1749.5,17905.0,0,0,0,0
W004,2026-01-15 22:00:00,1480,1475.8,Shale_A,17.84,41.7,114.1,287.6,326.3,869.2,1.511,23.73,7.62,217.0,0.68,PDC_6.125,1800,1812.5,17905.0,0,0,0,0
W004,2026-01-15 22:15:00,1500,1486.9,Shale_A,18.22,43.0,115.0,295.1,330.6,881.9,1.511,23.35,7.64,213.8,1.98,PDC_6.125,1800,1828.8,17905.0,0,0,0,0
W004,2026-01-15 22:30:00,1520,1516.3,Shale_A,17.04,41.78,114.9,302.3,328.3,879.6,1.515,23.45,7.48,217.5,1.04,PDC_6.125,1800,1813.2,17905.0,0,0,0,0
W004,2026-01-15 22:45:00,1540,1535.2,Shale_A,16.73,39.88,113.2,306.8,322.3,867.0,1.514,22.96,7.15,222.4,2.43,PDC_6.125,1800,1760.1,17905.0,0,0,0,0
W004,2026-01-15 23:00:00,1560,1541.2,Shale_A,17.17,38.09,114.9,312.3,328.3,867.3,1.509,23.31,7.33,225.0,0.89,PDC_6.125,1800,1838.3,17905.0,0,0,0,0
W004,2026-01-15 23:15:00,1580,1556.5,Shale_A,17.87,36.84,112.3,320.3,318.8,877.4,1.506,23.65,7.37,225.1,2.82,PDC_6.125,1800,1768.9,17905.0,0,0,0,0
W004,2026-01-15 23:30:00,1600,1587.6,Limestone_B,17.27,37.52,114.6,319.7,320.9,868.1,1.512,24.12,7.18,221.9,0.72,PDC_6.125,2600,2533.8,17905.0,0,0,0,0
W004,2026-01-15 23:45:00,1620,1615.8,Limestone_B,16.42,37.29,113.6,320.0,322.6,853.4,1.517,24.33,7.07,218.4,2.39,PDC_6.125,2600,2600.4,17905.0,0,0,0,0
W004,2026-01-16 00:00:00,1640,1617.1,Limestone_B,16.0,36.03,114.1,314.5,319.7,859.3,1.518,24.22,7.01,224.4,0.51,PDC_6.125,2600,2559.5,17905.0,0,0,0,0
W004,2026-01-16 00:15:00,1660,1644.0,Limestone_B,14.99,36.86,116.6,310.8,317.1,861.4,1.526,24.66,7.2,220.6,2.17,PDC_6.125,2600,2659.5,17905.0,0,0,0,0
W004,2026-01-16 00:30:00,1680,1674.9,Limestone_B,13.91,35.62,118.3,310.1,313.1,857.9,1.533,24.91,7.02,221.8,1.13,PDC_6.125,2600,2595.4,17905.0,0,0,0,0
W004,2026-01-16 00:45:00,1700,1691.4,Limestone_B,13.99,36.01,117.5,315.0,313.6,846.4,1.526,24.95,7.37,224.6,2.67,PDC_6.125,2600,2612.7,17905.0,0,0,0,0
W004,2026-01-16 01:00:00,1720,1712.5,Limestone_B,12.88,34.42,118.9,310.2,311.0,846.5,1.531,24.56,7.3,227.3,1.85,PDC_6.125,2600,2560.7,17905.0,0,0,0,0
W004,2026-01-16 01:15:00,1740,1727.2,Limestone_B,13.62,35.19,119.2,313.4,309.2,835.7,1.534,24.58,7.41,226.7,2.77,PDC_6.125,2600,2548.8,17905.0,0,0,0,0
W004,2026-01-16 01:30:00,1760,1735.6,Limestone_B,13.5,36.22,121.0,313.3,317.1,828.7,1.532,24.98,7.73,231.1,2.65,PDC_6.125,2600,2535.3,17905.0,0,0,0,0
W004,2026-01-16 01:45:00,1780,1770.6,Limestone_B,13.07,34.93,119.4,312.0,312.1,823.3,1.525,24.78,7.79,229.5,1.37,PDC_6.125,2600,2656.9,17905.0,0,0,0,0
W004,2026-01-16 02:00:00,1800,1787.8,Limestone_B,13.69,34.26,120.9,306.4,304.7,818.7,1.531,24.53,7.44,227.3,2.65,PDC_6.125,2600,2661.4,17905.0,0,0,0,0
W004,2026-01-16 02:15:00,1820,1794.4,Limestone_B,13.82,34.37,121.8,302.1,312.0,813.0,1.535,24.05,7.34,230.4,1.86,PDC_6.125,2600,2561.5,17905.0,0,0,0,0
W004,2026-01-16 02:30:00,1840,1821.5,Limestone_B,13.14,35.08,123.6,303.1,316.8,817.9,1.532,24.36,7.18,233.5,2.36,PDC_6.125,2600,2645.3,17905.0,0,0,0,0
W004,2026-01-16 02:45:00,1860,1842.1,Limestone_B,13.04,36.35,126.2,303.8,320.0,830.0,1.524,24.09,7.35,236.9,2.64,PDC_6.125,2600,2569.2,17905.0,0,0,0,0
W004,2026-01-16 03:00:00,1880,1875.3,Limestone_B,12.89,35.27,124.9,308.2,311.5,839.8,1.523,24.19,7.02,233.0,0.72,PDC_6.125,2600,2535.9,17905.0,0,0,0,0
W004,2026-01-16 03:15:00,1900,1874.3,Limestone_B,12.79,34.16,127.5,305.7,304.7,841.7,1.532,23.69,6.81,239.9,0.93,PDC_6.125,2600,2647.9,17905.0,0,0,0,0
W004,2026-01-16 03:30:00,1920,1891.2,Limestone_B,13.66,34.07,130.5,308.6,296.2,856.5,1.53,23.48,6.86,234.4,0.72,PDC_6.125,2600,2610.9,17905.0,0,0,0,0
W004,2026-01-16 03:45:00,1940,1916.8,Limestone_B,14.47,34.36,133.5,305.2,291.8,846.3,1.523,23.27,7.09,241.4,2.94,PDC_6.125,2600,2592.1,17905.0,0,0,0,0
W004,2026-01-16 04:00:00,1960,1939.6,Limestone_B,14.06,32.81,135.7,307.4,285.1,844.2,1.519,23.51,7.05,243.1,0.64,PDC_6.125,2600,2659.5,17905.0,0,0,0,0
W004,2026-01-16 04:15:00,1980,1958.5,Limestone_B,14.07,32.07,137.1,313.4,293.9,853.4,1.526,23.56,7.31,237.1,1.5,PDC_6.125,2600,2597.2,17905.0,0,0,0,0
W004,2026-01-16 04:30:00,2000,1989.2,Limestone_B,13.56,33.92,136.0,307.0,294.4,840.1,1.518,23.28,7.28,239.3,2.5,PDC_6.125,2600,2594.9,17905.0,0,0,0,0
W004,2026-01-16 04:45:00,2020,2008.3,Limestone_B,13.16,33.19,137.6,299.8,284.7,849.0,1.518,22.91,7.07,245.2,2.65,PDC_6.125,2600,2588.5,17905.0,0,0,0,0
W004,2026-01-16 05:00:00,2040,2023.0,Limestone_B,13.21,35.09,140.4,295.2,290.9,839.9,1.512,23.09,6.99,246.1,0.72,PDC_6.125,2600,2597.2,17905.0,0,0,0,0
W004,2026-01-16 05:15:00,2060,2034.3,Limestone_B,14.18,33.72,139.6,297.1,284.1,853.9,1.52,22.76,6.69,238.6,2.77,PDC_6.125,2600,2665.3,17905.0,0,0,0,0
W004,2026-01-16 05:30:00,2080,2073.4,Limestone_B,14.06,34.12,137.0,292.7,292.7,866.2,1.526,22.28,6.55,244.9,1.19,PDC_6.125,2600,2586.9,17905.0,0,0,0,0
W004,2026-01-16 05:45:00,2100,2070.8,Limestone_B,13.03,35.76,139.7,285.9,293.3,860.3,1.524,21.96,6.61,249.1,1.76,PDC_6.125,2600,2620.9,17905.0,0,0,0,0
W004,2026-01-16 06:00:00,2120,2114.2,Limestone_B,12.65,37.18,139.3,281.0,287.1,868.4,1.519,22.23,6.37,243.6,1.66,PDC_6.125,2600,2618.7,17905.0,0,0,0,0
W004,2026-01-16 06:15:00,2140,2108.0,Limestone_B,11.95,36.61,137.2,281.2,286.3,880.4,1.528,22.11,6.36,250.3,2.52,PDC_6.125,2600,2667.4,17905.0,0,0,0,0
W004,2026-01-16 06:30:00,2160,2139.3,Limestone_B,11.76,35.53,135.4,273.8,289.2,873.3,1.519,21.84,6.6,250.7,1.71,PDC_6.125,2600,2571.9,17905.0,0,0,0,0
W004,2026-01-16 06:45:00,2180,2163.3,Limestone_B,11.04,34.39,134.2,268.6,286.8,885.6,1.521,21.75,6.95,243.6,1.03,PDC_6.125,2600,2674.5,17905.0,0,0,0,0
W004,2026-01-16 07:00:00,2200,2176.1,Limestone_B,9.93,34.0,135.1,271.8,289.6,880.2,1.513,21.68,6.65,253.5,1.69,PDC_6.125,2600,2618.0,17905.0,0,0,0,0
W004,2026-01-16 07:15:00,2220,2187.3,Limestone_B,9.93,33.24,137.0,277.7,293.1,866.6,1.514,21.94,6.36,247.2,2.71,PDC_6.125,2600,2641.5,17905.0,0,0,0,0
W004,2026-01-16 07:30:00,2240,2234.2,Limestone_B,9.87,33.03,134.0,282.8,290.3,867.8,1.518,22.14,6.72,251.1,1.5,PDC_6.125,2600,2639.4,17905.0,0,0,0,0
W004,2026-01-16 07:45:00,2260,2238.9,Limestone_B,9.39,31.54,136.1,280.6,293.5,866.9,1.512,22.24,6.37,250.8,1.87,PDC_6.125,2600,2622.2,17905.0,0,0,0,0
W004,2026-01-16 08:00:00,2280,2250.5,Limestone_B,10.18,32.62,133.3,275.7,294.2,879.9,1.519,22.58,6.21,251.9,1.68,PDC_6.125,2600,2638.8,17905.0,0,0,0,0
W004,2026-01-16 08:15:00,2300,2271.1,Limestone_B,11.25,31.58,131.7,269.0,302.8,882.3,1.522,22.99,6.09,254.7,0.6,PDC_6.125,2600,2526.8,17905.0,0,0,0,0
W004,2026-01-16 08:30:00,2320,2300.4,Limestone_B,11.89,30.98,131.0,269.5,292.8,874.5,1.516,22.74,6.33,252.2,0.98,PDC_6.125,2600,2651.7,17905.0,0,0,0,0
W004,2026-01-16 08:45:00,2340,2334.8,Limestone_B,11.27,29.29,130.1,273.5,293.8,884.0,1.525,23.03,6.41,255.2,0.6,PDC_6.125,2600,2657.0,17905.0,0,0,0,0
W004,2026-01-16 09:00:00,2360,2348.7,Limestone_B,10.44,29.96,128.8,274.9,295.5,882.4,1.532,22.79,6.37,256.6,2.16,PDC_6.125,2600,2581.8,17905.0,0,0,0,0
W004,2026-01-16 09:15:00,2380,2359.3,Limestone_B,10.79,28.56,131.4,273.0,300.1,868.0,1.526,22.78,6.67,257.4,2.82,PDC_6.125,2600,2583.6,17905.0,0,0,0,0
W004,2026-01-16 09:30:00,2400,2365.1,Shale_B,9.13,29.77,129.9,289.4,323.3,881.3,1.519,22.96,6.89,254.3,2.0,PDC_6.125,3400,3398.1,17905.0,0,0,0,0
W004,2026-01-16 09:45:00,2420,2406.9,Shale_B,6.8,28.5,129.1,308.3,355.8,868.5,1.504,22.64,6.95,260.3,1.89,PDC_6.125,3400,3399.5,17905.0,0,0,0,0
W004,2026-01-16 10:00:00,2440,2425.3,Shale_B,5.19,28.23,129.0,340.7,391.2,873.1,1.484,22.45,6.62,255.7,2.81,PDC_6.125,3400,3366.5,17905.0,0,0,0,0
W004,2026-01-16 10:15:00,2460,2425.2,Shale_B,2.0,28.6,131.0,388.4,475.9,764.8,1.424,22.15,6.99,261.8,1.15,PDC_6.125,3400,3323.9,17905.0,1,1,0,0
W004,2026-01-16 10:30:00,2480,2465.1,Shale_B,4.0,30.13,130.5,391.9,484.3,762.0,1.418,22.17,7.32,264.6,0.66,PDC_6.125,3400,3303.8,17905.0,1,0,0,0
W004,2026-01-16 10:45:00,2500,2477.5,Shale_B,4.98,28.62,130.7,398.0,482.5,761.5,1.409,21.95,7.18,267.0,1.21,PDC_6.125,3400,3414.7,17905.0,1,0,0,0
W004,2026-01-16 11:00:00,2520,2512.8,Shale_B,4.17,28.57,132.1,403.9,485.0,766.6,1.402,22.4,6.89,266.1,1.16,PDC_6.125,3400,3434.9,17905.0,1,0,0,0
W004,2026-01-16 11:15:00,2540,2517.1,Shale_B,4.78,27.45,131.8,405.8,490.4,754.7,1.411,22.79,6.71,267.5,1.8,PDC_6.125,3400,3444.9,17905.0,1,0,0,0
W004,2026-01-16 11:30:00,2560,2537.7,Shale_B,4.97,28.37,131.3,407.9,494.4,761.0,1.402,23.15,6.68,262.8,1.1,PDC_6.125,3400,3362.1,17905.0,1,0,0,0
W004,2026-01-16 11:45:00,2580,2567.2,Shale_B,4.68,29.37,128.9,407.5,504.2,769.1,1.396,23.15,6.47,265.2,2.45,PDC_6.125,3400,3478.9,17905.0,1,0,0,0
W004,2026-01-16 12:00:00,2600,2565.4,Shale_B,5.69,29.74,128.2,407.5,506.3,770.9,1.396,23.15,6.21,270.1,1.85,PDC_6.125,3400,3344.5,17905.0,1,0,0,0
W004,2026-01-16 12:15:00,2620,2607.8,Shale_B,6.73,31.53,127.4,401.7,506.7,759.3,1.405,22.83,6.01,267.0,1.46,PDC_6.125,3400,3454.3,17905.0,1,0,0,0
W004,2026-01-16 12:30:00,2640,2604.9,Shale_B,5.94,30.6,127.5,396.1,508.9,761.3,1.409,23.27,6.34,273.3,1.11,PDC_6.125,3400,3391.1,17905.0,1,0,0,0
W004,2026-01-16 12:45:00,2660,2636.5,Shale_B,6.89,32.49,129.7,389.9,517.8,759.0,1.399,23.21,6.0,270.1,1.35,PDC_6.125,3400,3359.7,17905.0,1,0,0,0
W004,2026-01-16 13:00:00,2680,2645.5,Shale_B,7.78,33.14,129.3,395.0,525.9,747.6,1.4,22.99,6.0,272.3,2.66,PDC_6.125,3400,3423.1,17905.0,1,0,0,0
W004,2026-01-16 13:15:00,2700,2666.2,Shale_B,8.63,34.8,127.9,401.5,522.3,749.2,1.391,22.53,6.18,270.9,1.14,PDC_6.125,3400,3463.7,17905.0,1,0,0,0
W004,2026-01-16 13:30:00,2720,2694.4,Shale_B,7.43,36.02,125.4,396.6,520.0,748.7,1.388,22.35,6.55,273.8,0.56,PDC_6.125,3400,3434.7,17905.0,1,0,0,0
W004,2026-01-16 13:45:00,2740,2709.0,Shale_B,6.95,34.4,127.0,398.3,521.4,735.3,1.381,22.47,6.32,273.3,1.86,PDC_6.125,3400,3476.5,17905.0,1,0,0,0
W004,2026-01-16 14:00:00,2760,2723.2,Shale_B,7.77,35.29,124.5,392.0,521.3,725.1,1.391,22.13,6.31,272.8,2.1,PDC_6.125,3400,3491.5,17905.0,1,0,0,0
W004,2026-01-16 14:15:00,2780,2751.4,Shale_B,7.23,36.84,121.7,398.6,528.0,719.0,1.397,21.66,6.68,275.4,1.26,PDC_6.125,3400,3385.8,17905.0,1,0,0,0
W004,2026-01-16 14:30:00,2800,2765.8,Shale_B,8.4,35.0,122.6,397.7,537.0,711.4,1.398,21.64,6.84,271.7,0.98,PDC_6.125,3400,3311.5,17905.0,1,0,0,0
W004,2026-01-16 14:45:00,2820,2797.3,Shale_B,7.65,35.29,120.9,403.5,545.8,712.0,1.395,21.37,6.48,274.6,2.14,PDC_6.125,3400,3448.6,17905.0,1,0,0,0
W004,2026-01-16 15:00:00,2840,2815.7,Shale_B,7.4,36.07,120.8,403.7,541.2,710.6,1.394,21.58,6.83,276.1,0.61,PDC_6.125,3400,3490.6,17905.0,1,0,0,0
W004,2026-01-16 15:15:00,2860,2831.0,Shale_B,6.6,37.11,123.7,410.8,535.1,721.9,1.398,21.53,6.86,282.2,1.7,PDC_6.125,3400,3409.1,17905.0,1,0,0,0
W004,2026-01-16 15:30:00,2880,2858.8,Shale_B,6.79,35.87,126.1,413.6,537.8,709.9,1.4,21.15,6.52,279.9,1.51,PDC_6.125,3400,3398.6,17905.0,1,0,0,0
W004,2026-01-16 15:45:00,2900,2857.4,Shale_B,6.62,34.57,129.0,414.6,541.5,704.7,1.392,21.63,6.35,279.7,2.12,PDC_6.125,3400,3316.2,17905.0,1,0,0,0
W004,2026-01-16 16:00:00,2920,2890.0,Shale_B,6.71,33.68,126.4,409.2,549.4,710.3,1.387,21.2,6.5,282.1,1.51,PDC_6.125,3400,3463.3,17905.0,1,0,0,0
W004,2026-01-16 16:15:00,2940,2902.8,Shale_B,7.12,35.56,124.5,410.8,547.9,708.7,1.382,21.53,6.49,282.7,1.26,PDC_6.125,3400,3342.2,17905.0,1,0,0,0
W004,2026-01-16 16:30:00,2960,2926.6,Shale_B,7.63,34.34,125.6,409.0,546.2,707.8,1.379,21.13,6.34,284.8,2.16,PDC_6.125,3400,3315.5,17905.0,1,0,0,0
W004,2026-01-16 16:45:00,2980,2960.3,Shale_B,6.89,33.18,122.7,415.3,540.4,700.0,1.375,20.76,6.45,279.9,0.84,PDC_6.125,3400,3391.9,17905.0,1,0,0,0
W004,2026-01-16 17:00:00,3000,2978.7,Sandstone_C,7.39,33.41,121.2,417.7,532.7,701.1,1.374,20.53,6.53,288.7,3.0,PDC_6.125,4300,4258.6,17905.0,1,0,0,0
W004,2026-01-16 17:15:00,3020,2987.8,Sandstone_C,6.73,32.44,121.1,415.6,541.0,700.0,1.371,20.41,6.8,287.4,2.04,PDC_6.125,4300,4275.4,17905.0,1,0,0,0
W004,2026-01-16 17:30:00,3040,3011.8,Sandstone_C,5.62,33.92,121.2,414.0,540.9,705.0,1.361,20.78,6.76,285.2,0.85,PDC_6.125,4300,4382.0,17905.0,1,0,0,0
W004,2026-01-16 17:45:00,3060,3017.2,Sandstone_C,5.39,34.63,120.7,421.4,542.9,714.2,1.353,20.68,6.63,288.4,2.65,PDC_6.125,4300,4299.1,17905.0,1,0,0,0
W004,2026-01-16 18:00:00,3080,3058.1,Sandstone_C,6.23,33.48,121.7,422.1,549.6,703.0,1.346,20.74,6.99,287.7,1.32,PDC_6.125,4300,4189.7,17905.0,1,0,0,0
W004,2026-01-16 18:15:00,3100,3073.9,Sandstone_C,8.29,35.46,118.8,415.9,567.5,727.6,1.337,20.48,7.22,285.1,1.42,PDC_6.125,4300,4411.1,17905.0,1,0,0,0
W004,2026-01-16 18:30:00,3120,3107.3,Sandstone_C,11.34,34.88,119.5,417.3,585.0,761.8,1.322,20.06,6.92,287.6,1.75,PDC_6.125,4300,4315.6,17905.0,1,0,0,0
W004,2026-01-16 18:45:00,3140,3103.2,Sandstone_C,15.78,34.28,118.9,415.6,602.5,793.6,1.309,20.55,6.65,286.8,2.45,PDC_6.125,4300,4351.9,17905.0,1,0,0,0
W004,2026-01-16 19:00:00,3160,3142.8,Sandstone_C,24.27,36.06,118.4,418.2,680.0,907.5,1.268,20.24,6.66,292.5,2.53,PDC_6.125,4300,4385.0,17905.0,2,0,0,1
W004,2026-01-16 19:15:00,3180,3163.2,Sandstone_C,23.34,36.94,118.4,424.5,550.0,894.2,1.3,19.78,6.55,293.5,0.87,PDC_6.125,4300,4342.3,17905.0,2,0,0,0
W005,2026-01-15 06:00:00,200,198.1,Alluvium_Top,14.2,45.32,121.3,286.7,344.1,855.2,1.418,23.5,7.7,159.3,2.19,TriCone_8.5,200,194.1,10264.0,0,0,0,0
W005,2026-01-15 06:15:00,220,217.5,Alluvium_Top,14.25,43.62,119.5,292.1,348.6,867.0,1.41,23.99,7.47,155.0,2.99,TriCone_8.5,200,202.8,10264.0,0,0,0,0
W005,2026-01-15 06:30:00,240,239.2,Alluvium_Top,13.47,43.94,121.9,289.2,352.0,857.6,1.412,23.83,7.24,158.9,0.95,TriCone_8.5,200,202.0,10264.0,0,0,0,0
W005,2026-01-15 06:45:00,260,258.3,Alluvium_Top,12.86,43.73,120.8,293.1,361.4,855.7,1.419,23.9,6.97,163.6,1.78,TriCone_8.5,200,198.8,10264.0,0,0,0,0
W005,2026-01-15 07:00:00,280,276.0,Alluvium_Top,12.72,45.33,122.3,292.9,363.5,850.5,1.429,24.07,6.61,160.9,2.06,TriCone_8.5,200,204.7,10264.0,0,0,0,0
W005,2026-01-15 07:15:00,300,296.1,Alluvium_Top,12.6,44.66,121.9,289.1,356.8,856.2,1.429,23.77,6.47,164.4,0.68,TriCone_8.5,200,194.3,10264.0,0,0,0,0
W005,2026-01-15 07:30:00,320,316.7,Alluvium_Top,13.35,45.67,123.4,292.6,360.2,855.5,1.432,23.31,6.57,167.2,1.75,TriCone_8.5,200,194.9,10264.0,0,0,0,0
W005,2026-01-15 07:45:00,340,339.2,Alluvium_Top,13.69,46.44,125.6,290.1,365.6,857.3,1.44,23.34,6.58,166.1,2.37,TriCone_8.5,200,197.3,10264.0,0,0,0,0
W005,2026-01-15 08:00:00,360,354.9,Alluvium_Top,12.62,48.19,125.8,291.9,365.2,845.1,1.445,23.59,6.43,164.3,2.59,TriCone_8.5,200,194.9,10264.0,0,0,0,0
W005,2026-01-15 08:15:00,380,376.1,Alluvium_Top,12.04,48.56,128.4,294.7,363.5,850.8,1.442,23.37,6.83,169.6,2.11,TriCone_8.5,200,204.6,10264.0,0,0,0,0
W005,2026-01-15 08:30:00,400,395.2,Shale_A,10.91,48.78,130.0,295.3,370.3,836.8,1.439,23.11,6.79,163.7,2.89,TriCone_8.5,1800,1751.3,10264.0,0,0,0,0
W005,2026-01-15 08:45:00,420,416.7,Shale_A,10.73,50.72,130.3,302.2,360.4,844.2,1.447,22.75,6.47,168.1,2.83,TriCone_8.5,1800,1845.6,10264.0,0,0,0,0
W005,2026-01-15 09:00:00,440,437.6,Shale_A,9.87,48.72,132.2,295.6,363.1,856.6,1.441,22.92,6.13,170.8,0.91,TriCone_8.5,1800,1803.0,10264.0,0,0,0,0
W005,2026-01-15 09:15:00,460,457.6,Shale_A,9.78,49.12,130.2,299.5,359.2,861.5,1.434,23.11,6.0,170.0,1.12,TriCone_8.5,1800,1778.5,10264.0,0,0,0,0
W005,2026-01-15 09:30:00,480,473.4,Shale_A,10.7,50.69,128.4,301.3,351.0,858.2,1.438,23.27,6.1,169.4,1.45,TriCone_8.5,1800,1774.3,10264.0,0,0,0,0
W005,2026-01-15 09:45:00,500,492.7,Shale_A,10.71,51.53,126.9,298.5,347.7,844.0,1.435,23.57,6.42,172.7,1.64,TriCone_8.5,1800,1823.7,10264.0,0,0,0,0
W005,2026-01-15 10:00:00,520,517.1,Shale_A,9.54,53.31,126.8,296.0,356.2,829.7,1.437,23.62,6.2,172.7,2.13,TriCone_8.5,1800,1841.0,10264.0,0,0,0,0
W005,2026-01-15 10:15:00,540,537.9,Shale_A,10.59,51.97,125.2,292.2,347.0,818.4,1.447,23.44,6.0,170.4,2.3,TriCone_8.5,1800,1746.1,10264.0,0,0,0,0
W005,2026-01-15 10:30:00,560,554.2,Shale_A,9.44,50.86,122.5,285.9,345.6,810.3,1.447,23.19,6.35,179.3,1.92,TriCone_8.5,1800,1773.8,10264.0,0,0,0,0
W005,2026-01-15 10:45:00,580,577.9,Shale_A,9.23,51.77,122.2,291.6,354.5,805.4,1.448,22.79,6.11,175.2,1.02,TriCone_8.5,1800,1787.2,10264.0,0,0,0,0
W005,2026-01-15 11:00:00,600,597.5,Shale_A,9.12,52.19,123.4,289.7,361.9,807.4,1.447,22.36,6.08,180.2,2.04,TriCone_8.5,1800,1763.1,10264.0,0,0,0,0
W005,2026-01-15 11:15:00,620,612.3,Shale_A,8.2,50.24,122.2,292.9,367.7,801.3,1.447,22.28,6.01,175.2,0.84,TriCone_8.5,1800,1799.4,10264.0,0,0,0,0
W005,2026-01-15 11:30:00,640,638.2,Shale_A,7.48,48.28,123.0,290.0,377.2,792.1,1.444,22.14,6.0,182.2,0.58,TriCone_8.5,1800,1752.0,10264.0,0,0,0,0
W005,2026-01-15 11:45:00,660,657.2,Shale_A,7.57,48.45,123.9,288.2,380.1,778.4,1.435,22.1,6.04,183.6,0.76,TriCone_8.5,1800,1842.3,10264.0,0,0,0,0
W005,2026-01-15 12:00:00,680,672.1,Shale_A,7.32,47.72,123.3,282.6,380.2,787.4,1.434,22.09,6.32,182.7,1.73,TriCone_8.5,1800,1768.7,10264.0,0,0,0,0
W005,2026-01-15 12:15:00,700,693.3,Shale_A,7.5,46.6,121.9,287.5,371.1,802.2,1.427,22.39,6.24,181.4,2.7,TriCone_8.5,1800,1841.6,10264.0,0,0,0,0
W005,2026-01-15 12:30:00,720,718.0,Shale_A,6.42,44.61,120.4,290.4,363.5,790.6,1.425,22.54,6.41,179.2,0.7,TriCone_8.5,1800,1804.0,10264.0,0,0,0,0
W005,2026-01-15 12:45:00,740,734.5,Shale_A,7.27,46.06,122.0,285.1,369.9,798.7,1.427,22.38,6.22,179.5,1.77,TriCone_8.5,1800,1774.2,10264.0,0,0,0,0
W005,2026-01-15 13:00:00,760,758.0,Shale_A,7.21,45.51,122.8,291.5,363.2,795.1,1.42,22.5,6.4,188.5,1.2,TriCone_8.5,1800,1784.8,10264.0,0,0,0,0
W005,2026-01-15 13:15:00,780,773.1,Shale_A,7.46,43.74,125.2,292.0,366.6,805.0,1.413,22.04,6.7,183.2,0.82,TriCone_8.5,1800,1752.8,10264.0,0,0,0,0
W005,2026-01-15 13:30:00,800,797.6,Shale_A,6.33,42.84,122.4,290.7,374.5,819.5,1.416,21.7,7.02,186.2,0.88,TriCone_8.5,1800,1810.6,10264.0,0,0,0,0
W005,2026-01-15 13:45:00,820,816.6,Shale_A,6.89,43.68,120.6,286.1,378.3,811.1,1.415,21.98,7.25,186.4,2.48,TriCone_8.5,1800,1827.8,10264.0,0,0,0,0
W005,2026-01-15 14:00:00,840,828.4,Shale_A,6.24,42.78,119.5,280.0,373.8,802.4,1.414,22.39,6.93,190.0,2.22,TriCone_8.5,1800,1816.7,10264.0,0,0,0,0
W005,2026-01-15 14:15:00,860,855.7,Shale_A,6.4,42.23,121.0,276.1,377.7,788.6,1.421,22.34,7.04,185.9,2.19,TriCone_8.5,1800,1845.6,10264.0,0,0,0,0
W005,2026-01-15 14:30:00,880,872.8,Shale_A,6.68,42.06,123.4,276.1,384.5,797.6,1.419,22.07,6.96,192.9,1.07,TriCone_8.5,1800,1797.1,10264.0,0,0,0,0
W005,2026-01-15 14:45:00,900,889.6,Shale_A,6.33,42.63,121.9,269.8,390.4,785.6,1.414,22.43,6.84,195.2,2.95,TriCone_8.5,1800,1833.1,10264.0,0,0,0,0
W005,2026-01-15 15:00:00,920,915.8,Shale_A,6.82,42.43,119.5,273.1,381.0,796.7,1.407,22.06,6.58,196.0,2.23,TriCone_8.5,1800,1750.4,10264.0,0,0,0,0
W005,2026-01-15 15:15:00,940,930.0,Shale_A,6.43,41.37,119.4,273.9,383.6,789.4,1.416,21.73,6.95,187.4,1.7,TriCone_8.5,1800,1788.9,10264.0,0,0,0,0
W005,2026-01-15 15:30:00,960,949.5,Shale_A,6.6,41.11,118.9,277.6,387.3,799.4,1.411,21.84,7.02,191.9,1.72,TriCone_8.5,1800,1794.5,10264.0,0,0,0,0
W005,2026-01-15 15:45:00,980,977.7,Shale_A,5.91,39.53,120.0,280.2,396.3,806.3,1.402,22.22,7.31,193.5,1.96,TriCone_8.5,1800,1761.3,10264.0,0,0,0,0
W005,2026-01-15 16:00:00,1000,987.6,Shale_A,6.88,37.86,118.1,279.3,398.0,815.8,1.412,22.11,6.95,198.0,2.01,TriCone_8.5,1800,1803.5,10264.0,0,0,0,0
W005,2026-01-15 16:15:00,1020,1011.7,Shale_A,7.46,38.94,118.1,276.2,407.5,820.7,1.41,21.89,7.13,193.3,0.93,TriCone_8.5,1800,1799.4,10264.0,0,0,0,0
W005,2026-01-15 16:30:00,1040,1037.5,Shale_A,7.77,37.41,119.0,272.7,397.5,809.5,1.419,22.26,6.92,199.6,2.02,TriCone_8.5,1800,1777.3,10264.0,0,0,0,0
W005,2026-01-15 16:45:00,1060,1044.4,Shale_A,8.21,35.66,118.4,280.1,398.3,803.1,1.411,22.46,7.04,196.4,2.88,TriCone_8.5,1800,1786.3,10264.0,0,0,0,0
W005,2026-01-15 17:00:00,1080,1069.4,Shale_A,9.22,34.94,116.9,280.6,404.8,791.2,1.42,22.76,6.79,200.7,1.46,TriCone_8.5,1800,1778.8,10264.0,0,0,0,0
W005,2026-01-15 17:15:00,1100,1095.0,Shale_A,10.33,33.45,116.4,280.3,402.3,787.1,1.411,22.95,6.74,196.4,2.54,TriCone_8.5,1800,1830.6,10264.0,0,0,0,0
W005,2026-01-15 17:30:00,1120,1107.4,Shale_A,9.85,34.0,115.1,276.1,406.9,773.3,1.403,22.46,6.46,196.1,2.99,TriCone_8.5,1800,1798.5,10264.0,0,0,0,0
W005,2026-01-15 17:45:00,1140,1127.2,Shale_A,9.23,35.74,115.2,273.9,414.4,770.1,1.4,22.17,6.36,199.5,2.19,TriCone_8.5,1800,1762.1,10264.0,0,0,0,0
W005,2026-01-15 18:00:00,1160,1145.2,Shale_A,8.19,34.51,114.6,280.9,411.9,775.0,1.395,21.8,6.01,200.3,0.89,TriCone_8.5,1800,1808.3,10264.0,0,0,0,0
W005,2026-01-15 18:15:00,1180,1176.1,Shale_A,7.03,34.74,113.9,281.0,413.2,769.4,1.391,22.03,6.31,200.0,0.74,TriCone_8.5,1800,1828.2,10264.0,0,0,0,0
W005,2026-01-15 18:30:00,1200,1193.0,Shale_A,7.15,34.18,111.7,282.4,413.7,760.5,1.39,22.33,6.38,200.0,1.87,TriCone_8.5,1800,1783.8,10264.0,0,0,0,0
W005,2026-01-15 18:45:00,1220,1214.4,Shale_A,7.46,32.79,113.0,285.2,404.2,757.9,1.387,22.5,6.15,205.8,2.78,TriCone_8.5,1800,1831.6,10264.0,0,0,0,0
W005,2026-01-15 19:00:00,1240,1233.6,Shale_A,8.61,30.83,113.7,283.8,411.4,750.5,1.397,22.61,6.38,201.7,0.96,TriCone_8.5,1800,1845.5,10264.0,0,0,0,0
W005,2026-01-15 19:15:00,1260,1253.3,Shale_A,9.37,28.89,114.6,281.6,413.6,756.4,1.394,22.22,6.04,207.6,1.8,TriCone_8.5,1800,1748.4,10264.0,0,0,0,0
W005,2026-01-15 19:30:00,1280,1262.0,Shale_A,9.18,28.48,111.8,279.0,423.1,767.6,1.391,22.31,6.32,207.0,0.54,TriCone_8.5,1800,1801.1,10264.0,0,0,0,0
W005,2026-01-15 19:45:00,1300,1284.9,Shale_A,10.31,29.25,109.2,274.0,428.5,777.8,1.393,22.45,6.0,211.8,2.47,TriCone_8.5,1800,1801.1,10264.0,0,0,0,0
W005,2026-01-15 20:00:00,1320,1307.0,Shale_A,9.63,27.41,107.4,268.9,425.3,775.4,1.393,22.43,6.0,204.7,2.01,TriCone_8.5,1800,1822.5,10264.0,0,0,0,0
W005,2026-01-15 20:15:00,1340,1335.6,Shale_A,10.51,28.4,109.5,268.8,417.9,781.3,1.387,22.37,6.0,213.6,0.81,TriCone_8.5,1800,1778.3,10264.0,0,0,0,0
W005,2026-01-15 20:30:00,1360,1354.1,Shale_A,10.42,29.38,110.2,273.6,416.5,789.9,1.386,22.81,6.0,210.8,2.46,TriCone_8.5,1800,1839.3,10264.0,0,0,0,0
W005,2026-01-15 20:45:00,1380,1369.1,Shale_A,9.65,29.25,113.0,277.6,422.7,775.9,1.385,22.96,6.26,207.6,2.63,TriCone_8.5,1800,1805.9,10264.0,0,0,0,0
W005,2026-01-15 21:00:00,1400,1387.1,Shale_A,9.21,28.38,113.2,270.4,415.9,785.3,1.378,22.69,6.22,213.2,2.41,TriCone_8.5,1800,1767.3,10264.0,0,0,0,0
W005,2026-01-15 21:15:00,1420,1406.5,Shale_A,9.49,26.83,111.1,269.4,413.8,792.6,1.38,22.58,6.0,211.2,1.94,TriCone_8.5,1800,1831.3,10264.0,0,0,0,0
W005,2026-01-15 21:30:00,1440,1436.4,Shale_A,8.7,27.48,113.2,265.5,413.6,806.9,1.377,22.68,6.0,215.9,0.72,TriCone_8.5,1800,1801.6,10264.0,0,0,0,0
W005,2026-01-15 21:45:00,1460,1442.1,Shale_A,9.39,28.3,113.7,264.7,420.8,820.6,1.377,23.11,6.07,216.1,1.64,TriCone_8.5,1800,1823.3,10264.0,0,0,0,0
W005,2026-01-15 22:00:00,1480,1472.4,Shale_A,8.77,28.34,113.0,263.9,430.4,816.1,1.376,22.74,6.0,219.4,1.93,TriCone_8.5,1800,1746.4,10264.0,0,0,0,0
W005,2026-01-15 22:15:00,1500,1489.0,Shale_A,8.94,27.35,111.4,256.1,423.0,810.4,1.368,23.23,6.0,213.8,1.0,TriCone_8.5,1800,1762.2,10264.0,0,0,0,0
W005,2026-01-15 22:30:00,1520,1500.8,Shale_A,9.81,29.2,109.9,255.3,413.4,814.6,1.366,23.0,6.0,219.9,1.54,TriCone_8.5,1800,1752.9,10264.0,0,0,0,0
W005,2026-01-15 22:45:00,1540,1524.5,Shale_A,9.97,30.63,107.6,259.9,416.9,803.1,1.37,22.94,6.36,215.7,2.11,TriCone_8.5,1800,1820.4,10264.0,0,0,0,0
W005,2026-01-15 23:00:00,1560,1541.1,Shale_A,9.56,32.48,110.0,256.2,423.0,818.0,1.365,22.88,6.38,218.1,0.54,TriCone_8.5,1800,1849.3,10264.0,0,0,0,0
W005,2026-01-15 23:15:00,1580,1575.4,Shale_A,9.42,31.16,112.2,259.5,414.7,822.5,1.368,23.34,6.0,218.6,2.82,TriCone_8.5,1800,1776.4,10264.0,0,0,0,0
W005,2026-01-15 23:30:00,1600,1596.7,Limestone_B,10.06,29.53,112.3,255.2,408.3,831.8,1.361,23.31,6.35,218.9,2.94,TriCone_8.5,2600,2634.4,10264.0,0,0,0,0
W005,2026-01-15 23:45:00,1620,1601.8,Limestone_B,9.27,28.79,111.8,252.1,403.9,846.0,1.354,23.54,6.0,223.9,2.79,TriCone_8.5,2600,2608.7,10264.0,0,0,0,0
W005,2026-01-16 00:00:00,1640,1618.7,Limestone_B,9.63,29.64,112.9,249.2,398.9,859.7,1.362,23.5,6.28,223.3,1.56,TriCone_8.5,2600,2550.9,10264.0,0,0,0,0
W005,2026-01-16 00:15:00,1660,1642.1,Limestone_B,9.72,27.73,112.6,253.7,402.5,863.8,1.37,23.02,6.33,227.6,1.85,TriCone_8.5,2600,2588.5,10264.0,0,0,0,0
W005,2026-01-16 00:30:00,1680,1663.3,Limestone_B,10.65,27.61,114.9,255.1,406.0,872.9,1.373,22.92,6.34,228.6,1.43,TriCone_8.5,2600,2543.3,10264.0,0,0,0,0
W005,2026-01-16 00:45:00,1700,1694.3,Limestone_B,11.65,25.97,115.8,253.7,404.1,878.3,1.364,23.01,6.56,229.8,0.93,TriCone_8.5,2600,2536.9,10264.0,0,0,0,0
W005,2026-01-16 01:00:00,1720,1713.5,Limestone_B,12.57,25.91,116.1,260.4,412.1,876.7,1.359,22.9,6.47,225.3,1.17,TriCone_8.5,2600,2624.4,10264.0,0,0,0,0
W005,2026-01-16 01:15:00,1740,1731.2,Limestone_B,13.0,24.6,115.2,253.4,407.5,884.8,1.367,22.62,6.44,228.0,2.68,TriCone_8.5,2600,2532.9,10264.0,0,0,0,0
W005,2026-01-16 01:30:00,1760,1743.2,Limestone_B,13.41,25.99,112.3,251.8,415.6,892.0,1.368,22.65,6.32,229.4,2.14,TriCone_8.5,2600,2602.0,10264.0,0,0,0,0
W005,2026-01-16 01:45:00,1780,1755.8,Limestone_B,14.28,24.61,112.0,250.3,419.3,884.5,1.371,23.03,6.25,234.2,2.98,TriCone_8.5,2600,2633.4,10264.0,0,0,0,0
W005,2026-01-16 02:00:00,1800,1779.5,Limestone_B,15.36,26.44,109.6,242.5,412.5,899.4,1.365,23.03,6.53,226.2,2.01,TriCone_8.5,2600,2558.4,10264.0,0,0,0,0
W005,2026-01-16 02:15:00,1820,1807.0,Limestone_B,14.84,27.19,110.6,238.0,403.2,896.7,1.361,23.34,6.77,231.5,2.02,TriCone_8.5,2600,2656.5,10264.0,0,0,0,0
W005,2026-01-16 02:30:00,1840,1817.8,Limestone_B,14.66,26.29,109.2,238.6,402.2,894.9,1.353,23.56,6.54,229.8,1.53,TriCone_8.5,2600,2651.0,10264.0,0,0,0,0
W005,2026-01-16 02:45:00,1860,1845.6,Limestone_B,14.35,26.09,109.4,233.9,395.3,906.3,1.352,23.47,6.17,233.7,1.89,TriCone_8.5,2600,2613.1,10264.0,0,0,0,0
W005,2026-01-16 03:00:00,1880,1864.8,Limestone_B,13.58,25.1,111.3,241.1,388.0,906.2,1.346,23.03,6.03,231.0,2.27,TriCone_8.5,2600,2632.3,10264.0,0,0,0,0
W005,2026-01-16 03:15:00,1900,1887.8,Limestone_B,12.4,26.33,109.4,242.8,384.7,908.8,1.342,22.62,6.0,232.4,1.57,TriCone_8.5,2600,2544.4,10264.0,0,0,0,0
W005,2026-01-16 03:30:00,1920,1897.8,Limestone_B,11.23,26.41,110.0,250.2,386.5,907.9,1.343,23.05,6.26,234.6,1.09,TriCone_8.5,2600,2563.2,10264.0,0,0,0,0
W005,2026-01-16 03:45:00,1940,1928.3,Limestone_B,11.82,26.42,107.4,253.8,392.6,901.6,1.346,22.98,6.57,240.8,1.81,TriCone_8.5,2600,2600.7,10264.0,0,0,0,0
W005,2026-01-16 04:00:00,1960,1935.1,Limestone_B,11.81,25.67,108.9,249.3,390.4,912.6,1.35,22.88,6.34,236.8,1.21,TriCone_8.5,2600,2659.8,10264.0,0,0,0,0
W005,2026-01-16 04:15:00,1980,1951.7,Limestone_B,11.21,25.49,108.2,257.0,388.2,900.0,1.342,22.97,6.42,238.3,1.58,TriCone_8.5,2600,2638.0,10264.0,0,0,0,0
W005,2026-01-16 04:30:00,2000,1976.0,Limestone_B,11.22,24.09,105.8,251.0,380.2,903.3,1.336,22.72,6.16,244.6,2.64,TriCone_8.5,2600,2602.6,10264.0,0,0,0,0
W005,2026-01-16 04:45:00,2020,1994.2,Limestone_B,10.52,24.06,102.9,253.7,380.7,915.3,1.329,23.02,6.39,237.2,1.5,TriCone_8.5,2600,2573.1,10264.0,0,0,0,0
W005,2026-01-16 05:00:00,2040,2017.6,Limestone_B,9.95,24.28,102.4,260.9,373.2,929.5,1.324,23.29,6.26,238.2,2.64,TriCone_8.5,2600,2561.7,10264.0,0,0,0,0
W005,2026-01-16 05:15:00,2060,2039.9,Limestone_B,10.11,24.17,102.4,264.6,365.0,934.5,1.332,22.85,6.0,244.9,1.59,TriCone_8.5,2600,2624.8,10264.0,0,0,0,0
W005,2026-01-16 05:30:00,2080,2049.9,Limestone_B,10.13,22.68,102.3,268.8,360.2,933.9,1.342,23.04,6.27,242.7,2.42,TriCone_8.5,2600,2543.4,10264.0,0,0,0,0
W005,2026-01-16 05:45:00,2100,2095.6,Limestone_B,9.42,22.29,104.4,266.3,363.3,940.2,1.344,22.9,6.33,242.9,0.71,TriCone_8.5,2600,2541.2,10264.0,0,0,0,0
W005,2026-01-16 06:00:00,2120,2114.2,Limestone_B,8.39,23.8,103.2,268.7,359.9,936.9,1.339,22.74,6.26,247.6,1.78,TriCone_8.5,2600,2541.8,10264.0,0,0,0,0
W005,2026-01-16 06:15:00,2140,2126.2,Limestone_B,8.4,24.14,105.7,261.5,361.4,947.5,1.334,23.12,6.0,248.6,2.83,TriCone_8.5,2600,2528.5,10264.0,0,0,0,0
W005,2026-01-16 06:30:00,2160,2141.8,Limestone_B,7.31,25.82,105.5,254.0,365.2,947.0,1.326,22.83,6.0,247.9,2.06,TriCone_8.5,2600,2590.5,10264.0,0,0,0,0
W005,2026-01-16 06:45:00,2180,2147.4,Limestone_B,8.18,26.28,102.6,257.1,363.6,949.0,1.329,22.68,6.33,244.4,2.18,TriCone_8.5,2600,2649.5,10264.0,0,0,0,0
W005,2026-01-16 07:00:00,2200,2187.7,Limestone_B,6.25,24.66,101.6,277.6,357.9,951.6,1.328,22.21,6.19,262.1,2.22,TriCone_8.5,2600,2666.2,10264.0,0,0,0,0
W005,2026-01-16 07:15:00,2220,2213.9,Limestone_B,3.8,23.06,100.2,327.9,367.5,951.4,1.318,21.85,6.05,270.7,0.69,TriCone_8.5,2600,2630.9,10264.0,0,0,0,0
W005,2026-01-16 07:30:00,2240,2231.8,Limestone_B,2.0,24.18,101.7,397.1,370.0,955.5,1.321,21.9,6.44,283.1,2.44,TriCone_8.5,2600,2579.0,10264.0,0,0,0,0
W005,2026-01-16 07:45:00,2260,2243.6,Limestone_B,2.0,24.11,81.8,542.4,368.9,957.6,1.322,21.44,6.53,325.0,0.89,TriCone_8.5,2600,2555.6,10264.0,1,0,1,0
W005,2026-01-16 08:00:00,2280,2257.3,Limestone_B,4.0,22.6,84.7,540.7,363.4,947.7,1.325,21.55,6.64,248.5,2.73,TriCone_8.5,2600,2614.6,10264.0,1,0,0,0
W005,2026-01-16 08:15:00,2300,2290.1,Limestone_B,4.0,22.16,86.9,547.6,359.5,958.6,1.331,21.98,6.44,254.3,1.19,TriCone_8.5,2600,2570.9,10264.0,1,0,0,0
W005,2026-01-16 08:30:00,2320,2302.0,Limestone_B,4.16,21.52,85.8,549.9,366.5,961.9,1.338,21.74,6.46,253.9,0.53,TriCone_8.5,2600,2522.8,10264.0,1,0,0,0
W005,2026-01-16 08:45:00,2340,2326.8,Limestone_B,4.38,22.47,86.2,543.0,358.8,964.8,1.333,21.32,6.4,255.8,1.32,TriCone_8.5,2600,2625.2,10264.0,1,0,0,0
W005,2026-01-16 09:00:00,2360,2332.3,Limestone_B,4.0,23.49,87.1,545.2,359.9,950.1,1.337,21.2,6.75,259.4,1.97,TriCone_8.5,2600,2622.4,10264.0,1,0,0,0
W005,2026-01-16 09:15:00,2380,2357.8,Limestone_B,4.0,23.4,85.9,545.4,353.2,964.4,1.329,21.63,7.08,257.4,2.31,TriCone_8.5,2600,2553.8,10264.0,1,0,0,0
W005,2026-01-16 09:30:00,2400,2367.2,Shale_B,4.0,22.6,86.4,545.4,354.8,958.0,1.326,21.21,6.72,255.5,0.69,TriCone_8.5,3400,3426.5,10264.0,1,0,0,0
W005,2026-01-16 09:45:00,2420,2397.1,Shale_B,4.0,23.24,85.0,551.3,354.5,952.2,1.326,21.09,6.77,255.0,2.99,TriCone_8.5,3400,3463.8,10264.0,1,0,0,0
W005,2026-01-16 10:00:00,2440,2434.4,Shale_B,4.5,22.7,87.0,550.6,358.9,940.4,1.333,21.33,6.54,256.3,1.29,TriCone_8.5,3400,3369.0,10264.0,1,0,0,0
W005,2026-01-16 10:15:00,2460,2453.5,Shale_B,4.39,20.82,86.4,551.7,368.0,940.9,1.339,21.38,6.17,258.9,1.94,TriCone_8.5,3400,3350.4,10264.0,1,0,0,0
W005,2026-01-16 10:30:00,2480,2443.8,Shale_B,4.0,20.0,84.6,558.5,375.1,949.1,1.337,21.38,6.14,259.1,1.76,TriCone_8.5,3400,3473.3,10264.0,1,0,0,0
W005,2026-01-16 10:45:00,2500,2477.8,Shale_B,4.93,21.01,84.1,558.8,372.5,956.3,1.343,21.64,6.32,259.5,1.34,TriCone_8.5,3400,3324.9,10264.0,1,0,0,0
W005,2026-01-16 11:00:00,2520,2499.0,Shale_B,5.54,20.33,81.9,557.2,382.1,948.1,1.345,21.57,6.0,263.3,2.26,TriCone_8.5,3400,3365.5,10264.0,1,0,0,0
W005,2026-01-16 11:15:00,2540,2528.7,Shale_B,5.03,20.0,84.5,555.3,383.6,956.9,1.341,21.79,6.0,262.2,0.86,TriCone_8.5,3400,3475.9,10264.0,1,0,0,0
W005,2026-01-16 11:30:00,2560,2551.2,Shale_B,5.55,21.77,84.7,555.9,382.8,951.7,1.341,21.89,6.39,269.6,2.66,TriCone_8.5,3400,3343.4,10264.0,1,0,0,0
W005,2026-01-16 11:45:00,2580,2550.3,Shale_B,5.93,23.35,84.1,563.3,381.1,954.7,1.345,22.34,6.19,268.6,1.8,TriCone_8.5,3400,3393.4,10264.0,1,0,0,0
W005,2026-01-16 12:00:00,2600,2573.0,Shale_B,6.06,23.99,83.0,563.0,383.4,951.8,1.339,22.8,6.2,269.3,1.53,TriCone_8.5,3400,3456.4,10264.0,1,0,0,0
W005,2026-01-16 12:15:00,2620,2594.4,Shale_B,5.84,24.17,83.3,563.0,376.1,951.7,1.332,22.43,6.55,268.9,2.15,TriCone_8.5,3400,3381.1,10264.0,1,0,0,0
W005,2026-01-16 12:30:00,2640,2601.5,Shale_B,6.17,25.25,82.5,570.4,382.5,962.3,1.325,22.2,6.38,266.5,2.64,TriCone_8.5,3400,3483.4,10264.0,1,0,0,0
W005,2026-01-16 12:45:00,2660,2645.0,Shale_B,5.63,24.05,80.9,575.2,383.8,947.5,1.324,22.11,6.07,271.5,2.26,TriCone_8.5,3400,3313.5,10264.0,1,0,0,0
W005,2026-01-16 13:00:00,2680,2663.4,Shale_B,4.43,25.87,82.8,581.7,374.1,960.5,1.33,22.45,6.0,273.0,2.9,TriCone_8.5,3400,3446.6,10264.0,1,0,0,0
W005,2026-01-16 13:15:00,2700,2692.6,Shale_B,5.5,25.64,83.4,581.3,382.8,947.8,1.33,22.64,6.23,272.3,2.77,TriCone_8.5,3400,3414.4,10264.0,1,0,0,0
W005,2026-01-16 13:30:00,2720,2711.0,Shale_B,5.27,23.73,82.4,581.9,391.0,958.2,1.323,22.23,6.3,272.7,1.17,TriCone_8.5,3400,3311.1,10264.0,1,0,0,0
W005,2026-01-16 13:45:00,2740,2702.5,Shale_B,5.04,25.29,81.7,585.7,390.5,946.9,1.332,22.18,6.49,272.0,0.55,TriCone_8.5,3400,3487.2,10264.0,1,0,0,0
W005,2026-01-16 14:00:00,2760,2720.1,Shale_B,5.5,24.63,82.9,588.9,394.6,946.7,1.34,22.17,6.45,271.2,1.27,TriCone_8.5,3400,3399.2,10264.0,1,0,0,0
W005,2026-01-16 14:15:00,2780,2761.2,Shale_B,4.9,23.85,84.5,586.1,389.4,936.8,1.345,21.8,6.41,275.2,2.22,TriCone_8.5,3400,3427.2,10264.0,1,0,0,0
W005,2026-01-16 14:30:00,2800,2768.6,Shale_B,4.0,23.04,83.2,580.4,385.2,931.1,1.345,21.96,6.31,278.2,1.34,TriCone_8.5,3400,3463.4,10264.0,1,0,0,0
W005,2026-01-16 14:45:00,2820,2785.8,Shale_B,4.0,21.36,82.7,587.5,389.6,918.7,1.352,22.19,6.4,280.1,1.51,TriCone_8.5,3400,3408.4,10264.0,1,0,0,0
W005,2026-01-16 15:00:00,2840,2828.7,Shale_B,4.12,21.51,83.1,594.7,397.6,930.0,1.358,22.63,6.08,275.5,1.74,TriCone_8.5,3400,3402.5,10264.0,1,0,0,0
W005,2026-01-16 15:15:00,2860,2820.8,Shale_B,4.72,20.07,81.6,598.4,390.9,925.5,1.353,22.48,6.25,277.4,1.89,TriCone_8.5,3400,3401.1,10264.0,1,0,0,0
W005,2026-01-16 15:30:00,2880,2849.4,Shale_B,4.41,20.66,83.0,593.8,398.6,929.0,1.352,22.16,6.6,282.2,1.02,TriCone_8.5,3400,3462.2,10264.0,1,0,0,0
W005,2026-01-16 15:45:00,2900,2876.9,Shale_B,4.88,21.72,82.6,597.3,396.3,920.3,1.355,22.64,6.45,280.1,2.19,TriCone_8.5,3400,3463.2,10264.0,1,0,0,0
W005,2026-01-16 16:00:00,2920,2879.2,Shale_B,5.51,20.0,85.6,600.0,403.6,924.8,1.362,22.25,6.33,285.2,1.0,TriCone_8.5,3400,3470.1,10264.0,1,0,0,0
W005,2026-01-16 16:15:00,2940,2926.7,Shale_B,6.32,20.0,87.7,600.0,404.0,934.7,1.36,21.94,6.16,282.4,1.83,TriCone_8.5,3400,3458.8,10264.0,1,0,0,0
W005,2026-01-16 16:30:00,2960,2916.1,Shale_B,6.52,21.12,85.9,592.8,411.5,922.0,1.355,22.14,6.09,287.0,1.24,TriCone_8.5,3400,3459.4,10264.0,1,0,0,0
W005,2026-01-16 16:45:00,2980,2963.5,Shale_B,7.96,20.62,86.1,598.8,437.2,930.0,1.349,22.19,6.45,289.1,1.09,TriCone_8.5,3400,3359.3,10264.0,1,0,0,0
W005,2026-01-16 17:00:00,3000,2964.1,Sandstone_C,9.28,20.0,85.9,598.6,462.7,965.6,1.335,22.25,6.29,281.7,1.52,TriCone_8.5,4300,4268.5,10264.0,1,0,0,0
W005,2026-01-16 17:15:00,3020,2995.0,Sandstone_C,12.31,20.03,83.8,600.0,520.3,998.9,1.319,21.82,6.37,283.5,1.82,TriCone_8.5,4300,4309.0,10264.0,1,0,0,0
W005,2026-01-16 17:30:00,3040,3022.1,Sandstone_C,20.43,20.36,83.2,600.0,655.8,1102.5,1.286,21.75,6.63,290.0,0.97,TriCone_8.5,4300,4409.5,10264.0,2,0,0,1
W005,2026-01-16 17:45:00,3060,3015.9,Sandstone_C,19.94,20.0,84.6,595.7,550.0,1050.0,1.3,21.35,6.42,286.5,1.69,TriCone_8.5,4300,4246.0,10264.0,2,0,0,0
W006,2026-01-15 06:00:00,200,198.7,Alluvium_Top,15.52,44.29,118.9,279.2,342.5,839.4,1.414,24.36,7.81,157.8,2.68,PDC_12.25,200,205.6,5978.0,0,0,0,0
W006,2026-01-15 06:15:00,220,218.7,Alluvium_Top,15.96,42.37,120.3,279.0,348.8,853.0,1.423,24.77,7.82,158.5,1.66,PDC_12.25,200,198.1,5978.0,0,0,0,0
W006,2026-01-15 06:30:00,240,239.2,Alluvium_Top,15.26,44.04,122.2,286.7,356.4,846.4,1.415,24.38,7.65,161.9,2.51,PDC_12.25,200,204.6,5978.0,0,0,0,0
W006,2026-01-15 06:45:00,260,257.5,Alluvium_Top,14.07,42.79,119.8,284.5,356.4,832.7,1.412,24.06,7.77,161.3,1.74,PDC_12.25,200,201.5,5978.0,0,0,0,0
W006,2026-01-15 07:00:00,280,277.8,Alluvium_Top,13.39,42.86,121.2,285.4,365.0,829.0,1.411,23.65,7.86,160.5,0.9,PDC_12.25,200,205.5,5978.0,0,0,0,0
W006,2026-01-15 07:15:00,300,298.1,Alluvium_Top,12.37,43.65,121.9,280.4,364.4,835.6,1.412,23.55,7.72,164.6,2.85,PDC_12.25,200,200.4,5978.0,0,0,0,0
W006,2026-01-15 07:30:00,320,317.8,Alluvium_Top,12.28,45.21,119.5,288.2,373.4,822.9,1.421,23.41,8.0,163.6,1.6,PDC_12.25,200,194.9,5978.0,0,0,0,0
W006,2026-01-15 07:45:00,340,339.1,Alluvium_Top,11.16,45.58,117.6,285.7,370.4,822.0,1.418,23.02,7.72,160.6,1.68,PDC_12.25,200,203.3,5978.0,0,0,0,0
W006,2026-01-15 08:00:00,360,357.8,Alluvium_Top,12.23,46.51,118.4,288.0,376.9,810.2,1.418,23.22,7.79,169.5,0.68,PDC_12.25,200,195.4,5978.0,0,0,0,0
W006,2026-01-15 08:15:00,380,376.0,Alluvium_Top,11.94,45.87,119.1,294.3,376.8,819.9,1.416,22.82,7.44,162.6,1.45,PDC_12.25,200,200.4,5978.0,0,0,0,0
W006,2026-01-15 08:30:00,400,395.8,Shale_A,12.52,44.07,117.4,290.7,377.8,809.2,1.409,23.26,7.68,164.8,1.52,PDC_12.25,1800,1823.5,5978.0,0,0,0,0
W006,2026-01-15 08:45:00,420,417.9,Shale_A,12.54,42.58,118.8,289.1,373.1,805.5,1.409,23.1,7.47,167.9,0.55,PDC_12.25,1800,1831.4,5978.0,0,0,0,0
W006,2026-01-15 09:00:00,440,439.0,Shale_A,11.45,43.19,120.4,294.1,373.0,796.7,1.414,23.3,7.27,173.8,0.76,PDC_12.25,1800,1764.5,5978.0,0,0,0,0
W006,2026-01-15 09:15:00,460,458.3,Shale_A,11.9,44.94,121.7,289.1,371.8,783.8,1.412,23.54,7.18,169.0,1.99,PDC_12.25,1800,1838.9,5978.0,0,0,0,0
W006,2026-01-15 09:30:00,480,475.8,Shale_A,11.63,43.57,122.9,282.8,375.1,777.4,1.406,23.98,6.79,171.0,0.55,PDC_12.25,1800,1751.1,5978.0,0,0,0,0
W006,2026-01-15 09:45:00,500,494.0,Shale_A,11.2,42.1,122.2,285.6,380.7,778.3,1.408,23.68,6.62,169.1,1.12,PDC_12.25,1800,1800.1,5978.0,0,0,0,0
W006,2026-01-15 10:00:00,520,512.5,Shale_A,11.35,43.88,120.4,287.9,387.0,780.1,1.403,23.44,6.25,171.5,2.36,PDC_12.25,1800,1802.1,5978.0,0,0,0,0
W006,2026-01-15 10:15:00,540,534.2,Shale_A,11.84,45.01,120.1,291.1,384.8,769.9,1.401,23.52,6.61,170.0,1.77,PDC_12.25,1800,1769.7,5978.0,0,0,0,0
W006,2026-01-15 10:30:00,560,554.5,Shale_A,10.7,44.26,122.0,292.0,383.8,763.5,1.397,23.4,6.88,179.9,1.6,PDC_12.25,1800,1800.9,5978.0,0,0,0,0
W006,2026-01-15 10:45:00,580,572.6,Shale_A,10.52,44.47,120.4,295.9,384.4,772.8,1.403,23.12,7.05,179.1,1.37,PDC_12.25,1800,1837.4,5978.0,0,0,0,0
W006,2026-01-15 11:00:00,600,592.3,Shale_A,10.4,43.88,120.7,290.9,391.6,765.5,1.398,23.1,7.05,174.2,1.18,PDC_12.25,1800,1746.3,5978.0,0,0,0,0
W006,2026-01-15 11:15:00,620,616.7,Shale_A,11.05,43.73,122.0,294.7,384.4,779.5,1.404,22.8,6.8,174.2,0.85,PDC_12.25,1800,1823.6,5978.0,0,0,0,0
W006,2026-01-15 11:30:00,640,632.6,Shale_A,11.73,44.72,122.6,297.7,374.8,773.9,1.407,22.31,6.43,182.3,2.21,PDC_12.25,1800,1796.7,5978.0,0,0,0,0
W006,2026-01-15 11:45:00,660,658.6,Shale_A,12.43,43.95,119.8,304.6,371.7,762.1,1.407,22.58,6.21,177.4,1.11,PDC_12.25,1800,1820.3,5978.0,0,0,0,0
W006,2026-01-15 12:00:00,680,676.6,Shale_A,12.61,45.65,117.7,312.1,380.6,773.6,1.401,22.71,6.42,185.5,0.95,PDC_12.25,1800,1767.3,5978.0,0,0,0,0
W006,2026-01-15 12:15:00,700,698.0,Shale_A,11.83,45.34,119.5,311.5,381.4,788.5,1.399,22.83,6.31,180.4,2.24,PDC_12.25,1800,1782.6,5978.0,0,0,0,0
W006,2026-01-15 12:30:00,720,717.9,Shale_A,12.47,43.7,117.8,311.5,371.8,781.1,1.399,22.34,6.12,182.5,1.93,PDC_12.25,1800,1804.6,5978.0,0,0,0,0
W006,2026-01-15 12:45:00,740,734.0,Shale_A,12.27,45.42,119.5,306.7,364.4,786.4,1.4,22.63,6.31,184.6,2.97,PDC_12.25,1800,1815.7,5978.0,0,0,0,0
W006,2026-01-15 13:00:00,760,755.3,Shale_A,13.06,44.43,121.2,314.0,368.3,789.3,1.399,22.49,6.19,185.6,2.38,PDC_12.25,1800,1758.2,5978.0,0,0,0,0
W006,2026-01-15 13:15:00,780,768.5,Shale_A,13.05,45.6,121.1,314.6,373.7,794.1,1.397,22.89,6.0,190.1,0.8,PDC_12.25,1800,1767.4,5978.0,0,0,0,0
W006,2026-01-15 13:30:00,800,794.1,Shale_A,12.44,46.52,123.0,320.3,383.5,787.9,1.401,22.51,6.0,189.5,1.42,PDC_12.25,1800,1842.1,5978.0,0,0,0,0
W006,2026-01-15 13:45:00,820,813.3,Shale_A,12.79,48.41,120.3,321.5,390.8,787.3,1.393,22.57,6.0,183.4,2.62,PDC_12.25,1800,1800.4,5978.0,0,0,0,0
W006,2026-01-15 14:00:00,840,833.9,Shale_A,13.52,49.18,117.3,320.3,384.7,799.6,1.386,22.36,6.01,185.4,1.02,PDC_12.25,1800,1846.8,5978.0,0,0,0,0
W006,2026-01-15 14:15:00,860,856.1,Shale_A,12.46,48.67,118.6,321.2,383.2,801.6,1.383,22.8,6.0,190.4,2.73,PDC_12.25,1800,1755.6,5978.0,0,0,0,0
W006,2026-01-15 14:30:00,880,867.1,Shale_A,11.97,49.54,116.1,326.2,387.6,808.5,1.375,23.02,6.14,192.9,0.6,PDC_12.25,1800,1765.9,5978.0,0,0,0,0
W006,2026-01-15 14:45:00,900,893.6,Shale_A,11.13,49.77,118.6,324.5,394.5,793.5,1.368,22.55,6.0,194.6,0.74,PDC_12.25,1800,1786.3,5978.0,0,0,0,0
W006,2026-01-15 15:00:00,920,911.5,Shale_A,12.18,48.26,116.9,317.0,393.2,786.8,1.375,22.65,6.09,191.7,0.73,PDC_12.25,1800,1794.8,5978.0,0,0,0,0
W006,2026-01-15 15:15:00,940,935.1,Shale_A,12.98,49.83,118.8,310.6,387.7,771.9,1.371,22.26,6.07,194.1,2.69,PDC_12.25,1800,1853.9,5978.0,0,0,0,0
W006,2026-01-15 15:30:00,960,950.4,Shale_A,11.91,47.88,119.8,307.2,382.8,766.8,1.366,22.27,6.02,193.3,2.18,PDC_12.25,1800,1847.4,5978.0,0,0,0,0
W006,2026-01-15 15:45:00,980,972.5,Shale_A,11.11,47.28,121.3,311.3,386.1,758.8,1.368,22.34,6.01,194.6,1.73,PDC_12.25,1800,1773.1,5978.0,0,0,0,0
W006,2026-01-15 16:00:00,1000,997.4,Shale_A,10.17,48.28,119.1,304.4,395.6,772.5,1.359,22.28,6.0,194.9,2.58,PDC_12.25,1800,1823.3,5978.0,0,0,0,0
W006,2026-01-15 16:15:00,1020,1009.0,Shale_A,9.82,48.69,118.0,311.0,403.0,774.2,1.355,22.07,6.0,199.1,1.63,PDC_12.25,1800,1814.5,5978.0,0,0,0,0
W006,2026-01-15 16:30:00,1040,1030.8,Shale_A,10.58,47.19,120.1,317.4,411.9,771.1,1.349,21.94,6.0,193.6,2.02,PDC_12.25,1800,1796.9,5978.0,0,0,0,0
W006,2026-01-15 16:45:00,1060,1047.4,Shale_A,9.46,47.77,121.7,321.6,419.6,778.0,1.358,21.77,6.0,192.8,0.52,PDC_12.25,1800,1839.5,5978.0,0,0,0,0
W006,2026-01-15 17:00:00,1080,1063.9,Shale_A,8.88,46.48,118.9,328.1,409.8,785.1,1.351,22.18,6.31,200.1,2.18,PDC_12.25,1800,1756.9,5978.0,0,0,0,0
W006,2026-01-15 17:15:00,1100,1091.5,Shale_A,9.79,48.06,119.9,325.6,417.7,778.8,1.352,21.78,6.65,195.9,1.06,PDC_12.25,1800,1852.4,5978.0,0,0,0,0
W006,2026-01-15 17:30:00,1120,1109.7,Shale_A,10.08,46.99,116.9,329.7,427.4,788.1,1.351,22.18,6.58,200.6,1.69,PDC_12.25,1800,1828.5,5978.0,0,0,0,0
W006,2026-01-15 17:45:00,1140,1136.1,Shale_A,10.14,46.26,115.4,322.3,429.1,780.0,1.344,22.33,6.72,203.8,1.76,PDC_12.25,1800,1829.7,5978.0,0,0,0,0
W006,2026-01-15 18:00:00,1160,1152.5,Shale_A,10.88,46.8,114.2,330.0,424.6,771.1,1.343,21.89,7.1,203.1,1.89,PDC_12.25,1800,1847.1,5978.0,0,0,0,0
W006,2026-01-15 18:15:00,1180,1168.2,Shale_A,9.76,47.25,115.5,328.7,429.7,762.9,1.337,21.55,7.0,206.6,2.57,PDC_12.25,1800,1799.7,5978.0,0,0,0,0
W006,2026-01-15 18:30:00,1200,1187.0,Shale_A,10.29,46.21,113.5,336.3,432.1,777.3,1.334,21.75,6.78,201.6,1.78,PDC_12.25,1800,1809.6,5978.0,0,0,0,0
W006,2026-01-15 18:45:00,1220,1205.7,Shale_A,9.72,44.35,114.7,336.2,424.0,767.5,1.326,21.86,6.46,207.4,0.55,PDC_12.25,1800,1764.1,5978.0,0,0,0,0
W006,2026-01-15 19:00:00,1240,1222.0,Shale_A,10.24,42.64,116.6,336.1,430.9,770.5,1.33,22.35,6.25,207.0,1.65,PDC_12.25,1800,1842.2,5978.0,0,0,0,0
W006,2026-01-15 19:15:00,1260,1249.6,Shale_A,9.33,43.24,117.0,337.0,421.5,769.6,1.338,22.25,6.35,209.5,2.46,PDC_12.25,1800,1747.6,5978.0,0,0,0,0
W006,2026-01-15 19:30:00,1280,1270.0,Shale_A,9.07,44.79,115.4,333.5,412.6,778.5,1.336,21.98,6.14,211.6,2.58,PDC_12.25,1800,1838.7,5978.0,0,0,0,0
W006,2026-01-15 19:45:00,1300,1284.6,Shale_A,9.01,44.36,117.9,327.5,411.0,773.8,1.336,21.94,6.16,204.9,1.78,PDC_12.25,1800,1812.5,5978.0,0,0,0,0
W006,2026-01-15 20:00:00,1320,1314.8,Shale_A,7.97,45.41,117.5,329.5,415.6,779.2,1.335,21.83,6.06,210.8,1.74,PDC_12.25,1800,1765.9,5978.0,0,0,0,0
W006,2026-01-15 20:15:00,1340,1324.0,Shale_A,7.18,43.95,118.3,326.3,406.0,790.9,1.33,22.26,6.23,212.9,1.0,PDC_12.25,1800,1840.5,5978.0,0,0,0,0
W006,2026-01-15 20:30:00,1360,1341.7,Shale_A,6.39,43.17,117.2,320.9,400.1,799.6,1.323,21.79,6.33,216.0,1.33,PDC_12.25,1800,1802.3,5978.0,0,0,0,0
W006,2026-01-15 20:45:00,1380,1369.1,Shale_A,7.37,44.31,117.9,317.9,400.9,787.3,1.327,22.02,6.7,209.7,0.55,PDC_12.25,1800,1807.6,5978.0,0,0,0,0
W006,2026-01-15 21:00:00,1400,1394.1,Shale_A,8.07,43.08,116.5,318.1,397.5,798.1,1.326,22.32,6.76,215.7,1.33,PDC_12.25,1800,1822.3,5978.0,0,0,0,0
W006,2026-01-15 21:15:00,1420,1403.4,Shale_A,8.18,41.94,116.4,315.2,392.8,812.1,1.319,22.61,7.15,209.1,2.25,PDC_12.25,1800,1775.7,5978.0,0,0,0,0
W006,2026-01-15 21:30:00,1440,1433.8,Shale_A,7.95,43.68,113.5,316.6,392.8,823.3,1.311,22.79,7.29,216.5,2.86,PDC_12.25,1800,1750.4,5978.0,0,0,0,0
W006,2026-01-15 21:45:00,1460,1453.9,Shale_A,7.88,43.27,112.4,315.8,390.5,821.3,1.321,22.38,7.63,215.5,2.06,PDC_12.25,1800,1750.5,5978.0,0,0,0,0
W006,2026-01-15 22:00:00,1480,1467.9,Shale_A,7.71,42.91,111.6,322.6,397.1,809.6,1.313,22.31,7.31,217.8,0.86,PDC_12.25,1800,1784.9,5978.0,0,0,0,0
W006,2026-01-15 22:15:00,1500,1497.0,Shale_A,7.27,43.62,111.5,330.3,404.6,805.4,1.304,22.66,7.64,220.7,0.82,PDC_12.25,1800,1746.8,5978.0,0,0,0,0
W006,2026-01-15 22:30:00,1520,1506.6,Shale_A,7.81,45.25,109.9,336.8,400.8,819.7,1.3,23.11,7.28,220.5,1.83,PDC_12.25,1800,1773.9,5978.0,0,0,0,0
W006,2026-01-15 22:45:00,1540,1534.4,Shale_A,8.3,44.01,110.2,332.9,409.9,805.6,1.3,22.85,7.21,216.6,1.73,PDC_12.25,1800,1770.1,5978.0,0,0,0,0
W006,2026-01-15 23:00:00,1560,1539.5,Shale_A,8.49,42.37,111.4,327.6,415.6,798.1,1.3,22.7,7.5,216.5,1.91,PDC_12.25,1800,1822.9,5978.0,0,0,0,0
W006,2026-01-15 23:15:00,1580,1557.8,Shale_A,9.46,42.11,111.3,334.4,416.0,797.7,1.302,22.89,7.19,224.3,1.59,PDC_12.25,1800,1822.1,5978.0,0,0,0,0
W006,2026-01-15 23:30:00,1600,1588.5,Limestone_B,9.16,40.51,112.1,340.5,423.8,811.4,1.309,22.39,7.09,225.2,1.42,PDC_12.25,2600,2644.6,5978.0,0,0,0,0
W006,2026-01-15 23:45:00,1620,1610.6,Limestone_B,8.84,42.13,112.1,339.9,433.8,811.2,1.303,22.4,7.34,225.7,2.47,PDC_12.25,2600,2616.6,5978.0,0,0,0,0
W006,2026-01-16 00:00:00,1640,1616.5,Limestone_B,9.71,43.7,110.3,334.0,443.3,822.2,1.311,22.79,7.37,225.3,1.86,PDC_12.25,2600,2561.7,5978.0,0,0,0,0
W006,2026-01-16 00:15:00,1660,1647.8,Limestone_B,9.72,44.29,110.3,333.9,436.7,815.6,1.304,22.49,7.75,221.2,1.17,PDC_12.25,2600,2638.3,5978.0,0,0,0,0
W006,2026-01-16 00:30:00,1680,1658.9,Limestone_B,8.89,45.46,112.0,329.7,432.5,828.7,1.311,22.69,7.42,224.8,1.9,PDC_12.25,2600,2617.2,5978.0,0,0,0,0
W006,2026-01-16 00:45:00,1700,1684.9,Limestone_B,9.13,44.77,113.7,335.1,429.0,838.9,1.303,23.03,7.14,222.3,2.1,PDC_12.25,2600,2591.9,5978.0,0,0,0,0
W006,2026-01-16 01:00:00,1720,1703.0,Limestone_B,8.8,43.92,113.7,334.4,425.9,844.7,1.308,23.38,7.52,225.1,2.29,PDC_12.25,2600,2663.6,5978.0,0,0,0,0
W006,2026-01-16 01:15:00,1740,1725.8,Limestone_B,8.74,45.9,115.1,341.6,432.6,856.8,1.314,23.34,7.32,227.0,0.55,PDC_12.25,2600,2627.6,5978.0,0,0,0,0
W006,2026-01-16 01:30:00,1760,1752.0,Limestone_B,8.8,47.8,117.6,336.2,430.0,854.5,1.311,23.64,7.34,229.9,2.63,PDC_12.25,2600,2600.8,5978.0,0,0,0,0
W006,2026-01-16 01:45:00,1780,1772.9,Limestone_B,9.31,47.54,116.4,329.0,429.7,850.2,1.306,23.83,7.56,227.5,0.62,PDC_12.25,2600,2542.6,5978.0,0,0,0,0
W006,2026-01-16 02:00:00,1800,1780.0,Limestone_B,10.36,48.05,115.3,324.9,419.9,842.3,1.3,23.94,7.29,231.3,1.98,PDC_12.25,2600,2523.6,5978.0,0,0,0,0
W006,2026-01-16 02:15:00,1820,1805.9,Limestone_B,9.25,46.16,116.7,322.0,425.8,840.3,1.3,23.95,7.46,229.6,0.8,PDC_12.25,2600,2527.5,5978.0,0,0,0,0
W006,2026-01-16 02:30:00,1840,1822.3,Limestone_B,9.11,46.75,116.7,323.9,426.7,847.5,1.304,23.98,7.6,236.5,1.58,PDC_12.25,2600,2573.0,5978.0,0,0,0,0
W006,2026-01-16 02:45:00,1860,1834.3,Limestone_B,9.31,45.03,119.1,316.4,431.7,855.3,1.313,23.53,7.68,233.0,1.33,PDC_12.25,2600,2641.2,5978.0,0,0,0,0
W006,2026-01-16 03:00:00,1880,1862.4,Limestone_B,9.26,43.45,119.8,320.2,437.0,867.5,1.311,23.98,7.97,232.6,0.9,PDC_12.25,2600,2609.8,5978.0,0,0,0,0
W006,2026-01-16 03:15:00,1900,1877.2,Limestone_B,9.44,43.78,121.3,320.4,429.1,878.2,1.307,24.45,7.66,240.1,0.73,PDC_12.25,2600,2584.7,5978.0,0,0,0,0
W006,2026-01-16 03:30:00,1920,1915.6,Limestone_B,8.93,45.18,120.9,349.8,430.9,882.1,1.314,24.25,7.54,250.5,2.75,PDC_12.25,2600,2529.3,5978.0,0,0,0,0
W006,2026-01-16 03:45:00,1940,1914.4,Limestone_B,6.04,46.47,120.4,402.7,430.3,883.7,1.315,24.07,7.2,261.3,2.51,PDC_12.25,2600,2662.7,5978.0,0,0,0,0
W006,2026-01-16 04:00:00,1960,1947.5,Limestone_B,3.34,46.11,118.9,476.0,434.3,885.1,1.317,23.66,7.18,265.1,1.02,PDC_12.25,2600,2643.2,5978.0,0,0,0,0
W006,2026-01-16 04:15:00,1980,1963.5,Limestone_B,2.0,44.94,99.8,621.9,439.3,896.2,1.318,23.91,6.89,307.6,1.47,PDC_12.25,2600,2664.2,5978.0,1,0,1,0
W006,2026-01-16 04:30:00,2000,1975.4,Limestone_B,4.0,43.48,97.8,600.0,435.1,899.6,1.326,24.37,7.01,243.4,1.81,PDC_12.25,2600,2666.9,5978.0,1,0,0,0
W006,2026-01-16 04:45:00,2020,2013.2,Limestone_B,4.13,44.45,96.1,597.9,432.4,913.4,1.325,24.63,7.21,238.6,1.93,PDC_12.25,2600,2603.9,5978.0,1,0,0,0
W006,2026-01-16 05:00:00,2040,2019.5,Limestone_B,5.2,43.31,93.5,600.0,439.4,928.2,1.329,25.07,7.47,245.2,1.92,PDC_12.25,2600,2596.1,5978.0,1,0,0,0
W006,2026-01-16 05:15:00,2060,2035.7,Limestone_B,5.04,43.47,93.2,600.0,438.8,914.6,1.337,25.01,7.54,239.1,0.51,PDC_12.25,2600,2667.8,5978.0,1,0,0,0
W006,2026-01-16 05:30:00,2080,2061.7,Limestone_B,4.08,45.11,91.5,595.3,432.4,900.0,1.342,25.39,7.63,240.5,1.21,PDC_12.25,2600,2631.9,5978.0,1,0,0,0
W006,2026-01-16 05:45:00,2100,2073.8,Limestone_B,4.0,46.04,91.1,592.1,431.5,887.1,1.348,25.13,7.81,240.2,2.89,PDC_12.25,2600,2670.9,5978.0,1,0,0,0
W006,2026-01-16 06:00:00,2120,2105.5,Limestone_B,4.74,47.91,91.0,595.7,428.9,877.6,1.347,24.8,8.2,241.4,1.97,PDC_12.25,2600,2659.7,5978.0,1,0,0,0
W006,2026-01-16 06:15:00,2140,2114.6,Limestone_B,5.13,46.37,91.3,592.3,437.7,885.5,1.356,24.34,8.03,243.3,0.53,PDC_12.25,2600,2605.9,5978.0,1,0,0,0
W006,2026-01-16 06:30:00,2160,2148.8,Limestone_B,4.48,46.41,93.6,595.4,435.6,881.7,1.355,24.02,8.14,245.8,2.63,PDC_12.25,2600,2627.9,5978.0,1,0,0,0
W006,2026-01-16 06:45:00,2180,2163.7,Limestone_B,4.15,45.25,95.3,595.2,430.1,872.6,1.348,24.3,7.92,248.4,1.63,PDC_12.25,2600,2617.2,5978.0,1,0,0,0
W006,2026-01-16 07:00:00,2200,2176.7,Limestone_B,5.03,45.05,92.4,594.0,432.2,874.3,1.351,23.95,8.04,245.8,2.38,PDC_12.25,2600,2658.8,5978.0,1,0,0,0
W006,2026-01-16 07:15:00,2220,2206.9,Limestone_B,4.0,44.68,93.6,589.6,438.1,878.2,1.353,23.8,8.03,250.9,1.68,PDC_12.25,2600,2632.7,5978.0,1,0,0,0
W006,2026-01-16 07:30:00,2240,2227.4,Limestone_B,4.0,43.54,90.6,586.4,443.1,887.0,1.347,24.26,8.03,255.0,2.27,PDC_12.25,2600,2589.7,5978.0,1,0,0,0
W006,2026-01-16 07:45:00,2260,2236.3,Limestone_B,4.0,41.58,91.9,583.9,448.8,882.2,1.353,23.89,7.77,250.1,1.52,PDC_12.25,2600,2535.3,5978.0,1,0,0,0
W006,2026-01-16 08:00:00,2280,2264.9,Limestone_B,4.0,40.98,93.9,577.0,457.6,896.8,1.345,23.68,7.67,255.4,1.99,PDC_12.25,2600,2641.1,5978.0,1,0,0,0
W006,2026-01-16 08:15:00,2300,2269.3,Limestone_B,4.0,42.31,95.1,578.2,465.4,902.8,1.339,23.61,7.67,249.1,2.89,PDC_12.25,2600,2640.2,5978.0,1,0,0,0
W006,2026-01-16 08:30:00,2320,2302.5,Limestone_B,4.01,40.41,97.6,583.8,465.9,894.7,1.331,23.47,7.47,254.5,2.92,PDC_12.25,2600,2630.8,5978.0,1,0,0,0
W006,2026-01-16 08:45:00,2340,2306.5,Limestone_B,4.37,40.31,99.7,583.3,473.3,888.4,1.324,23.83,7.54,259.2,2.84,PDC_12.25,2600,2660.8,5978.0,1,0,0,0
W006,2026-01-16 09:00:00,2360,2327.9,Limestone_B,4.07,40.81,101.5,579.8,474.4,894.7,1.317,24.14,7.62,260.7,1.35,PDC_12.25,2600,2600.2,5978.0,1,0,0,0
W006,2026-01-16 09:15:00,2380,2353.7,Limestone_B,4.0,42.69,98.7,583.9,474.9,890.8,1.308,24.26,7.69,254.9,2.78,PDC_12.25,2600,2601.0,5978.0,1,0,0,0
W006,2026-01-16 09:30:00,2400,2389.6,Shale_B,4.11,41.09,101.3,581.9,466.5,887.4,1.31,24.27,7.85,253.6,1.21,PDC_12.25,3400,3389.7,5978.0,1,0,0,0
W006,2026-01-16 09:45:00,2420,2402.2,Shale_B,4.96,39.46,103.3,579.7,468.7,877.0,1.301,23.99,7.55,257.0,1.79,PDC_12.25,3400,3314.3,5978.0,1,0,0,0
W006,2026-01-16 10:00:00,2440,2430.6,Shale_B,5.33,39.9,102.8,579.3,467.0,887.3,1.3,23.5,7.67,256.8,2.73,PDC_12.25,3400,3459.1,5978.0,1,0,0,0
W006,2026-01-16 10:15:00,2460,2436.5,Shale_B,4.39,39.88,103.5,575.7,471.3,890.1,1.3,23.03,7.87,257.8,2.59,PDC_12.25,3400,3313.7,5978.0,1,0,0,0
W006,2026-01-16 10:30:00,2480,2462.9,Shale_B,5.29,41.33,102.7,571.0,476.8,888.1,1.3,23.43,7.63,256.9,0.55,PDC_12.25,3400,3415.7,5978.0,1,0,0,0
W006,2026-01-16 10:45:00,2500,2465.1,Shale_B,4.84,40.61,101.7,573.9,468.0,901.0,1.3,23.93,7.37,265.2,1.06,PDC_12.25,3400,3433.0,5978.0,1,0,0,0
W006,2026-01-16 11:00:00,2520,2487.1,Shale_B,5.7,40.22,102.9,574.8,475.1,895.5,1.3,23.92,7.25,267.3,0.91,PDC_12.25,3400,3476.5,5978.0,1,0,0,0
W006,2026-01-16 11:15:00,2540,2520.7,Shale_B,5.33,39.0,102.2,591.9,485.0,900.6,1.297,23.87,7.6,266.7,1.64,PDC_12.25,3400,3415.7,5978.0,1,0,0,0
W006,2026-01-16 11:30:00,2560,2549.9,Shale_B,4.05,40.51,101.3,608.7,509.3,886.7,1.285,24.24,7.74,266.8,2.04,PDC_12.25,3400,3439.3,5978.0,1,0,0,0
W006,2026-01-16 11:45:00,2580,2573.1,Shale_B,2.69,39.95,103.9,630.0,549.4,888.6,1.278,23.88,7.81,264.2,0.63,PDC_12.25,3400,3396.0,5978.0,1,0,0,0
W006,2026-01-16 12:00:00,2600,2574.4,Shale_B,2.0,40.65,103.0,655.0,640.0,782.4,1.25,24.25,8.15,268.7,2.83,PDC_12.25,3400,3428.9,5978.0,2,1,0,0
W006,2026-01-16 12:15:00,2620,2580.8,Shale_B,4.0,38.82,105.4,600.0,550.0,784.4,1.3,24.22,8.41,263.1,1.18,PDC_12.25,3400,3492.4,5978.0,2,0,0,0
W006,2026-01-16 12:30:00,2640,2613.0,Shale_B,4.55,40.02,108.1,600.0,545.1,797.1,1.306,24.29,8.57,273.0,2.28,PDC_12.25,3400,3382.8,5978.0,2,0,0,0
W006,2026-01-16 12:45:00,2660,2652.5,Shale_B,4.0,39.57,107.5,594.7,535.6,786.1,1.309,24.59,8.96,268.2,2.0,PDC_12.25,3400,3443.5,5978.0,2,0,0,0
W006,2026-01-16 13:00:00,2680,2649.1,Shale_B,4.52,40.59,105.0,600.0,541.9,772.1,1.301,24.14,8.83,270.7,1.83,PDC_12.25,3400,3332.1,5978.0,2,0,0,0
W006,2026-01-16 13:15:00,2700,2681.2,Shale_B,4.2,38.77,103.8,600.0,540.1,765.3,1.3,24.46,9.23,269.8,1.45,PDC_12.25,3400,3484.0,5978.0,2,0,0,0
W006,2026-01-16 13:30:00,2720,2704.0,Shale_B,4.0,40.39,104.2,599.2,543.0,778.9,1.306,24.0,9.1,272.1,1.29,PDC_12.25,3400,3444.6,5978.0,2,0,0,0
W006,2026-01-16 13:45:00,2740,2722.3,Shale_B,4.56,42.35,102.8,600.0,548.3,774.8,1.311,23.6,9.33,273.6,1.23,PDC_12.25,3400,3466.6,5978.0,2,0,0,0
W006,2026-01-16 14:00:00,2760,2731.9,Shale_B,4.0,40.47,102.4,600.0,550.0,787.6,1.312,23.85,9.28,276.7,1.01,PDC_12.25,3400,3428.9,5978.0,2,0,0,0
W006,2026-01-16 14:15:00,2780,2744.2,Shale_B,4.0,41.36,104.4,598.4,549.0,798.1,1.318,23.64,9.14,276.9,1.91,PDC_12.25,3400,3427.4,5978.0,2,0,0,0
W006,2026-01-16 14:30:00,2800,2789.4,Shale_B,4.96,42.11,107.3,600.0,550.0,789.6,1.323,23.16,9.28,275.7,1.37,PDC_12.25,3400,3361.2,5978.0,2,0,0,0
W006,2026-01-16 14:45:00,2820,2789.6,Shale_B,4.0,42.55,106.5,598.7,550.0,783.9,1.332,22.84,9.41,278.6,1.13,PDC_12.25,3400,3472.3,5978.0,2,0,0,0
W006,2026-01-16 15:00:00,2840,2832.1,Shale_B,4.63,41.87,106.7,591.7,544.2,783.5,1.324,23.18,9.58,282.2,2.23,PDC_12.25,3400,3468.3,5978.0,2,0,0,0
W006,2026-01-16 15:15:00,2860,2841.9,Shale_B,4.87,43.78,107.6,584.2,548.7,795.7,1.33,23.26,9.72,283.6,0.73,PDC_12.25,3400,3411.1,5978.0,2,0,0,0
W006,2026-01-16 15:30:00,2880,2845.3,Shale_B,5.21,44.21,105.5,579.5,550.0,784.5,1.325,23.6,9.58,279.5,2.85,PDC_12.25,3400,3355.8,5978.0,2,0,0,0
W006,2026-01-16 15:45:00,2900,2858.2,Shale_B,5.47,45.23,107.9,586.1,550.0,776.3,1.315,23.48,9.29,282.6,2.15,PDC_12.25,3400,3377.5,5978.0,2,0,0,0
W006,2026-01-16 16:00:00,2920,2902.9,Shale_B,4.87,44.96,108.9,585.0,548.8,763.3,1.313,23.74,9.62,280.5,1.56,PDC_12.25,3400,3468.7,5978.0,2,0,0,0
W006,2026-01-16 16:15:00,2940,2906.6,Shale_B,4.31,44.72,110.7,586.8,541.0,767.1,1.307,23.75,9.64,286.1,1.66,PDC_12.25,3400,3490.3,5978.0,2,0,0,0
W007,2026-01-15 06:00:00,200,199.3,Alluvium_Top,15.9,43.68,119.6,275.0,345.5,849.2,1.417,23.86,8.28,159.5,2.29,PDC_8.5,200,196.8,12508.0,0,0,0,0
W007,2026-01-15 06:15:00,220,219.3,Alluvium_Top,15.49,45.49,116.7,273.0,353.4,842.4,1.412,23.66,8.37,159.3,2.32,PDC_8.5,200,204.8,12508.0,0,0,0,0
W007,2026-01-15 06:30:00,240,238.9,Alluvium_Top,14.78,47.22,115.3,267.4,345.2,844.3,1.404,23.3,8.21,158.6,2.01,PDC_8.5,200,202.1,12508.0,0,0,0,0
W007,2026-01-15 06:45:00,260,257.2,Alluvium_Top,14.21,46.2,118.1,259.5,352.8,835.3,1.413,23.14,8.16,163.8,1.97,PDC_8.5,200,203.1,12508.0,0,0,0,0
W007,2026-01-15 07:00:00,280,275.9,Alluvium_Top,14.76,44.37,115.2,258.8,345.4,840.2,1.407,23.07,7.92,163.1,0.79,PDC_8.5,200,200.6,12508.0,0,0,0,0
W007,2026-01-15 07:15:00,300,297.3,Alluvium_Top,15.85,42.94,116.5,251.9,337.6,840.5,1.406,23.52,8.28,166.3,2.01,PDC_8.5,200,194.6,12508.0,0,0,0,0
W007,2026-01-15 07:30:00,320,318.7,Alluvium_Top,16.92,43.35,117.0,247.6,328.5,853.9,1.402,23.46,7.97,167.8,0.57,PDC_8.5,200,198.3,12508.0,0,0,0,0
W007,2026-01-15 07:45:00,340,338.8,Alluvium_Top,17.85,44.27,115.0,248.7,324.8,844.2,1.409,23.36,7.89,162.0,1.46,PDC_8.5,200,195.7,12508.0,0,0,0,0
W007,2026-01-15 08:00:00,360,355.1,Alluvium_Top,18.93,46.06,112.9,243.5,332.1,841.0,1.399,23.13,7.97,169.2,0.83,PDC_8.5,200,198.4,12508.0,0,0,0,0
W007,2026-01-15 08:15:00,380,378.9,Alluvium_Top,19.53,46.42,114.5,242.4,337.3,837.2,1.394,23.36,7.91,171.9,1.37,PDC_8.5,200,205.1,12508.0,0,0,0,0
W007,2026-01-15 08:30:00,400,397.1,Shale_A,18.91,47.61,114.1,249.1,336.3,844.5,1.393,23.09,7.67,167.3,2.39,PDC_8.5,1800,1846.8,12508.0,0,0,0,0
W007,2026-01-15 08:45:00,420,415.1,Shale_A,18.39,47.54,111.4,254.2,346.1,841.7,1.383,22.76,7.79,170.0,2.47,PDC_8.5,1800,1820.4,12508.0,0,0,0,0
W007,2026-01-15 09:00:00,440,436.3,Shale_A,18.84,46.83,111.7,248.6,345.2,853.1,1.381,23.1,7.86,166.7,1.95,PDC_8.5,1800,1828.5,12508.0,0,0,0,0
W007,2026-01-15 09:15:00,460,454.7,Shale_A,17.93,46.5,109.1,242.2,343.5,847.3,1.39,22.98,8.07,171.0,2.26,PDC_8.5,1800,1789.1,12508.0,0,0,0,0
W007,2026-01-15 09:30:00,480,477.9,Shale_A,18.0,47.83,108.3,235.8,347.0,832.5,1.39,22.67,8.17,176.4,1.66,PDC_8.5,1800,1847.7,12508.0,0,0,0,0
W007,2026-01-15 09:45:00,500,495.2,Shale_A,17.99,49.55,110.6,240.4,342.9,833.9,1.384,22.61,8.16,175.8,2.74,PDC_8.5,1800,1800.8,12508.0,0,0,0,0
W007,2026-01-15 10:00:00,520,513.8,Shale_A,18.86,48.25,111.3,232.8,340.9,848.5,1.376,22.53,8.01,177.5,2.67,PDC_8.5,1800,1747.9,12508.0,0,0,0,0
W007,2026-01-15 10:15:00,540,534.9,Shale_A,19.17,47.6,112.3,225.3,333.6,854.1,1.37,22.89,7.66,171.5,3.0,PDC_8.5,1800,1754.8,12508.0,0,0,0,0
W007,2026-01-15 10:30:00,560,554.1,Shale_A,18.41,48.04,113.7,222.3,340.2,857.2,1.368,22.95,7.72,171.9,1.51,PDC_8.5,1800,1821.9,12508.0,0,0,0,0
W007,2026-01-15 10:45:00,580,578.8,Shale_A,19.04,47.97,116.3,219.0,338.5,865.8,1.369,23.0,7.36,175.1,1.18,PDC_8.5,1800,1789.3,12508.0,0,0,0,0
W007,2026-01-15 11:00:00,600,597.7,Shale_A,19.96,48.67,115.3,219.7,345.3,877.3,1.362,22.84,7.23,172.4,2.0,PDC_8.5,1800,1779.3,12508.0,0,0,0,0
W007,2026-01-15 11:15:00,620,616.8,Shale_A,20.54,49.18,114.6,214.0,349.5,887.9,1.366,22.36,7.0,173.6,1.93,PDC_8.5,1800,1787.2,12508.0,0,0,0,0
W007,2026-01-15 11:30:00,640,635.3,Shale_A,21.35,49.4,115.7,221.5,341.2,899.9,1.359,22.25,7.28,182.9,1.77,PDC_8.5,1800,1757.9,12508.0,0,0,0,0
W007,2026-01-15 11:45:00,660,656.3,Shale_A,22.15,47.89,117.6,221.2,340.2,897.6,1.359,22.7,7.32,184.2,0.95,PDC_8.5,1800,1822.5,12508.0,0,0,0,0
W007,2026-01-15 12:00:00,680,676.9,Shale_A,22.58,48.32,118.0,227.0,346.6,886.3,1.366,22.61,7.12,184.3,1.58,PDC_8.5,1800,1833.7,12508.0,0,0,0,0
W007,2026-01-15 12:15:00,700,697.8,Shale_A,21.39,48.3,115.6,231.1,342.1,884.6,1.358,22.4,7.35,178.0,2.12,PDC_8.5,1800,1774.4,12508.0,0,0,0,0
W007,2026-01-15 12:30:00,720,713.6,Shale_A,22.14,46.74,114.1,237.4,346.4,888.8,1.361,22.31,6.99,185.2,2.2,PDC_8.5,1800,1819.4,12508.0,0,0,0,0
W007,2026-01-15 12:45:00,740,736.7,Shale_A,21.75,45.92,116.3,242.2,346.7,877.7,1.355,22.47,6.9,186.7,2.87,PDC_8.5,1800,1843.2,12508.0,0,0,0,0
W007,2026-01-15 13:00:00,760,751.8,Shale_A,22.44,45.33,114.3,234.7,344.4,889.8,1.35,22.18,7.28,179.5,2.46,PDC_8.5,1800,1786.8,12508.0,0,0,0,0
W007,2026-01-15 13:15:00,780,772.5,Shale_A,23.44,43.89,114.6,231.1,335.7,876.3,1.342,21.75,7.49,185.0,1.36,PDC_8.5,1800,1750.0,12508.0,0,0,0,0
W007,2026-01-15 13:30:00,800,792.5,Shale_A,24.43,44.75,116.9,228.2,333.3,879.7,1.344,21.73,7.41,190.9,2.55,PDC_8.5,1800,1846.3,12508.0,0,0,0,0
W007,2026-01-15 13:45:00,820,814.2,Shale_A,23.88,43.15,116.0,226.6,323.6,889.1,1.341,21.81,7.07,183.6,2.72,PDC_8.5,1800,1824.5,12508.0,0,0,0,0
W007,2026-01-15 14:00:00,840,834.9,Shale_A,25.08,42.64,114.8,232.3,333.6,893.0,1.347,22.09,6.95,188.5,2.58,PDC_8.5,1800,1848.6,12508.0,0,0,0,0
W007,2026-01-15 14:15:00,860,849.7,Shale_A,24.69,41.22,113.2,238.8,324.3,884.6,1.343,22.21,6.98,185.9,0.91,PDC_8.5,1800,1748.3,12508.0,0,0,0,0
W007,2026-01-15 14:30:00,880,869.8,Shale_A,24.14,43.01,113.0,231.7,328.9,879.5,1.346,21.99,7.04,192.3,2.82,PDC_8.5,1800,1800.3,12508.0,0,0,0,0
W007,2026-01-15 14:45:00,900,898.2,Shale_A,24.05,44.72,115.4,225.1,321.5,879.4,1.338,21.84,6.76,191.9,2.87,PDC_8.5,1800,1782.2,12508.0,0,0,0,0
W007,2026-01-15 15:00:00,920,907.6,Shale_A,24.29,46.15,113.1,228.1,319.7,870.6,1.336,21.42,6.92,188.9,1.28,PDC_8.5,1800,1786.5,12508.0,0,0,0,0
W007,2026-01-15 15:15:00,940,931.7,Shale_A,24.27,46.44,113.5,226.7,313.6,878.0,1.329,21.02,7.09,189.4,1.27,PDC_8.5,1800,1839.4,12508.0,0,0,0,0
W007,2026-01-15 15:30:00,960,945.7,Shale_A,24.77,46.93,114.4,230.1,309.5,872.7,1.328,20.83,7.48,196.3,0.91,PDC_8.5,1800,1794.5,12508.0,0,0,0,0
W007,2026-01-15 15:45:00,980,971.8,Shale_A,24.16,45.39,114.6,235.8,314.2,864.2,1.326,20.84,7.73,197.5,2.77,PDC_8.5,1800,1750.6,12508.0,0,0,0,0
W007,2026-01-15 16:00:00,1000,988.1,Shale_A,23.23,45.65,113.1,234.7,316.9,856.9,1.317,20.35,7.35,190.1,0.78,PDC_8.5,1800,1821.0,12508.0,0,0,0,0
W007,2026-01-15 16:15:00,1020,1016.2,Shale_A,24.4,44.87,110.9,235.4,324.1,862.2,1.313,20.41,7.52,198.2,2.17,PDC_8.5,1800,1769.9,12508.0,0,0,0,0
W007,2026-01-15 16:30:00,1040,1026.2,Shale_A,24.59,44.59,111.7,240.5,314.2,877.0,1.307,20.38,7.82,194.1,1.69,PDC_8.5,1800,1840.0,12508.0,0,0,0,0
W007,2026-01-15 16:45:00,1060,1057.1,Shale_A,23.82,44.04,110.9,248.4,324.1,865.4,1.312,19.93,7.44,193.8,2.91,PDC_8.5,1800,1788.7,12508.0,0,0,0,0
W007,2026-01-15 17:00:00,1080,1075.3,Shale_A,23.01,43.0,111.0,249.5,318.5,873.1,1.308,20.35,7.57,198.0,2.47,PDC_8.5,1800,1766.9,12508.0,0,0,0,0
W007,2026-01-15 17:15:00,1100,1094.6,Shale_A,22.63,44.74,109.0,242.2,317.6,882.1,1.313,20.77,7.6,195.5,1.97,PDC_8.5,1800,1777.4,12508.0,0,0,0,0
W007,2026-01-15 17:30:00,1120,1107.4,Shale_A,21.84,42.79,109.6,248.4,321.0,896.6,1.304,21.17,7.85,198.5,2.93,PDC_8.5,1800,1756.1,12508.0,0,0,0,0
W007,2026-01-15 17:45:00,1140,1136.8,Shale_A,22.75,43.82,110.0,242.3,321.6,892.3,1.31,21.43,8.18,196.4,2.52,PDC_8.5,1800,1842.0,12508.0,0,0,0,0
W007,2026-01-15 18:00:00,1160,1154.7,Shale_A,21.86,42.15,107.1,244.4,324.2,906.9,1.308,21.26,8.28,205.5,2.84,PDC_8.5,1800,1831.2,12508.0,0,0,0,0
W007,2026-01-15 18:15:00,1180,1168.4,Shale_A,22.18,43.58,107.0,239.9,317.6,891.9,1.312,20.87,8.08,201.1,1.9,PDC_8.5,1800,1792.1,12508.0,0,0,0,0
W007,2026-01-15 18:30:00,1200,1192.6,Shale_A,21.11,42.08,107.0,237.3,313.5,878.9,1.32,21.06,7.78,199.7,2.94,PDC_8.5,1800,1818.9,12508.0,0,0,0,0
W007,2026-01-15 18:45:00,1220,1217.4,Shale_A,21.59,43.11,108.7,236.9,312.1,864.2,1.329,21.16,7.54,209.1,2.79,PDC_8.5,1800,1791.1,12508.0,0,0,0,0
W007,2026-01-15 19:00:00,1240,1228.9,Shale_A,22.78,42.09,110.8,242.1,306.7,852.2,1.339,20.96,7.84,200.8,0.55,PDC_8.5,1800,1840.4,12508.0,0,0,0,0
W007,2026-01-15 19:15:00,1260,1243.2,Shale_A,23.24,42.35,108.3,236.7,304.5,842.8,1.345,20.88,7.51,206.5,0.73,PDC_8.5,1800,1771.8,12508.0,0,0,0,0
W007,2026-01-15 19:30:00,1280,1274.6,Shale_A,24.1,44.05,110.3,234.0,299.9,844.3,1.349,21.37,7.22,203.1,2.24,PDC_8.5,1800,1771.9,12508.0,0,0,0,0
W007,2026-01-15 19:45:00,1300,1282.2,Shale_A,24.53,45.87,110.4,240.6,309.3,854.7,1.345,21.07,7.26,208.0,2.69,PDC_8.5,1800,1837.4,12508.0,0,0,0,0
W007,2026-01-15 20:00:00,1320,1302.6,Shale_A,25.13,44.25,109.3,238.8,311.8,844.4,1.352,21.02,7.59,209.1,1.19,PDC_8.5,1800,1773.8,12508.0,0,0,0,0
W007,2026-01-15 20:15:00,1340,1320.6,Shale_A,25.21,42.68,108.7,240.2,307.3,834.7,1.357,21.47,7.27,206.9,2.9,PDC_8.5,1800,1746.4,12508.0,0,0,0,0
W007,2026-01-15 20:30:00,1360,1347.2,Shale_A,24.02,44.17,107.5,247.2,303.6,839.3,1.349,21.21,7.49,211.5,2.82,PDC_8.5,1800,1851.6,12508.0,0,0,0,0
W007,2026-01-15 20:45:00,1380,1360.6,Shale_A,23.9,46.09,110.3,244.5,311.3,849.7,1.343,21.33,7.15,215.5,0.94,PDC_8.5,1800,1839.9,12508.0,0,0,0,0
W007,2026-01-15 21:00:00,1400,1392.8,Shale_A,24.08,47.51,113.1,243.5,302.5,857.2,1.344,21.28,7.0,213.0,1.35,PDC_8.5,1800,1789.2,12508.0,0,0,0,0
W007,2026-01-15 21:15:00,1420,1400.5,Shale_A,24.98,47.68,111.5,249.1,303.6,848.4,1.346,21.14,7.28,213.4,2.32,PDC_8.5,1800,1804.7,12508.0,0,0,0,0
W007,2026-01-15 21:30:00,1440,1420.7,Shale_A,26.14,48.91,109.5,245.5,300.2,852.9,1.351,21.39,7.29,217.9,1.59,PDC_8.5,1800,1788.8,12508.0,0,0,0,0
W007,2026-01-15 21:45:00,1460,1446.0,Shale_A,27.23,50.08,110.0,247.8,308.8,850.8,1.348,21.87,7.58,213.9,1.66,PDC_8.5,1800,1807.0,12508.0,0,0,0,0
W007,2026-01-15 22:00:00,1480,1459.2,Shale_A,28.33,49.7,112.3,242.8,309.8,836.5,1.353,21.95,7.68,212.1,1.03,PDC_8.5,1800,1762.1,12508.0,0,0,0,0
W007,2026-01-15 22:15:00,1500,1494.5,Shale_A,28.64,49.96,113.0,243.6,305.3,828.8,1.346,22.3,7.77,214.4,0.94,PDC_8.5,1800,1777.2,12508.0,0,0,0,0
W007,2026-01-15 22:30:00,1520,1499.4,Shale_A,29.02,49.59,111.6,251.3,311.2,822.9,1.353,22.56,7.61,217.7,0.96,PDC_8.5,1800,1826.2,12508.0,0,0,0,0
W007,2026-01-15 22:45:00,1540,1536.4,Shale_A,28.46,50.87,114.6,244.5,310.7,832.0,1.359,22.82,7.49,218.8,1.99,PDC_8.5,1800,1824.1,12508.0,0,0,0,0
W007,2026-01-15 23:00:00,1560,1552.1,Shale_A,29.48,49.95,117.5,247.2,310.0,835.4,1.354,22.59,7.18,216.3,1.37,PDC_8.5,1800,1781.4,12508.0,0,0,0,0
W007,2026-01-15 23:15:00,1580,1561.5,Shale_A,28.53,51.36,118.1,254.6,313.4,825.7,1.353,22.74,6.8,216.2,0.82,PDC_8.5,1800,1811.7,12508.0,0,0,0,0
W007,2026-01-15 23:30:00,1600,1587.4,Limestone_B,28.5,49.91,119.1,256.1,309.3,811.1,1.345,22.63,6.52,220.8,2.07,PDC_8.5,2600,2589.0,12508.0,0,0,0,0
W007,2026-01-15 23:45:00,1620,1610.0,Limestone_B,28.13,50.37,121.3,260.2,310.4,807.0,1.342,23.01,6.15,227.8,2.16,PDC_8.5,2600,2558.1,12508.0,0,0,0,0
W007,2026-01-16 00:00:00,1640,1626.3,Limestone_B,28.38,50.31,118.9,256.6,318.2,808.5,1.34,22.58,6.32,225.8,2.04,PDC_8.5,2600,2527.9,12508.0,0,0,0,0
W007,2026-01-16 00:15:00,1660,1652.2,Limestone_B,28.6,49.24,121.5,258.0,314.4,807.0,1.346,22.24,6.15,226.5,1.29,PDC_8.5,2600,2589.7,12508.0,0,0,0,0
W007,2026-01-16 00:30:00,1680,1668.7,Limestone_B,29.23,47.51,118.6,264.4,316.0,802.6,1.341,22.36,6.16,230.5,2.96,PDC_8.5,2600,2542.4,12508.0,0,0,0,0
W007,2026-01-16 00:45:00,1700,1676.3,Limestone_B,29.21,48.24,116.2,261.7,307.5,789.8,1.335,22.35,6.39,226.4,1.34,PDC_8.5,2600,2591.1,12508.0,0,0,0,0
W007,2026-01-16 01:00:00,1720,1696.5,Limestone_B,28.66,48.7,119.1,255.5,301.7,789.0,1.344,22.62,6.71,225.7,2.98,PDC_8.5,2600,2607.8,12508.0,0,0,0,0
W007,2026-01-16 01:15:00,1740,1726.0,Limestone_B,29.51,50.41,116.6,249.3,292.4,777.1,1.338,23.09,6.84,231.1,2.44,PDC_8.5,2600,2530.3,12508.0,0,0,0,0
W007,2026-01-16 01:30:00,1760,1734.5,Limestone_B,29.74,49.67,117.0,249.8,298.9,791.6,1.336,23.35,6.52,232.0,1.43,PDC_8.5,2600,2646.4,12508.0,0,0,0,0
W007,2026-01-16 01:45:00,1780,1762.3,Limestone_B,30.0,48.15,119.5,243.0,307.5,797.8,1.333,23.24,6.71,231.1,2.18,PDC_8.5,2600,2578.7,12508.0,0,0,0,0
W007,2026-01-16 02:00:00,1800,1796.1,Limestone_B,30.0,47.01,119.0,239.7,312.8,805.7,1.329,22.82,6.32,230.3,1.53,PDC_8.5,2600,2598.1,12508.0,0,0,0,0
W007,2026-01-16 02:15:00,1820,1799.2,Limestone_B,29.42,48.57,118.9,241.3,304.7,802.2,1.338,22.91,6.2,233.2,2.78,PDC_8.5,2600,2595.3,12508.0,0,0,0,0
W007,2026-01-16 02:30:00,1840,1812.6,Limestone_B,30.0,47.26,120.2,243.1,308.3,797.7,1.334,23.09,6.0,232.0,0.97,PDC_8.5,2600,2600.8,12508.0,0,0,0,0
W007,2026-01-16 02:45:00,1860,1855.9,Limestone_B,29.84,49.14,118.0,244.5,302.3,806.4,1.34,22.7,6.33,230.6,2.03,PDC_8.5,2600,2673.3,12508.0,0,0,0,0
W007,2026-01-16 03:00:00,1880,1863.2,Limestone_B,30.0,48.51,115.6,239.5,302.3,815.2,1.333,22.86,6.19,233.0,2.15,PDC_8.5,2600,2659.7,12508.0,0,0,0,0
W007,2026-01-16 03:15:00,1900,1890.6,Limestone_B,29.17,49.67,113.0,234.6,305.4,825.8,1.328,22.69,6.22,232.6,2.53,PDC_8.5,2600,2648.7,12508.0,0,0,0,0
W007,2026-01-16 03:30:00,1920,1892.5,Limestone_B,29.08,50.77,112.0,236.7,296.4,829.1,1.321,23.02,6.1,234.2,2.6,PDC_8.5,2600,2544.7,12508.0,0,0,0,0
W007,2026-01-16 03:45:00,1940,1923.2,Limestone_B,28.77,49.91,114.5,240.7,287.7,835.5,1.322,23.42,6.0,238.0,1.75,PDC_8.5,2600,2583.9,12508.0,0,0,0,0
W007,2026-01-16 04:00:00,1960,1945.9,Limestone_B,28.06,50.93,114.2,248.0,282.9,841.0,1.331,23.58,6.3,241.5,1.4,PDC_8.5,2600,2593.2,12508.0,0,0,0,0
W007,2026-01-16 04:15:00,1980,1975.5,Limestone_B,28.15,49.85,115.7,248.4,281.1,834.1,1.341,23.15,6.0,236.3,2.93,PDC_8.5,2600,2546.4,12508.0,0,0,0,0
W007,2026-01-16 04:30:00,2000,1973.9,Limestone_B,29.06,48.71,118.5,242.7,273.1,822.5,1.342,23.43,6.0,244.8,1.59,PDC_8.5,2600,2624.2,12508.0,0,0,0,0
W007,2026-01-16 04:45:00,2020,2014.8,Limestone_B,29.49,50.04,118.3,244.2,268.4,826.9,1.352,22.98,6.31,241.5,1.13,PDC_8.5,2600,2594.7,12508.0,0,0,0,0
W007,2026-01-16 05:00:00,2040,2027.8,Limestone_B,29.09,48.77,116.8,249.5,270.7,839.3,1.347,22.6,6.0,241.9,3.0,PDC_8.5,2600,2597.4,12508.0,0,0,0,0
W007,2026-01-16 05:15:00,2060,2049.5,Limestone_B,29.99,49.9,113.9,254.6,266.7,828.8,1.342,22.57,6.0,240.6,0.93,PDC_8.5,2600,2570.1,12508.0,0,0,0,0
W007,2026-01-16 05:30:00,2080,2067.2,Limestone_B,30.0,49.08,112.4,250.1,259.4,830.3,1.344,22.78,6.14,241.5,1.33,PDC_8.5,2600,2676.5,12508.0,0,0,0,0
W007,2026-01-16 05:45:00,2100,2070.3,Limestone_B,29.31,48.58,111.0,243.5,266.0,840.9,1.338,22.34,6.33,241.6,1.48,PDC_8.5,2600,2576.5,12508.0,0,0,0,0
W007,2026-01-16 06:00:00,2120,2110.4,Limestone_B,30.0,49.8,109.2,240.9,258.7,828.1,1.348,22.5,6.36,248.1,2.6,PDC_8.5,2600,2557.3,12508.0,0,0,0,0
W007,2026-01-16 06:15:00,2140,2122.3,Limestone_B,29.25,50.42,108.5,248.6,262.0,841.8,1.342,22.86,6.22,251.2,0.89,PDC_8.5,2600,2524.6,12508.0,0,0,0,0
W007,2026-01-16 06:30:00,2160,2128.0,Limestone_B,29.09,50.29,111.4,247.4,264.1,828.4,1.349,23.01,6.14,242.4,1.98,PDC_8.5,2600,2645.7,12508.0,0,0,0,0
W007,2026-01-16 06:45:00,2180,2149.8,Limestone_B,29.37,49.05,109.6,249.9,255.2,822.8,1.342,23.09,6.27,250.3,1.14,PDC_8.5,2600,2522.2,12508.0,0,0,0,0
W007,2026-01-16 07:00:00,2200,2175.3,Limestone_B,29.19,50.83,107.9,246.0,247.2,826.0,1.346,23.23,6.56,248.9,0.84,PDC_8.5,2600,2534.3,12508.0,0,0,0,0
W007,2026-01-16 07:15:00,2220,2209.2,Limestone_B,29.46,50.95,109.0,248.2,254.8,828.6,1.352,22.98,6.7,253.9,1.46,PDC_8.5,2600,2625.3,12508.0,0,0,0,0
W007,2026-01-16 07:30:00,2240,2217.7,Limestone_B,28.4,51.28,106.8,255.7,261.0,816.9,1.344,23.07,6.58,246.1,1.85,PDC_8.5,2600,2635.1,12508.0,0,0,0,0
W007,2026-01-16 07:45:00,2260,2244.9,Limestone_B,29.12,52.94,108.3,260.9,255.3,809.8,1.338,23.34,6.94,253.9,2.7,PDC_8.5,2600,2537.8,12508.0,0,0,0,0
W007,2026-01-16 08:00:00,2280,2270.1,Limestone_B,28.94,51.24,105.5,264.0,254.1,811.4,1.339,23.12,6.92,252.3,1.47,PDC_8.5,2600,2582.5,12508.0,0,0,0,0
W007,2026-01-16 08:15:00,2300,2269.5,Limestone_B,29.19,52.82,107.7,270.2,249.5,797.4,1.334,22.9,7.25,255.0,0.7,PDC_8.5,2600,2592.4,12508.0,0,0,0,0
W007,2026-01-16 08:30:00,2320,2300.0,Limestone_B,29.5,53.76,109.9,277.3,243.5,791.7,1.329,22.76,7.58,255.2,2.35,PDC_8.5,2600,2546.3,12508.0,0,0,0,0
W007,2026-01-16 08:45:00,2340,2335.1,Limestone_B,28.45,53.91,111.2,272.7,247.9,801.0,1.327,23.01,7.5,257.1,2.41,PDC_8.5,2600,2526.5,12508.0,0,0,0,0
W007,2026-01-16 09:00:00,2360,2347.2,Limestone_B,28.24,52.57,109.4,275.8,256.2,797.8,1.321,22.8,7.46,254.1,1.08,PDC_8.5,2600,2575.9,12508.0,0,0,0,0
W007,2026-01-16 09:15:00,2380,2347.5,Limestone_B,28.33,53.75,108.0,277.5,259.6,802.5,1.32,22.65,7.73,259.7,1.3,PDC_8.5,2600,2523.2,12508.0,0,0,0,0
W007,2026-01-16 09:30:00,2400,2376.4,Shale_B,27.36,54.08,105.3,274.9,264.7,796.3,1.325,22.9,7.53,260.3,2.37,PDC_8.5,3400,3312.6,12508.0,0,0,0,0
W007,2026-01-16 09:45:00,2420,2403.1,Shale_B,27.41,55.77,106.1,269.7,268.4,794.1,1.327,23.13,7.54,262.0,2.31,PDC_8.5,3400,3340.9,12508.0,0,0,0,0
W007,2026-01-16 10:00:00,2440,2417.9,Shale_B,28.22,57.51,103.9,269.5,263.6,801.7,1.331,22.77,7.84,256.6,2.49,PDC_8.5,3400,3328.8,12508.0,0,0,0,0
W007,2026-01-16 10:15:00,2460,2425.8,Shale_B,27.4,56.18,104.9,270.3,256.0,790.1,1.322,23.01,8.01,256.3,1.9,PDC_8.5,3400,3365.0,12508.0,0,0,0,0
W007,2026-01-16 10:30:00,2480,2451.1,Shale_B,28.38,56.97,107.5,275.3,262.6,792.2,1.318,22.73,7.87,262.9,0.93,PDC_8.5,3400,3482.4,12508.0,0,0,0,0
W007,2026-01-16 10:45:00,2500,2486.9,Shale_B,27.74,57.32,110.0,279.3,265.9,794.7,1.318,22.42,8.19,260.0,0.73,PDC_8.5,3400,3393.5,12508.0,0,0,0,0
W007,2026-01-16 11:00:00,2520,2487.1,Shale_B,27.43,55.43,107.8,274.1,257.0,799.4,1.325,22.29,8.49,260.5,1.31,PDC_8.5,3400,3333.8,12508.0,0,0,0,0
W007,2026-01-16 11:15:00,2540,2514.3,Shale_B,27.24,55.88,109.4,274.8,259.6,812.5,1.321,22.15,8.66,265.4,0.95,PDC_8.5,3400,3424.6,12508.0,0,0,0,0
W007,2026-01-16 11:30:00,2560,2522.8,Shale_B,27.05,54.59,111.9,279.0,259.2,817.9,1.329,21.79,8.46,265.6,2.5,PDC_8.5,3400,3393.4,12508.0,0,0,0,0
W007,2026-01-16 11:45:00,2580,2555.9,Shale_B,26.94,54.03,110.7,273.8,265.0,831.6,1.327,22.24,8.72,265.9,2.19,PDC_8.5,3400,3498.7,12508.0,0,0,0,0
W007,2026-01-16 12:00:00,2600,2571.1,Shale_B,25.88,54.82,108.0,278.9,271.5,823.7,1.323,22.22,8.8,264.9,1.98,PDC_8.5,3400,3412.0,12508.0,0,0,0,0
W007,2026-01-16 12:15:00,2620,2587.4,Shale_B,24.69,53.22,109.8,286.3,270.0,824.1,1.316,22.27,8.52,269.0,2.83,PDC_8.5,3400,3309.3,12508.0,0,0,0,0
W007,2026-01-16 12:30:00,2640,2607.0,Shale_B,23.55,52.72,107.5,283.9,263.5,820.3,1.314,22.07,8.65,273.0,1.5,PDC_8.5,3400,3454.0,12508.0,0,0,0,0
W007,2026-01-16 12:45:00,2660,2634.3,Shale_B,24.4,53.01,107.2,278.3,262.5,813.7,1.323,22.45,8.32,269.9,1.06,PDC_8.5,3400,3353.2,12508.0,0,0,0,0
W007,2026-01-16 13:00:00,2680,2658.0,Shale_B,24.47,52.35,105.4,283.1,265.0,812.7,1.317,22.28,8.69,270.8,1.5,PDC_8.5,3400,3476.9,12508.0,0,0,0,0
W007,2026-01-16 13:15:00,2700,2682.9,Shale_B,23.34,51.06,105.9,295.7,284.3,824.2,1.307,21.86,9.06,270.9,2.06,PDC_8.5,3400,3456.9,12508.0,0,0,0,0
W007,2026-01-16 13:30:00,2720,2702.5,Shale_B,21.13,52.08,107.7,316.5,314.1,812.6,1.285,21.7,8.91,276.9,2.46,PDC_8.5,3400,3409.5,12508.0,0,0,0,0
W007,2026-01-16 13:45:00,2740,2729.1,Shale_B,18.08,53.99,107.0,340.2,359.0,823.8,1.278,21.21,9.22,271.0,0.6,PDC_8.5,3400,3403.6,12508.0,0,0,0,0
W007,2026-01-16 14:00:00,2760,2732.5,Shale_B,13.31,54.29,108.9,399.8,456.8,705.4,1.25,21.71,8.91,277.7,1.75,PDC_8.5,3400,3474.2,12508.0,1,1,0,0
W007,2026-01-16 14:15:00,2780,2767.2,Shale_B,12.24,54.32,111.1,395.2,455.3,718.6,1.3,21.57,8.86,275.3,2.08,PDC_8.5,3400,3423.1,12508.0,1,0,0,0
W007,2026-01-16 14:30:00,2800,2758.7,Shale_B,13.0,54.45,110.1,397.7,459.7,720.3,1.3,21.24,8.69,273.8,2.18,PDC_8.5,3400,3390.2,12508.0,1,0,0,0
W007,2026-01-16 14:45:00,2820,2803.6,Shale_B,12.44,53.69,110.3,393.2,467.4,707.9,1.3,21.59,8.78,274.8,1.55,PDC_8.5,3400,3452.2,12508.0,1,0,0,0
W007,2026-01-16 15:00:00,2840,2820.5,Shale_B,13.38,53.06,113.3,385.3,458.0,717.6,1.3,21.15,8.57,277.1,2.33,PDC_8.5,3400,3496.5,12508.0,1,0,0,0
W007,2026-01-16 15:15:00,2860,2836.1,Shale_B,13.39,54.76,115.2,382.5,467.6,723.9,1.3,20.69,8.3,281.0,0.96,PDC_8.5,3400,3346.5,12508.0,1,0,0,0
W007,2026-01-16 15:30:00,2880,2851.2,Shale_B,14.4,54.14,117.6,389.6,457.7,722.8,1.3,21.1,8.31,275.3,0.78,PDC_8.5,3400,3317.0,12508.0,1,0,0,0
W007,2026-01-16 15:45:00,2900,2892.9,Shale_B,14.86,55.61,116.8,382.3,467.2,708.3,1.309,20.97,7.92,282.4,2.95,PDC_8.5,3400,3489.8,12508.0,1,0,0,0
W007,2026-01-16 16:00:00,2920,2898.3,Shale_B,14.09,55.87,117.6,386.1,460.8,722.1,1.312,21.32,7.95,280.5,2.94,PDC_8.5,3400,3330.8,12508.0,1,0,0,0
W007,2026-01-16 16:15:00,2940,2899.7,Shale_B,15.18,56.57,117.9,378.2,451.6,713.1,1.306,21.07,7.79,280.9,1.55,PDC_8.5,3400,3474.8,12508.0,1,0,0,0
W007,2026-01-16 16:30:00,2960,2922.4,Shale_B,15.6,56.72,117.6,380.4,458.2,710.9,1.309,21.52,8.06,282.5,2.11,PDC_8.5,3400,3306.6,12508.0,1,0,0,0
W007,2026-01-16 16:45:00,2980,2946.0,Shale_B,16.76,56.79,120.2,378.9,468.2,713.3,1.3,21.61,7.88,279.4,2.55,PDC_8.5,3400,3412.3,12508.0,1,0,0,0
W007,2026-01-16 17:00:00,3000,2962.1,Sandstone_C,16.25,55.57,123.0,376.7,470.2,716.6,1.301,22.02,8.02,284.0,2.66,PDC_8.5,4300,4376.5,12508.0,1,0,0,0
W007,2026-01-16 17:15:00,3020,2974.9,Sandstone_C,17.33,56.07,124.9,379.2,477.0,729.9,1.3,21.69,8.01,287.9,1.07,PDC_8.5,4300,4311.4,12508.0,1,0,0,0
W007,2026-01-16 17:30:00,3040,3007.4,Sandstone_C,18.46,56.85,124.3,374.3,474.1,720.0,1.3,22.1,8.41,283.4,0.64,PDC_8.5,4300,4259.5,12508.0,1,0,0,0
W007,2026-01-16 17:45:00,3060,3035.0,Sandstone_C,17.75,56.06,122.5,378.7,478.4,724.0,1.3,22.51,8.79,284.4,1.06,PDC_8.5,4300,4290.1,12508.0,1,0,0,0
W007,2026-01-16 18:00:00,3080,3038.0,Sandstone_C,17.6,56.39,122.6,376.0,479.2,737.8,1.3,22.66,8.42,284.3,1.88,PDC_8.5,4300,4194.5,12508.0,1,0,0,0
W007,2026-01-16 18:15:00,3100,3053.7,Sandstone_C,16.81,56.65,123.8,371.2,482.6,728.3,1.302,22.57,8.54,294.5,2.84,PDC_8.5,4300,4176.8,12508.0,1,0,0,0
W007,2026-01-16 18:30:00,3120,3083.9,Sandstone_C,15.77,58.46,122.5,369.3,474.4,716.7,1.307,23.01,8.63,292.6,2.4,PDC_8.5,4300,4399.4,12508.0,1,0,0,0
W007,2026-01-16 18:45:00,3140,3096.9,Sandstone_C,14.57,57.86,120.9,362.3,468.0,705.4,1.315,22.65,8.66,292.2,1.86,PDC_8.5,4300,4182.7,12508.0,1,0,0,0
W007,2026-01-16 19:00:00,3160,3143.7,Sandstone_C,14.74,57.44,119.0,363.3,489.4,721.4,1.309,22.54,8.93,289.4,2.34,PDC_8.5,4300,4253.2,12508.0,1,0,0,0
W007,2026-01-16 19:15:00,3180,3171.9,Sandstone_C,16.75,57.32,116.6,356.0,516.6,742.0,1.299,22.89,8.72,297.5,2.89,PDC_8.5,4300,4279.2,12508.0,1,0,0,0
W007,2026-01-16 19:30:00,3200,3175.1,Sandstone_C,20.17,55.61,117.0,356.9,576.1,801.9,1.285,22.74,8.47,289.0,1.77,PDC_8.5,4300,4387.1,12508.0,1,0,0,0
W007,2026-01-16 19:45:00,3220,3191.1,Sandstone_C,28.18,57.28,117.8,362.3,680.0,922.6,1.26,22.41,8.22,299.2,0.58,PDC_8.5,4300,4383.8,12508.0,2,0,0,1
W007,2026-01-16 20:00:00,3240,3196.0,Sandstone_C,28.58,58.64,117.0,361.1,550.0,931.1,1.3,22.35,8.01,294.9,2.29,PDC_8.5,4300,4251.9,12508.0,2,0,0,0
W007,2026-01-16 20:15:00,3260,3215.4,Sandstone_C,27.49,58.37,119.0,353.5,550.0,944.1,1.3,22.54,8.39,301.3,1.09,PDC_8.5,4300,4240.8,12508.0,2,0,0,0
W007,2026-01-16 20:30:00,3280,3239.8,Sandstone_C,27.97,59.27,120.0,350.9,543.4,946.5,1.3,22.77,8.34,296.0,1.23,PDC_8.5,4300,4209.3,12508.0,2,0,0,0
W008,2026-01-15 06:00:00,200,198.9,Alluvium_Top,14.03,44.39,117.2,275.0,344.9,844.8,1.423,24.22,8.06,163.6,0.55,PDC_6.125,200,197.2,6668.0,0,0,0,0
W008,2026-01-15 06:15:00,220,218.9,Alluvium_Top,14.9,43.06,116.2,269.8,346.9,851.2,1.419,24.26,8.21,159.1,2.64,PDC_6.125,200,205.5,6668.0,0,0,0,0
W008,2026-01-15 06:30:00,240,236.4,Alluvium_Top,15.19,42.0,116.5,277.1,354.5,848.3,1.415,23.99,8.24,156.9,1.87,PDC_6.125,200,194.8,6668.0,0,0,0,0
W008,2026-01-15 06:45:00,260,257.9,Alluvium_Top,14.52,43.88,117.9,274.7,346.4,848.8,1.409,24.03,8.51,162.9,2.08,PDC_6.125,200,197.9,6668.0,0,0,0,0
W008,2026-01-15 07:00:00,280,277.9,Alluvium_Top,15.56,43.93,116.7,274.1,340.1,852.9,1.409,23.63,8.27,162.4,2.72,PDC_6.125,200,205.1,6668.0,0,0,0,0
W008,2026-01-15 07:15:00,300,297.5,Alluvium_Top,15.17,44.22,116.4,276.6,331.1,852.7,1.405,23.46,8.64,160.3,1.28,PDC_6.125,200,202.2,6668.0,0,0,0,0
W008,2026-01-15 07:30:00,320,317.0,Alluvium_Top,14.97,45.2,118.5,273.6,329.0,848.4,1.412,23.0,8.49,166.2,1.91,PDC_6.125,200,204.4,6668.0,0,0,0,0
W008,2026-01-15 07:45:00,340,338.8,Alluvium_Top,14.24,44.92,118.5,280.0,324.2,859.4,1.415,22.52,8.67,160.7,2.99,PDC_6.125,200,200.5,6668.0,0,0,0,0
W008,2026-01-15 08:00:00,360,355.8,Alluvium_Top,13.66,44.45,117.6,278.0,320.6,863.0,1.408,22.87,8.92,166.0,2.63,PDC_6.125,200,197.6,6668.0,0,0,0,0
W008,2026-01-15 08:15:00,380,376.5,Alluvium_Top,13.95,44.28,118.0,284.4,330.0,867.0,1.413,22.45,8.65,169.4,1.58,PDC_6.125,200,194.2,6668.0,0,0,0,0
W008,2026-01-15 08:30:00,400,396.5,Shale_A,14.21,43.02,118.8,279.2,321.3,861.9,1.408,22.84,8.29,164.8,1.87,PDC_6.125,1800,1779.3,6668.0,0,0,0,0
W008,2026-01-15 08:45:00,420,414.4,Shale_A,13.03,44.97,119.8,277.0,320.7,854.9,1.405,22.99,8.6,165.7,2.6,PDC_6.125,1800,1751.0,6668.0,0,0,0,0
W008,2026-01-15 09:00:00,440,437.3,Shale_A,11.92,43.53,122.3,276.4,312.3,868.7,1.413,23.24,8.95,167.0,2.59,PDC_6.125,1800,1769.2,6668.0,0,0,0,0
W008,2026-01-15 09:15:00,460,455.1,Shale_A,12.63,42.92,123.9,272.6,308.9,856.9,1.422,23.03,8.97,169.6,2.9,PDC_6.125,1800,1839.9,6668.0,0,0,0,0
W008,2026-01-15 09:30:00,480,474.0,Shale_A,13.48,42.66,123.2,276.6,317.2,864.5,1.417,23.42,8.88,172.4,2.58,PDC_6.125,1800,1830.1,6668.0,0,0,0,0
W008,2026-01-15 09:45:00,500,494.8,Shale_A,13.71,44.23,121.2,275.3,323.9,850.1,1.409,23.91,8.7,177.3,0.96,PDC_6.125,1800,1830.7,6668.0,0,0,0,0
W008,2026-01-15 10:00:00,520,512.4,Shale_A,14.09,44.55,121.4,280.8,318.6,848.4,1.402,24.01,8.5,171.7,1.68,PDC_6.125,1800,1827.3,6668.0,0,0,0,0
W008,2026-01-15 10:15:00,540,533.6,Shale_A,14.54,44.27,123.6,283.9,308.8,851.9,1.394,24.29,8.89,174.6,2.21,PDC_6.125,1800,1755.9,6668.0,0,0,0,0
W008,2026-01-15 10:30:00,560,556.4,Shale_A,15.39,42.94,122.2,283.0,313.0,848.2,1.403,23.88,8.79,177.3,1.06,PDC_6.125,1800,1793.3,6668.0,0,0,0,0
W008,2026-01-15 10:45:00,580,571.6,Shale_A,14.32,41.42,124.8,283.8,318.9,843.2,1.405,23.87,9.15,178.6,2.33,PDC_6.125,1800,1763.7,6668.0,0,0,0,0
W008,2026-01-15 11:00:00,600,593.2,Shale_A,14.24,43.13,123.3,280.1,317.1,835.5,1.398,24.23,9.2,180.6,2.58,PDC_6.125,1800,1805.4,6668.0,0,0,0,0
W008,2026-01-15 11:15:00,620,614.5,Shale_A,13.24,44.79,122.7,278.4,313.2,834.3,1.393,24.1,9.44,181.2,1.26,PDC_6.125,1800,1805.2,6668.0,0,0,0,0
W008,2026-01-15 11:30:00,640,632.2,Shale_A,12.17,46.35,121.0,281.3,314.9,835.9,1.4,23.7,9.32,179.2,2.53,PDC_6.125,1800,1840.4,6668.0,0,0,0,0
W008,2026-01-15 11:45:00,660,652.0,Shale_A,11.93,45.11,122.6,274.8,315.2,822.8,1.397,23.8,9.36,178.7,1.57,PDC_6.125,1800,1832.7,6668.0,0,0,0,0
W008,2026-01-15 12:00:00,680,675.7,Shale_A,13.02,46.51,120.5,267.3,323.9,823.6,1.398,24.08,9.21,180.4,2.92,PDC_6.125,1800,1795.2,6668.0,0,0,0,0
W008,2026-01-15 12:15:00,700,697.9,Shale_A,12.14,45.33,122.1,264.0,314.3,836.9,1.391,23.59,9.0,178.9,1.56,PDC_6.125,1800,1762.6,6668.0,0,0,0,0
W008,2026-01-15 12:30:00,720,710.6,Shale_A,12.04,44.97,122.4,259.9,305.3,850.1,1.385,23.29,8.98,182.3,0.55,PDC_6.125,1800,1841.0,6668.0,0,0,0,0
W008,2026-01-15 12:45:00,740,729.1,Shale_A,12.48,43.88,121.9,260.8,313.1,844.9,1.378,23.28,9.18,179.4,1.56,PDC_6.125,1800,1786.8,6668.0,0,0,0,0
W008,2026-01-15 13:00:00,760,749.8,Shale_A,12.44,43.07,124.0,262.4,312.2,842.1,1.378,22.82,9.49,189.2,0.95,PDC_6.125,1800,1749.6,6668.0,0,0,0,0
W008,2026-01-15 13:15:00,780,774.8,Shale_A,12.83,43.72,126.1,266.4,311.2,845.5,1.382,22.83,9.47,186.6,1.89,PDC_6.125,1800,1761.5,6668.0,0,0,0,0
W008,2026-01-15 13:30:00,800,792.1,Shale_A,13.36,44.29,126.2,269.3,310.2,837.8,1.372,22.89,9.54,190.7,1.4,PDC_6.125,1800,1812.2,6668.0,0,0,0,0
W008,2026-01-15 13:45:00,820,809.4,Shale_A,12.33,45.38,124.7,271.0,314.0,836.9,1.38,22.83,9.37,190.9,2.65,PDC_6.125,1800,1767.8,6668.0,0,0,0,0
W008,2026-01-15 14:00:00,840,833.0,Shale_A,11.35,44.53,127.5,271.9,311.5,848.6,1.379,22.65,9.72,191.3,2.61,PDC_6.125,1800,1748.8,6668.0,0,0,0,0
W008,2026-01-15 14:15:00,860,857.7,Shale_A,10.58,44.82,130.4,268.6,317.4,848.3,1.37,22.91,9.45,190.0,0.71,PDC_6.125,1800,1831.3,6668.0,0,0,0,0
W008,2026-01-15 14:30:00,880,875.9,Shale_A,9.92,43.34,133.1,272.0,322.2,848.3,1.369,22.52,9.5,187.1,2.94,PDC_6.125,1800,1777.5,6668.0,0,0,0,0
W008,2026-01-15 14:45:00,900,889.1,Shale_A,9.08,44.48,130.8,267.0,316.4,850.0,1.375,22.33,9.17,190.1,2.37,PDC_6.125,1800,1790.6,6668.0,0,0,0,0
W008,2026-01-15 15:00:00,920,908.4,Shale_A,10.15,46.3,133.7,271.9,310.2,841.4,1.372,22.15,9.54,194.3,2.31,PDC_6.125,1800,1769.8,6668.0,0,0,0,0
W008,2026-01-15 15:15:00,940,934.8,Shale_A,10.94,44.95,135.9,268.3,301.8,846.1,1.375,21.74,9.4,197.2,2.2,PDC_6.125,1800,1844.2,6668.0,0,0,0,0
W008,2026-01-15 15:30:00,960,951.6,Shale_A,9.93,44.06,134.4,264.1,295.7,848.3,1.372,22.06,9.15,192.8,0.53,PDC_6.125,1800,1769.0,6668.0,0,0,0,0
W008,2026-01-15 15:45:00,980,976.5,Shale_A,11.08,45.22,134.3,257.5,297.5,856.1,1.366,22.13,9.4,196.8,2.51,PDC_6.125,1800,1752.0,6668.0,0,0,0,0
W008,2026-01-15 16:00:00,1000,986.1,Shale_A,10.85,45.5,136.0,260.7,307.4,841.5,1.363,21.91,9.21,192.2,2.27,PDC_6.125,1800,1847.3,6668.0,0,0,0,0
W008,2026-01-15 16:15:00,1020,1016.6,Shale_A,11.31,44.5,134.5,262.8,312.6,852.8,1.37,22.37,9.28,200.0,2.52,PDC_6.125,1800,1826.1,6668.0,0,0,0,0
W008,2026-01-15 16:30:00,1040,1026.8,Shale_A,12.43,44.39,136.3,256.8,310.5,845.9,1.366,21.99,9.52,191.9,1.28,PDC_6.125,1800,1747.3,6668.0,0,0,0,0
W008,2026-01-15 16:45:00,1060,1050.9,Shale_A,11.84,43.43,136.2,259.2,302.9,836.2,1.361,22.46,9.44,198.7,1.1,PDC_6.125,1800,1809.6,6668.0,0,0,0,0
W008,2026-01-15 17:00:00,1080,1074.2,Shale_A,10.72,43.3,135.6,253.4,306.7,851.0,1.359,22.58,9.81,201.9,1.66,PDC_6.125,1800,1754.0,6668.0,0,0,0,0
W008,2026-01-15 17:15:00,1100,1097.6,Shale_A,10.75,42.42,133.6,252.2,299.3,857.0,1.358,22.61,9.53,195.9,1.96,PDC_6.125,1800,1759.8,6668.0,0,0,0,0
W008,2026-01-15 17:30:00,1120,1113.0,Shale_A,10.24,43.9,131.0,258.2,299.8,854.2,1.354,22.41,9.37,204.2,2.31,PDC_6.125,1800,1756.4,6668.0,0,0,0,0
W008,2026-01-15 17:45:00,1140,1132.9,Shale_A,9.66,44.37,130.8,262.7,296.0,858.5,1.362,22.31,9.02,201.5,1.36,PDC_6.125,1800,1832.3,6668.0,0,0,0,0
W008,2026-01-15 18:00:00,1160,1155.3,Shale_A,9.63,44.23,131.7,256.4,291.1,871.1,1.365,21.82,8.78,204.0,2.41,PDC_6.125,1800,1848.7,6668.0,0,0,0,0
W008,2026-01-15 18:15:00,1180,1170.2,Shale_A,10.66,44.44,132.9,257.9,283.6,885.0,1.357,21.57,9.03,204.3,2.6,PDC_6.125,1800,1777.6,6668.0,0,0,0,0
W008,2026-01-15 18:30:00,1200,1193.5,Shale_A,11.67,42.59,135.0,253.6,290.6,874.2,1.359,21.96,9.01,206.5,2.51,PDC_6.125,1800,1786.7,6668.0,0,0,0,0
W008,2026-01-15 18:45:00,1220,1207.4,Shale_A,11.54,41.28,132.3,249.5,283.5,875.9,1.353,21.5,8.64,208.2,1.98,PDC_6.125,1800,1845.9,6668.0,0,0,0,0
W008,2026-01-15 19:00:00,1240,1224.8,Shale_A,10.51,43.2,133.0,244.4,287.1,883.8,1.352,21.86,8.36,203.6,0.73,PDC_6.125,1800,1842.6,6668.0,0,0,0,0
W008,2026-01-15 19:15:00,1260,1242.4,Shale_A,11.51,41.51,132.6,244.9,295.1,898.7,1.357,22.33,8.59,211.3,2.27,PDC_6.125,1800,1771.8,6668.0,0,0,0,0
W008,2026-01-15 19:30:00,1280,1269.5,Shale_A,11.86,40.91,131.2,246.1,303.8,884.7,1.362,22.55,8.96,211.9,2.41,PDC_6.125,1800,1789.4,6668.0,0,0,0,0
W008,2026-01-15 19:45:00,1300,1284.9,Shale_A,11.97,41.97,133.6,250.7,297.7,887.7,1.359,22.06,8.72,204.6,2.61,PDC_6.125,1800,1768.1,6668.0,0,0,0,0
W008,2026-01-15 20:00:00,1320,1307.5,Shale_A,13.07,41.49,130.7,247.2,290.1,875.8,1.351,22.15,8.47,208.0,2.66,PDC_6.125,1800,1776.7,6668.0,0,0,0,0
W008,2026-01-15 20:15:00,1340,1328.6,Shale_A,13.07,41.09,132.2,240.4,281.9,880.4,1.351,22.44,8.8,209.2,1.99,PDC_6.125,1800,1844.9,6668.0,0,0,0,0
W008,2026-01-15 20:30:00,1360,1344.5,Shale_A,13.86,42.74,130.7,244.8,277.2,871.7,1.36,21.96,9.17,207.7,2.55,PDC_6.125,1800,1852.0,6668.0,0,0,0,0
W008,2026-01-15 20:45:00,1380,1369.6,Shale_A,13.18,43.08,129.8,247.3,267.5,858.6,1.352,21.88,9.42,216.0,1.11,PDC_6.125,1800,1783.9,6668.0,0,0,0,0
W008,2026-01-15 21:00:00,1400,1382.5,Shale_A,12.67,42.72,129.9,241.5,258.0,848.2,1.355,21.45,9.17,211.4,0.69,PDC_6.125,1800,1829.0,6668.0,0,0,0,0
W008,2026-01-15 21:15:00,1420,1412.9,Shale_A,11.52,43.33,129.2,244.3,259.8,839.9,1.362,21.44,9.43,213.0,2.96,PDC_6.125,1800,1844.4,6668.0,0,0,0,0
W008,2026-01-15 21:30:00,1440,1435.8,Shale_A,11.55,43.22,130.7,250.4,269.1,834.6,1.368,21.15,9.47,211.6,1.37,PDC_6.125,1800,1850.3,6668.0,0,0,0,0
W008,2026-01-15 21:45:00,1460,1452.3,Shale_A,11.87,43.59,128.4,247.6,270.4,825.2,1.374,21.62,9.24,212.6,1.64,PDC_6.125,1800,1761.8,6668.0,0,0,0,0
W008,2026-01-15 22:00:00,1480,1475.0,Shale_A,10.72,43.75,131.1,245.9,268.8,839.3,1.378,21.84,9.29,221.3,2.22,PDC_6.125,1800,1776.4,6668.0,0,0,0,0
W008,2026-01-15 22:15:00,1500,1481.1,Shale_A,11.28,42.91,129.9,250.4,264.7,841.2,1.373,22.16,8.98,220.8,2.01,PDC_6.125,1800,1821.5,6668.0,0,0,0,0
W008,2026-01-15 22:30:00,1520,1511.6,Shale_A,10.76,42.2,129.0,243.4,274.4,827.1,1.376,22.03,9.1,217.0,2.18,PDC_6.125,1800,1804.5,6668.0,0,0,0,0
W008,2026-01-15 22:45:00,1540,1530.7,Shale_A,9.83,42.83,127.7,235.9,272.7,825.1,1.375,22.23,8.95,217.5,0.65,PDC_6.125,1800,1820.6,6668.0,0,0,0,0
W008,2026-01-15 23:00:00,1560,1554.3,Shale_A,9.47,43.65,127.9,235.4,272.9,829.2,1.378,22.02,8.66,216.8,2.1,PDC_6.125,1800,1807.3,6668.0,0,0,0,0
W008,2026-01-15 23:15:00,1580,1566.5,Shale_A,8.68,44.68,129.9,241.5,275.0,840.0,1.368,21.63,8.33,223.2,0.67,PDC_6.125,1800,1790.2,6668.0,0,0,0,0
W008,2026-01-15 23:30:00,1600,1588.2,Limestone_B,8.23,46.16,127.9,239.1,280.5,825.9,1.371,21.95,8.68,225.8,1.3,PDC_6.125,2600,2595.7,6668.0,0,0,0,0
W008,2026-01-15 23:45:00,1620,1604.5,Limestone_B,7.65,44.54,126.8,245.1,277.4,827.8,1.37,21.91,9.06,220.9,2.07,PDC_6.125,2600,2534.1,6668.0,0,0,0,0
W008,2026-01-16 00:00:00,1640,1632.7,Limestone_B,7.62,45.79,124.4,238.2,270.5,835.7,1.374,21.98,9.03,227.7,2.42,PDC_6.125,2600,2531.5,6668.0,0,0,0,0
W008,2026-01-16 00:15:00,1660,1636.8,Limestone_B,7.96,45.62,126.6,245.0,261.0,822.2,1.383,21.76,9.33,223.6,0.8,PDC_6.125,2600,2648.9,6668.0,0,0,0,0
W008,2026-01-16 00:30:00,1680,1656.9,Limestone_B,7.36,45.57,127.8,252.8,259.8,822.7,1.383,21.8,9.34,220.7,0.5,PDC_6.125,2600,2546.4,6668.0,0,0,0,0
W008,2026-01-16 00:45:00,1700,1693.3,Limestone_B,7.85,44.39,130.2,259.7,269.3,835.9,1.378,21.81,9.08,229.6,2.72,PDC_6.125,2600,2537.8,6668.0,0,0,0,0
W008,2026-01-16 01:00:00,1720,1714.7,Limestone_B,8.47,42.78,127.4,263.8,267.8,850.8,1.37,22.17,9.06,230.7,2.54,PDC_6.125,2600,2589.6,6668.0,0,0,0,0
W008,2026-01-16 01:15:00,1740,1734.2,Limestone_B,9.55,41.39,124.9,262.7,274.4,850.0,1.377,22.4,8.83,232.8,0.65,PDC_6.125,2600,2568.5,6668.0,0,0,0,0
W008,2026-01-16 01:30:00,1760,1748.2,Limestone_B,9.55,41.08,122.9,260.4,268.3,841.1,1.371,22.39,9.07,229.9,2.73,PDC_6.125,2600,2569.5,6668.0,0,0,0,0
W008,2026-01-16 01:45:00,1780,1771.4,Limestone_B,9.95,40.88,124.0,253.5,275.5,849.4,1.366,22.66,8.68,227.3,0.66,PDC_6.125,2600,2629.5,6668.0,0,0,0,0
W008,2026-01-16 02:00:00,1800,1777.3,Limestone_B,10.7,38.9,124.0,256.8,268.6,853.9,1.358,22.34,8.66,232.5,0.86,PDC_6.125,2600,2639.9,6668.0,0,0,0,0
W008,2026-01-16 02:15:00,1820,1796.2,Limestone_B,10.07,37.81,123.4,259.3,267.4,862.2,1.362,21.97,8.3,235.7,0.7,PDC_6.125,2600,2553.9,6668.0,0,0,0,0
W008,2026-01-16 02:30:00,1840,1818.2,Limestone_B,10.38,38.14,126.3,265.5,265.6,858.3,1.358,21.62,8.01,229.1,0.79,PDC_6.125,2600,2525.5,6668.0,0,0,0,0
W008,2026-01-16 02:45:00,1860,1835.7,Limestone_B,11.49,38.45,129.2,263.5,264.8,853.0,1.352,21.26,8.37,238.6,0.61,PDC_6.125,2600,2569.8,6668.0,0,0,0,0
W008,2026-01-16 03:00:00,1880,1872.4,Limestone_B,10.74,37.91,127.0,262.8,260.2,848.6,1.344,21.19,8.76,232.9,2.69,PDC_6.125,2600,2588.1,6668.0,0,0,0,0
W008,2026-01-16 03:15:00,1900,1890.3,Limestone_B,11.44,38.55,129.1,256.0,259.5,863.3,1.349,21.65,8.98,239.2,2.27,PDC_6.125,2600,2670.5,6668.0,0,0,0,0
W008,2026-01-16 03:30:00,1920,1912.1,Limestone_B,12.46,39.85,131.2,258.8,255.6,849.4,1.358,21.74,8.82,232.9,2.57,PDC_6.125,2600,2603.6,6668.0,0,0,0,0
W008,2026-01-16 03:45:00,1940,1930.4,Limestone_B,12.81,39.31,130.0,250.9,262.3,837.0,1.361,21.74,8.84,241.6,0.58,PDC_6.125,2600,2649.1,6668.0,0,0,0,0
W008,2026-01-16 04:00:00,1960,1951.0,Limestone_B,11.7,39.03,127.4,255.5,262.9,822.9,1.352,21.85,9.08,237.6,1.89,PDC_6.125,2600,2530.1,6668.0,0,0,0,0
W008,2026-01-16 04:15:00,1980,1960.1,Limestone_B,11.04,39.48,128.2,259.2,265.3,837.0,1.346,22.3,9.11,240.8,0.75,PDC_6.125,2600,2617.2,6668.0,0,0,0,0
W008,2026-01-16 04:30:00,2000,1981.5,Limestone_B,11.54,37.64,128.5,252.6,275.2,848.9,1.336,22.66,9.45,238.5,2.3,PDC_6.125,2600,2642.0,6668.0,0,0,0,0
W008,2026-01-16 04:45:00,2020,2013.0,Limestone_B,10.16,36.93,128.0,269.4,281.8,844.4,1.334,23.05,9.45,251.3,2.89,PDC_6.125,2600,2624.2,6668.0,0,0,0,0
W008,2026-01-16 05:00:00,2040,2010.5,Limestone_B,8.1,38.82,127.2,312.3,275.7,832.8,1.339,23.32,9.83,264.5,1.11,PDC_6.125,2600,2548.4,6668.0,0,0,0,0
W008,2026-01-16 05:15:00,2060,2053.6,Limestone_B,4.72,38.07,129.6,381.2,270.0,844.5,1.349,22.91,10.12,271.6,1.81,PDC_6.125,2600,2675.7,6668.0,0,0,0,0
W008,2026-01-16 05:30:00,2080,2057.7,Limestone_B,2.0,36.92,107.1,522.2,260.3,841.9,1.34,22.82,9.75,317.0,1.02,PDC_6.125,2600,2673.8,6668.0,1,0,1,0
W008,2026-01-16 05:45:00,2100,2069.9,Limestone_B,4.0,35.8,104.5,525.7,258.1,849.9,1.339,22.67,9.71,247.0,2.76,PDC_6.125,2600,2657.7,6668.0,1,0,0,0
W008,2026-01-16 06:00:00,2120,2092.9,Limestone_B,4.0,35.67,106.8,523.5,266.7,853.8,1.348,22.93,9.39,242.7,1.49,PDC_6.125,2600,2603.8,6668.0,1,0,0,0
W008,2026-01-16 06:15:00,2140,2130.9,Limestone_B,4.0,37.5,106.4,528.1,275.5,865.1,1.342,22.93,9.27,245.3,1.4,PDC_6.125,2600,2599.2,6668.0,1,0,0,0
W008,2026-01-16 06:30:00,2160,2144.4,Limestone_B,4.06,39.43,103.8,527.9,281.0,854.6,1.344,22.67,9.56,245.5,1.32,PDC_6.125,2600,2592.5,6668.0,1,0,0,0
W008,2026-01-16 06:45:00,2180,2154.6,Limestone_B,4.0,39.1,102.9,528.3,283.0,856.6,1.347,22.48,9.26,250.7,2.63,PDC_6.125,2600,2550.6,6668.0,1,0,0,0
W008,2026-01-16 07:00:00,2200,2192.4,Limestone_B,4.0,39.23,103.9,521.0,287.4,843.5,1.346,22.81,9.22,245.5,2.96,PDC_6.125,2600,2585.5,6668.0,1,0,0,0
W008,2026-01-16 07:15:00,2220,2200.6,Limestone_B,4.0,37.97,106.5,521.5,294.4,838.8,1.343,23.3,9.24,246.3,1.05,PDC_6.125,2600,2642.3,6668.0,1,0,0,0
W008,2026-01-16 07:30:00,2240,2222.6,Limestone_B,4.0,37.65,108.2,519.2,304.1,829.2,1.345,22.89,9.43,255.7,2.55,PDC_6.125,2600,2528.6,6668.0,1,0,0,0
W008,2026-01-16 07:45:00,2260,2249.0,Limestone_B,4.8,39.39,111.1,517.5,313.9,818.9,1.34,22.48,9.25,254.4,2.63,PDC_6.125,2600,2597.6,6668.0,1,0,0,0
W008,2026-01-16 08:00:00,2280,2260.4,Limestone_B,4.83,40.22,110.4,523.0,317.4,824.8,1.341,22.87,9.05,251.4,2.44,PDC_6.125,2600,2620.4,6668.0,1,0,0,0
W008,2026-01-16 08:15:00,2300,2271.2,Limestone_B,4.46,39.7,112.7,522.4,317.7,819.8,1.337,23.03,8.75,257.3,2.45,PDC_6.125,2600,2660.7,6668.0,1,0,0,0
W008,2026-01-16 08:30:00,2320,2295.3,Limestone_B,4.71,38.44,111.3,520.9,321.7,824.0,1.338,23.3,8.96,255.6,2.47,PDC_6.125,2600,2630.3,6668.0,1,0,0,0
W008,2026-01-16 08:45:00,2340,2311.5,Limestone_B,4.99,39.73,111.6,516.4,322.5,820.1,1.342,23.28,9.23,257.1,2.21,PDC_6.125,2600,2659.5,6668.0,1,0,0,0
W008,2026-01-16 09:00:00,2360,2351.5,Limestone_B,5.81,40.89,110.6,517.0,315.2,821.3,1.335,23.33,9.35,255.1,1.75,PDC_6.125,2600,2675.5,6668.0,1,0,0,0
W008,2026-01-16 09:15:00,2380,2368.7,Limestone_B,6.51,39.57,107.8,512.0,320.5,818.5,1.342,23.35,8.97,259.3,0.78,PDC_6.125,2600,2538.9,6668.0,1,0,0,0
W008,2026-01-16 09:30:00,2400,2375.9,Shale_B,6.14,40.62,110.5,509.9,327.1,809.2,1.348,23.51,8.72,256.0,0.83,PDC_6.125,3400,3332.3,6668.0,1,0,0,0
W008,2026-01-16 09:45:00,2420,2396.6,Shale_B,6.49,42.6,107.6,510.6,328.6,821.6,1.348,23.55,8.7,256.6,0.64,PDC_6.125,3400,3339.5,6668.0,1,0,0,0
W008,2026-01-16 10:00:00,2440,2411.4,Shale_B,6.61,41.83,107.8,504.7,337.3,833.4,1.342,23.39,8.79,255.8,1.39,PDC_6.125,3400,3308.7,6668.0,1,0,0,0
W008,2026-01-16 10:15:00,2460,2425.1,Shale_B,7.46,42.15,107.9,511.6,345.9,847.5,1.335,23.05,8.93,261.1,0.55,PDC_6.125,3400,3484.8,6668.0,1,0,0,0
W008,2026-01-16 10:30:00,2480,2474.8,Shale_B,8.35,41.58,110.2,513.1,352.0,845.3,1.327,22.98,8.9,262.1,0.76,PDC_6.125,3400,3479.2,6668.0,1,0,0,0
W008,2026-01-16 10:45:00,2500,2463.1,Shale_B,7.63,41.69,110.4,512.1,357.4,845.8,1.329,23.2,8.52,263.2,2.71,PDC_6.125,3400,3347.8,6668.0,1,0,0,0
W008,2026-01-16 11:00:00,2520,2506.4,Shale_B,8.65,41.1,110.2,519.8,351.4,832.8,1.336,23.57,8.5,263.5,2.59,PDC_6.125,3400,3380.7,6668.0,1,0,0,0
W008,2026-01-16 11:15:00,2540,2504.8,Shale_B,7.49,41.02,112.4,526.1,360.5,844.2,1.338,23.51,8.72,266.7,1.85,PDC_6.125,3400,3352.1,6668.0,1,0,0,0
W008,2026-01-16 11:30:00,2560,2548.5,Shale_B,7.38,40.47,113.2,528.9,354.7,854.3,1.334,23.2,8.65,267.5,2.91,PDC_6.125,3400,3486.9,6668.0,1,0,0,0
W008,2026-01-16 11:45:00,2580,2561.1,Shale_B,6.52,38.75,113.5,525.5,361.3,859.5,1.343,22.95,8.64,266.1,1.1,PDC_6.125,3400,3489.8,6668.0,1,0,0,0
W008,2026-01-16 12:00:00,2600,2584.4,Shale_B,6.39,38.2,110.6,525.9,358.0,844.5,1.339,22.73,8.55,263.3,1.77,PDC_6.125,3400,3388.4,6668.0,1,0,0,0
W008,2026-01-16 12:15:00,2620,2588.3,Shale_B,7.12,38.01,110.7,530.9,356.6,850.5,1.338,22.65,8.76,264.6,1.35,PDC_6.125,3400,3426.6,6668.0,1,0,0,0
W008,2026-01-16 12:30:00,2640,2607.1,Shale_B,6.47,38.33,112.5,535.5,353.9,865.2,1.34,22.55,9.03,271.1,2.37,PDC_6.125,3400,3371.3,6668.0,1,0,0,0
W008,2026-01-16 12:45:00,2660,2643.5,Shale_B,7.34,38.35,113.6,536.9,360.7,858.7,1.342,22.17,9.18,272.0,0.61,PDC_6.125,3400,3393.5,6668.0,1,0,0,0
W008,2026-01-16 13:00:00,2680,2641.0,Shale_B,6.44,38.03,111.8,535.5,358.4,865.9,1.347,22.28,8.8,274.9,2.22,PDC_6.125,3400,3382.6,6668.0,1,0,0,0
W008,2026-01-16 13:15:00,2700,2662.8,Shale_B,5.72,38.35,111.6,534.2,366.2,864.0,1.339,22.73,9.14,273.3,1.67,PDC_6.125,3400,3465.0,6668.0,1,0,0,0
W008,2026-01-16 13:30:00,2720,2707.8,Shale_B,4.7,36.62,111.8,528.8,356.4,861.7,1.332,22.39,8.8,269.5,2.29,PDC_6.125,3400,3459.3,6668.0,1,0,0,0
W008,2026-01-16 13:45:00,2740,2725.1,Shale_B,4.72,34.75,109.2,524.9,357.3,868.9,1.334,22.28,8.49,276.1,1.41,PDC_6.125,3400,3390.3,6668.0,1,0,0,0
W008,2026-01-16 14:00:00,2760,2736.6,Shale_B,5.29,36.38,111.7,525.5,357.5,861.9,1.343,22.24,8.19,273.5,0.82,PDC_6.125,3400,3402.6,6668.0,1,0,0,0
W008,2026-01-16 14:15:00,2780,2743.3,Shale_B,4.9,34.67,114.4,529.9,364.3,857.9,1.348,22.23,7.95,271.3,1.36,PDC_6.125,3400,3412.5,6668.0,1,0,0,0
W008,2026-01-16 14:30:00,2800,2788.4,Shale_B,4.0,34.43,114.1,526.7,365.7,847.4,1.354,22.06,8.02,278.2,2.72,PDC_6.125,3400,3501.6,6668.0,1,0,0,0
W008,2026-01-16 14:45:00,2820,2814.4,Shale_B,4.0,34.44,115.7,532.7,357.8,843.9,1.36,21.99,7.89,276.0,2.01,PDC_6.125,3400,3422.1,6668.0,1,0,0,0
W008,2026-01-16 15:00:00,2840,2811.2,Shale_B,4.0,33.09,113.0,533.6,358.7,835.1,1.364,22.23,7.7,276.2,2.98,PDC_6.125,3400,3398.6,6668.0,1,0,0,0
W008,2026-01-16 15:15:00,2860,2823.7,Shale_B,4.0,34.26,114.6,536.3,365.8,848.3,1.366,21.97,7.62,281.3,2.13,PDC_6.125,3400,3453.2,6668.0,1,0,0,0
W008,2026-01-16 15:30:00,2880,2844.4,Shale_B,4.44,33.26,114.6,540.2,367.1,835.8,1.36,21.69,7.43,280.3,1.76,PDC_6.125,3400,3308.5,6668.0,1,0,0,0
W008,2026-01-16 15:45:00,2900,2859.7,Shale_B,5.25,35.2,114.4,546.1,391.6,851.1,1.359,21.38,7.58,278.2,2.58,PDC_6.125,3400,3311.8,6668.0,1,0,0,0
W008,2026-01-16 16:00:00,2920,2906.8,Shale_B,6.79,36.72,113.2,548.6,426.4,877.1,1.352,21.83,7.21,285.6,2.02,PDC_6.125,3400,3455.7,6668.0,1,0,0,0
W008,2026-01-16 16:15:00,2940,2909.5,Shale_B,10.47,38.2,112.7,549.2,469.3,911.9,1.34,22.05,7.28,278.7,1.61,PDC_6.125,3400,3376.3,6668.0,1,0,0,0
W008,2026-01-16 16:30:00,2960,2921.4,Shale_B,19.36,39.3,110.2,555.4,598.7,1029.2,1.293,22.22,7.07,282.6,0.54,PDC_6.125,3400,3399.1,6668.0,2,0,0,1
W008,2026-01-16 16:45:00,2980,2971.4,Shale_B,18.74,37.7,111.4,547.9,550.0,1018.4,1.302,22.65,6.85,285.2,0.57,PDC_6.125,3400,3316.8,6668.0,2,0,0,0
W008,2026-01-16 17:00:00,3000,2960.3,Sandstone_C,17.64,37.07,108.9,546.2,550.0,1017.5,1.3,22.27,6.65,281.0,2.52,PDC_6.125,4300,4305.9,6668.0,2,0,0,0
W008,2026-01-16 17:15:00,3020,2993.0,Sandstone_C,17.26,35.97,109.7,545.5,548.0,1020.3,1.3,22.07,6.7,287.6,0.57,PDC_6.125,4300,4324.6,6668.0,2,0,0,0
W008,2026-01-16 17:30:00,3040,2994.7,Sandstone_C,16.51,36.21,111.9,551.6,539.4,1017.9,1.302,21.72,6.91,289.2,2.76,PDC_6.125,4300,4185.9,6668.0,2,0,0,0
W008,2026-01-16 17:45:00,3060,3039.6,Sandstone_C,17.3,36.89,114.3,544.5,541.3,1020.0,1.3,21.73,7.0,284.6,1.18,PDC_6.125,4300,4226.9,6668.0,2,0,0,0
W008,2026-01-16 18:00:00,3080,3066.6,Sandstone_C,18.16,36.26,112.9,552.3,549.5,1005.9,1.305,21.34,6.62,286.3,1.17,PDC_6.125,4300,4291.8,6668.0,2,0,0,0
W008,2026-01-16 18:15:00,3100,3092.0,Sandstone_C,19.32,37.11,112.4,555.5,550.0,1012.2,1.31,21.78,6.31,291.5,2.63,PDC_6.125,4300,4354.4,6668.0,2,0,0,0
W008,2026-01-16 18:30:00,3120,3079.6,Sandstone_C,19.33,37.83,110.9,557.1,545.2,1007.2,1.309,21.81,6.27,290.3,1.25,PDC_6.125,4300,4225.4,6668.0,2,0,0,0
W008,2026-01-16 18:45:00,3140,3114.3,Sandstone_C,18.6,38.16,112.6,551.8,537.4,1014.7,1.305,22.26,6.44,289.6,1.22,PDC_6.125,4300,4183.2,6668.0,2,0,0,0
W009,2026-01-15 06:00:00,200,197.2,Alluvium_Top,14.08,43.7,121.6,280.2,330.2,855.2,1.418,24.01,7.77,159.5,2.95,TriCone_8.5,200,194.9,24090.0,0,0,0,0
W009,2026-01-15 06:15:00,220,218.1,Alluvium_Top,13.46,42.69,120.9,285.3,338.5,846.3,1.419,24.15,7.79,159.2,0.98,TriCone_8.5,200,197.4,24090.0,0,0,0,0
W009,2026-01-15 06:30:00,240,236.7,Alluvium_Top,14.17,43.74,118.7,278.7,346.7,847.4,1.426,23.71,7.81,161.2,2.65,TriCone_8.5,200,198.8,24090.0,0,0,0,0
W009,2026-01-15 06:45:00,260,256.7,Alluvium_Top,13.95,45.2,121.3,286.6,355.9,832.6,1.417,23.36,7.69,165.0,2.73,TriCone_8.5,200,196.9,24090.0,0,0,0,0
W009,2026-01-15 07:00:00,280,279.3,Alluvium_Top,14.95,45.05,118.9,285.9,353.4,834.9,1.416,22.88,8.09,163.0,1.68,TriCone_8.5,200,201.4,24090.0,0,0,0,0
W009,2026-01-15 07:15:00,300,298.6,Alluvium_Top,14.2,46.28,117.5,290.7,348.8,820.9,1.416,22.58,8.3,164.9,2.81,TriCone_8.5,200,195.9,24090.0,0,0,0,0
W009,2026-01-15 07:30:00,320,315.5,Alluvium_Top,14.92,46.85,118.5,296.0,350.3,819.9,1.419,22.38,8.05,165.6,1.08,TriCone_8.5,200,196.2,24090.0,0,0,0,0
W009,2026-01-15 07:45:00,340,339.0,Alluvium_Top,15.18,46.3,120.0,294.0,350.0,817.1,1.422,22.24,8.42,169.7,2.62,TriCone_8.5,200,194.0,24090.0,0,0,0,0
W009,2026-01-15 08:00:00,360,358.3,Alluvium_Top,15.27,47.27,121.2,300.3,354.3,832.0,1.419,22.57,8.58,168.1,1.31,TriCone_8.5,200,199.4,24090.0,0,0,0,0
W009,2026-01-15 08:15:00,380,378.5,Alluvium_Top,14.59,47.77,120.6,308.1,353.9,823.8,1.417,22.72,8.24,168.1,2.83,TriCone_8.5,200,204.8,24090.0,0,0,0,0
W009,2026-01-15 08:30:00,400,397.9,Shale_A,15.77,48.56,118.6,300.3,347.3,833.9,1.407,22.45,8.45,168.9,2.46,TriCone_8.5,1800,1753.3,24090.0,0,0,0,0
W009,2026-01-15 08:45:00,420,416.6,Shale_A,16.71,47.47,118.9,302.6,340.7,848.2,1.407,22.01,8.8,169.8,2.25,TriCone_8.5,1800,1751.5,24090.0,0,0,0,0
W009,2026-01-15 09:00:00,440,436.6,Shale_A,15.59,46.54,118.7,295.8,344.8,845.0,1.402,21.51,8.98,173.1,1.49,TriCone_8.5,1800,1836.2,24090.0,0,0,0,0
W009,2026-01-15 09:15:00,460,458.4,Shale_A,15.88,44.59,118.6,298.1,353.2,841.4,1.407,21.61,9.32,169.7,1.3,TriCone_8.5,1800,1770.6,24090.0,0,0,0,0
W009,2026-01-15 09:30:00,480,475.8,Shale_A,15.01,42.92,120.7,290.3,360.4,839.9,1.397,21.51,9.07,172.8,2.2,TriCone_8.5,1800,1751.3,24090.0,0,0,0,0
W009,2026-01-15 09:45:00,500,494.0,Shale_A,15.38,44.29,122.0,295.6,354.4,851.6,1.393,21.02,9.34,176.9,2.14,TriCone_8.5,1800,1750.4,24090.0,0,0,0,0
W009,2026-01-15 10:00:00,520,516.8,Shale_A,15.3,45.88,119.9,300.8,350.2,860.9,1.401,20.95,9.23,176.4,1.82,TriCone_8.5,1800,1773.2,24090.0,0,0,0,0
W009,2026-01-15 10:15:00,540,538.1,Shale_A,14.47,47.26,118.1,307.7,345.2,867.9,1.397,20.77,9.08,176.8,1.89,TriCone_8.5,1800,1813.3,24090.0,0,0,0,0
W009,2026-01-15 10:30:00,560,555.7,Shale_A,14.93,48.27,116.0,306.1,344.9,863.6,1.393,20.96,8.85,177.3,2.84,TriCone_8.5,1800,1779.2,24090.0,0,0,0,0
W009,2026-01-15 10:45:00,580,576.6,Shale_A,13.9,49.73,114.7,307.9,354.5,866.5,1.397,20.91,8.5,179.1,0.59,TriCone_8.5,1800,1812.0,24090.0,0,0,0,0
W009,2026-01-15 11:00:00,600,592.9,Shale_A,14.77,48.36,114.8,309.5,353.7,861.7,1.396,20.72,8.45,175.6,1.92,TriCone_8.5,1800,1748.5,24090.0,0,0,0,0
W009,2026-01-15 11:15:00,620,617.4,Shale_A,14.77,47.14,114.7,315.4,344.1,867.1,1.397,20.39,8.7,176.6,1.23,TriCone_8.5,1800,1852.8,24090.0,0,0,0,0
W009,2026-01-15 11:30:00,640,634.9,Shale_A,15.73,47.66,116.1,320.8,335.2,875.4,1.399,19.96,8.71,174.6,2.34,TriCone_8.5,1800,1815.0,24090.0,0,0,0,0
W009,2026-01-15 11:45:00,660,654.4,Shale_A,14.97,48.08,114.4,322.6,339.7,882.1,1.405,20.31,8.37,178.1,2.22,TriCone_8.5,1800,1849.0,24090.0,0,0,0,0
W009,2026-01-15 12:00:00,680,678.1,Shale_A,15.1,47.71,113.7,327.6,337.9,867.9,1.396,20.67,8.74,182.5,1.41,TriCone_8.5,1800,1766.6,24090.0,0,0,0,0
W009,2026-01-15 12:15:00,700,690.0,Shale_A,15.93,48.77,113.0,327.3,331.6,861.7,1.402,21.06,8.92,181.2,0.72,TriCone_8.5,1800,1817.6,24090.0,0,0,0,0
W009,2026-01-15 12:30:00,720,714.0,Shale_A,15.84,49.21,110.0,335.1,328.9,872.1,1.403,20.69,9.16,184.5,1.82,TriCone_8.5,1800,1786.4,24090.0,0,0,0,0
W009,2026-01-15 12:45:00,740,729.4,Shale_A,16.21,50.85,107.6,331.3,336.9,865.6,1.406,20.72,9.24,182.5,1.25,TriCone_8.5,1800,1755.4,24090.0,0,0,0,0
W009,2026-01-15 13:00:00,760,756.6,Shale_A,16.8,51.53,108.5,327.2,327.3,874.9,1.406,20.53,8.92,179.8,1.37,TriCone_8.5,1800,1826.4,24090.0,0,0,0,0
W009,2026-01-15 13:15:00,780,769.9,Shale_A,17.75,53.21,110.9,327.6,321.7,883.8,1.4,20.3,8.71,185.2,1.3,TriCone_8.5,1800,1845.2,24090.0,0,0,0,0
W009,2026-01-15 13:30:00,800,792.1,Shale_A,18.65,53.49,113.2,322.7,315.0,886.1,1.399,20.46,8.95,188.5,2.86,TriCone_8.5,1800,1794.9,24090.0,0,0,0,0
W009,2026-01-15 13:45:00,820,808.9,Shale_A,18.77,51.93,111.9,318.0,312.9,874.4,1.39,20.62,9.04,189.0,2.15,TriCone_8.5,1800,1768.3,24090.0,0,0,0,0
W009,2026-01-15 14:00:00,840,834.9,Shale_A,17.88,53.3,113.4,313.2,309.7,888.4,1.392,20.92,8.85,184.9,2.46,TriCone_8.5,1800,1777.4,24090.0,0,0,0,0
W009,2026-01-15 14:15:00,860,851.9,Shale_A,18.01,53.55,114.8,309.5,306.8,899.5,1.388,20.97,9.01,193.7,1.59,TriCone_8.5,1800,1819.5,24090.0,0,0,0,0
W009,2026-01-15 14:30:00,880,874.6,Shale_A,18.74,54.47,114.6,306.7,309.0,910.8,1.396,20.58,8.95,189.2,2.94,TriCone_8.5,1800,1837.0,24090.0,0,0,0,0
W009,2026-01-15 14:45:00,900,896.0,Shale_A,17.6,54.73,112.2,312.1,314.1,909.6,1.395,20.98,8.78,188.0,2.85,TriCone_8.5,1800,1790.0,24090.0,0,0,0,0
W009,2026-01-15 15:00:00,920,910.7,Shale_A,16.87,53.3,109.4,307.9,319.6,901.8,1.4,20.73,8.7,196.2,1.11,TriCone_8.5,1800,1834.6,24090.0,0,0,0,0
W009,2026-01-15 15:15:00,940,928.3,Shale_A,15.93,53.26,108.7,311.0,326.0,903.1,1.391,20.85,8.34,193.5,2.21,TriCone_8.5,1800,1778.5,24090.0,0,0,0,0
W009,2026-01-15 15:30:00,960,955.4,Shale_A,16.92,54.51,107.5,312.4,334.3,897.7,1.397,20.36,7.94,195.8,2.4,TriCone_8.5,1800,1834.5,24090.0,0,0,0,0
W009,2026-01-15 15:45:00,980,973.2,Shale_A,16.0,53.44,109.9,307.2,337.9,898.6,1.389,20.15,7.96,197.6,2.27,TriCone_8.5,1800,1846.4,24090.0,0,0,0,0
W009,2026-01-15 16:00:00,1000,997.3,Shale_A,15.52,51.92,109.4,299.7,332.1,896.6,1.387,19.69,8.03,195.5,0.7,TriCone_8.5,1800,1799.6,24090.0,0,0,0,0
W009,2026-01-15 16:15:00,1020,1016.9,Shale_A,16.37,49.92,111.7,292.0,337.3,892.5,1.392,19.59,7.69,198.6,0.68,TriCone_8.5,1800,1756.7,24090.0,0,0,0,0
W009,2026-01-15 16:30:00,1040,1034.6,Shale_A,16.32,50.81,111.1,287.5,342.5,901.0,1.4,19.47,7.7,195.4,1.14,TriCone_8.5,1800,1751.5,24090.0,0,0,0,0
W009,2026-01-15 16:45:00,1060,1050.4,Shale_A,16.15,50.42,112.4,294.2,345.8,900.1,1.406,19.61,7.35,193.7,0.59,TriCone_8.5,1800,1782.7,24090.0,0,0,0,0
W009,2026-01-15 17:00:00,1080,1064.7,Shale_A,15.7,49.96,114.9,299.6,349.1,893.1,1.398,19.13,7.04,196.5,1.88,TriCone_8.5,1800,1835.2,24090.0,0,0,0,0
W009,2026-01-15 17:15:00,1100,1096.6,Shale_A,14.93,50.49,115.6,300.4,344.1,889.2,1.39,18.86,7.36,204.3,2.12,TriCone_8.5,1800,1760.7,24090.0,0,0,0,0
W009,2026-01-15 17:30:00,1120,1117.2,Shale_A,13.81,52.48,113.2,303.3,339.2,886.0,1.393,18.8,7.16,198.7,1.35,TriCone_8.5,1800,1815.4,24090.0,0,0,0,0
W009,2026-01-15 17:45:00,1140,1131.3,Shale_A,13.71,51.28,115.1,297.8,333.4,882.0,1.401,18.43,6.86,201.2,1.19,TriCone_8.5,1800,1832.3,24090.0,0,0,0,0
W009,2026-01-15 18:00:00,1160,1152.8,Shale_A,13.55,49.73,112.9,302.9,341.1,874.0,1.393,18.0,6.95,204.4,1.43,TriCone_8.5,1800,1794.8,24090.0,0,0,0,0
W009,2026-01-15 18:15:00,1180,1166.3,Shale_A,14.59,47.99,111.1,296.0,348.5,882.8,1.394,18.0,6.77,201.1,1.9,TriCone_8.5,1800,1823.0,24090.0,0,0,0,0
W009,2026-01-15 18:30:00,1200,1196.6,Shale_A,15.14,47.19,110.8,290.0,354.6,884.8,1.402,18.0,7.12,207.9,1.94,TriCone_8.5,1800,1753.9,24090.0,0,0,0,0
W009,2026-01-15 18:45:00,1220,1205.4,Shale_A,14.82,45.37,111.3,293.6,360.1,874.3,1.401,18.0,7.25,201.5,2.76,TriCone_8.5,1800,1780.9,24090.0,0,0,0,0
W009,2026-01-15 19:00:00,1240,1236.3,Shale_A,15.66,45.2,108.4,293.5,351.8,888.9,1.403,18.0,7.3,201.6,2.5,TriCone_8.5,1800,1777.5,24090.0,0,0,0,0
W009,2026-01-15 19:15:00,1260,1241.6,Shale_A,15.28,44.5,105.6,295.9,352.5,887.7,1.411,18.0,6.91,202.4,1.06,TriCone_8.5,1800,1840.4,24090.0,0,0,0,0
W009,2026-01-15 19:30:00,1280,1270.6,Shale_A,14.83,43.22,107.1,291.2,356.3,883.2,1.411,18.43,6.54,207.6,2.64,TriCone_8.5,1800,1800.3,24090.0,0,0,0,0
W009,2026-01-15 19:45:00,1300,1296.3,Shale_A,14.58,43.94,109.4,283.9,347.7,878.0,1.406,18.19,6.32,205.5,0.83,TriCone_8.5,1800,1775.9,24090.0,0,0,0,0
W009,2026-01-15 20:00:00,1320,1313.6,Shale_A,13.87,42.93,112.0,288.0,353.5,866.1,1.413,18.1,6.13,210.2,2.56,TriCone_8.5,1800,1761.6,24090.0,0,0,0,0
W009,2026-01-15 20:15:00,1340,1335.4,Shale_A,14.9,41.88,111.5,280.2,361.1,855.7,1.42,18.0,6.02,205.7,1.32,TriCone_8.5,1800,1842.1,24090.0,0,0,0,0
W009,2026-01-15 20:30:00,1360,1349.3,Shale_A,14.68,40.01,110.7,275.0,356.1,867.0,1.419,18.0,6.09,207.6,1.15,TriCone_8.5,1800,1748.8,24090.0,0,0,0,0
W009,2026-01-15 20:45:00,1380,1368.9,Shale_A,15.11,39.98,112.3,282.2,348.4,862.0,1.415,18.0,6.34,214.7,1.71,TriCone_8.5,1800,1771.7,24090.0,0,0,0,0
W009,2026-01-15 21:00:00,1400,1379.1,Shale_A,15.24,41.15,112.7,278.4,351.8,857.8,1.416,18.0,6.24,215.2,2.71,TriCone_8.5,1800,1752.4,24090.0,0,0,0,0
W009,2026-01-15 21:15:00,1420,1408.4,Shale_A,15.27,41.95,114.8,277.9,358.5,848.1,1.409,18.16,6.54,217.8,2.11,TriCone_8.5,1800,1846.8,24090.0,0,0,0,0
W009,2026-01-15 21:30:00,1440,1431.8,Shale_A,16.42,41.23,116.3,278.4,360.7,844.9,1.418,18.23,6.89,209.9,1.93,TriCone_8.5,1800,1781.8,24090.0,0,0,0,0
W009,2026-01-15 21:45:00,1460,1438.9,Shale_A,17.39,39.25,113.3,278.0,351.3,859.1,1.412,18.2,6.54,215.9,1.45,TriCone_8.5,1800,1826.5,24090.0,0,0,0,0
W009,2026-01-15 22:00:00,1480,1466.3,Shale_A,17.13,41.21,111.5,278.7,361.0,867.9,1.422,18.67,6.53,218.6,0.78,TriCone_8.5,1800,1782.2,24090.0,0,0,0,0
W009,2026-01-15 22:15:00,1500,1484.9,Shale_A,17.14,42.02,113.0,274.8,368.5,866.7,1.416,19.04,6.46,220.0,1.87,TriCone_8.5,1800,1833.4,24090.0,0,0,0,0
W009,2026-01-15 22:30:00,1520,1512.3,Shale_A,17.34,41.58,110.7,281.1,359.2,877.6,1.413,19.18,6.8,214.9,1.92,TriCone_8.5,1800,1833.5,24090.0,0,0,0,0
W009,2026-01-15 22:45:00,1540,1519.3,Shale_A,17.4,42.08,112.2,286.6,364.4,873.2,1.423,19.11,6.42,217.9,0.82,TriCone_8.5,1800,1827.8,24090.0,0,0,0,0
W009,2026-01-15 23:00:00,1560,1540.2,Shale_A,16.33,42.83,109.6,281.9,356.3,860.1,1.418,19.18,6.79,224.0,2.69,TriCone_8.5,1800,1776.4,24090.0,0,0,0,0
W009,2026-01-15 23:15:00,1580,1569.6,Shale_A,15.31,43.94,107.0,282.8,351.3,852.4,1.428,19.44,7.06,221.8,2.68,TriCone_8.5,1800,1774.6,24090.0,0,0,0,0
W009,2026-01-15 23:30:00,1600,1576.9,Limestone_B,14.79,44.32,108.1,281.1,358.9,866.8,1.428,19.33,7.04,225.5,2.11,TriCone_8.5,2600,2669.6,24090.0,0,0,0,0
W009,2026-01-15 23:45:00,1620,1613.1,Limestone_B,13.63,45.43,107.1,280.7,364.9,853.2,1.421,19.23,6.82,221.3,3.0,TriCone_8.5,2600,2606.6,24090.0,0,0,0,0
W009,2026-01-16 00:00:00,1640,1623.5,Limestone_B,14.68,44.79,105.9,276.4,371.5,858.6,1.416,19.11,6.83,224.1,2.72,TriCone_8.5,2600,2659.9,24090.0,0,0,0,0
W009,2026-01-16 00:15:00,1660,1644.9,Limestone_B,14.54,45.78,108.5,282.9,362.6,849.8,1.416,19.04,6.94,229.1,0.78,TriCone_8.5,2600,2663.7,24090.0,0,0,0,0
W009,2026-01-16 00:30:00,1680,1661.3,Limestone_B,15.49,47.64,108.4,276.6,368.3,855.7,1.413,19.43,7.32,226.2,1.91,TriCone_8.5,2600,2552.0,24090.0,0,0,0,0
W009,2026-01-16 00:45:00,1700,1685.0,Limestone_B,15.35,46.85,105.8,272.6,362.3,857.0,1.415,19.54,7.23,225.7,2.59,TriCone_8.5,2600,2613.2,24090.0,0,0,0,0
W009,2026-01-16 01:00:00,1720,1697.7,Limestone_B,15.21,47.45,103.1,275.1,369.3,870.3,1.425,19.32,7.29,226.9,1.91,TriCone_8.5,2600,2676.1,24090.0,0,0,0,0
W009,2026-01-16 01:15:00,1740,1735.0,Limestone_B,16.19,47.25,101.8,269.4,373.0,864.7,1.433,19.49,7.41,228.9,0.61,TriCone_8.5,2600,2655.6,24090.0,0,0,0,0
W009,2026-01-16 01:30:00,1760,1735.3,Limestone_B,17.38,47.4,103.1,262.3,375.6,872.6,1.439,19.76,7.19,234.0,2.99,TriCone_8.5,2600,2620.0,24090.0,0,0,0,0
W009,2026-01-16 01:45:00,1780,1776.0,Limestone_B,16.87,48.16,102.1,269.8,367.6,872.5,1.438,19.59,7.31,226.4,2.29,TriCone_8.5,2600,2668.1,24090.0,0,0,0,0
W009,2026-01-16 02:00:00,1800,1773.9,Limestone_B,17.73,47.6,101.0,270.1,358.5,885.9,1.431,19.99,6.98,234.2,0.88,TriCone_8.5,2600,2647.5,24090.0,0,0,0,0
W009,2026-01-16 02:15:00,1820,1805.5,Limestone_B,17.2,48.46,101.3,263.8,367.1,884.5,1.436,19.99,7.06,229.9,1.0,TriCone_8.5,2600,2634.2,24090.0,0,0,0,0
W009,2026-01-16 02:30:00,1840,1814.5,Limestone_B,16.94,49.15,102.4,256.5,363.9,881.9,1.428,19.73,6.7,237.8,2.34,TriCone_8.5,2600,2590.7,24090.0,0,0,0,0
W009,2026-01-16 02:45:00,1860,1841.3,Limestone_B,17.47,48.91,104.1,263.3,365.9,872.5,1.434,20.19,6.76,235.5,1.34,TriCone_8.5,2600,2525.2,24090.0,0,0,0,0
W009,2026-01-16 03:00:00,1880,1863.1,Limestone_B,18.5,49.43,105.8,258.0,360.1,873.5,1.428,20.32,6.59,237.5,2.52,TriCone_8.5,2600,2636.6,24090.0,0,0,0,0
W009,2026-01-16 03:15:00,1900,1877.3,Limestone_B,18.85,51.4,106.5,250.6,350.4,868.1,1.422,20.63,6.87,233.1,1.31,TriCone_8.5,2600,2550.2,24090.0,0,0,0,0
W009,2026-01-16 03:30:00,1920,1901.6,Limestone_B,18.86,52.02,106.0,252.7,348.1,863.3,1.425,20.72,6.7,232.9,1.42,TriCone_8.5,2600,2663.7,24090.0,0,0,0,0
W009,2026-01-16 03:45:00,1940,1935.1,Limestone_B,19.85,50.16,104.5,247.8,348.1,861.2,1.43,20.46,6.78,241.1,2.78,TriCone_8.5,2600,2620.1,24090.0,0,0,0,0
W009,2026-01-16 04:00:00,1960,1955.3,Limestone_B,20.82,49.1,102.7,239.9,352.2,874.3,1.424,20.6,6.98,242.5,2.12,TriCone_8.5,2600,2642.6,24090.0,0,0,0,0
W009,2026-01-16 04:15:00,1980,1964.8,Limestone_B,20.46,49.27,102.0,231.9,356.8,881.9,1.429,20.45,7.0,237.7,0.54,TriCone_8.5,2600,2575.8,24090.0,0,0,0,0
W009,2026-01-16 04:30:00,2000,1976.8,Limestone_B,19.45,50.29,99.1,239.2,357.1,896.4,1.42,20.53,6.88,243.4,1.4,TriCone_8.5,2600,2541.3,24090.0,0,0,0,0
W009,2026-01-16 04:45:00,2020,1992.0,Limestone_B,19.15,48.36,98.4,241.7,352.2,894.4,1.411,20.62,7.09,240.0,1.55,TriCone_8.5,2600,2655.8,24090.0,0,0,0,0
W009,2026-01-16 05:00:00,2040,2027.2,Limestone_B,18.32,48.29,98.6,248.9,343.7,897.4,1.412,20.64,7.39,238.9,0.6,TriCone_8.5,2600,2553.5,24090.0,0,0,0,0
W009,2026-01-16 05:15:00,2060,2044.7,Limestone_B,17.16,47.3,97.5,250.8,337.2,894.8,1.412,20.6,7.77,238.2,2.88,TriCone_8.5,2600,2575.8,24090.0,0,0,0,0
W009,2026-01-16 05:30:00,2080,2069.9,Limestone_B,16.99,47.12,99.8,257.1,332.0,885.8,1.412,21.0,7.63,245.1,2.27,TriCone_8.5,2600,2646.1,24090.0,0,0,0,0
W009,2026-01-16 05:45:00,2100,2075.9,Limestone_B,16.76,48.99,100.5,260.8,328.9,890.9,1.407,20.75,7.8,244.7,2.21,TriCone_8.5,2600,2610.0,24090.0,0,0,0,0
W009,2026-01-16 06:00:00,2120,2099.0,Limestone_B,16.63,49.38,99.2,264.2,335.0,883.7,1.403,20.91,7.96,247.4,2.21,TriCone_8.5,2600,2615.4,24090.0,0,0,0,0
W009,2026-01-16 06:15:00,2140,2108.5,Limestone_B,16.04,48.01,100.4,257.7,343.8,893.5,1.41,21.32,7.89,249.8,0.9,TriCone_8.5,2600,2583.6,24090.0,0,0,0,0
W009,2026-01-16 06:30:00,2160,2129.5,Limestone_B,15.02,49.96,101.4,261.8,338.7,898.7,1.401,21.66,7.63,249.2,1.06,TriCone_8.5,2600,2644.4,24090.0,0,0,0,0
W009,2026-01-16 06:45:00,2180,2159.3,Limestone_B,14.23,50.88,99.8,259.3,340.0,892.2,1.399,21.98,7.37,243.9,1.32,TriCone_8.5,2600,2597.1,24090.0,0,0,0,0
W009,2026-01-16 07:00:00,2200,2171.7,Limestone_B,13.92,52.04,97.0,258.2,337.6,896.6,1.408,21.99,7.76,247.0,0.58,TriCone_8.5,2600,2606.7,24090.0,0,0,0,0
W009,2026-01-16 07:15:00,2220,2193.6,Limestone_B,13.48,50.43,96.6,255.6,330.1,890.5,1.416,21.79,7.93,251.0,1.57,TriCone_8.5,2600,2583.6,24090.0,0,0,0,0
W009,2026-01-16 07:30:00,2240,2233.3,Limestone_B,13.7,49.83,94.9,249.5,337.7,888.7,1.419,21.78,8.23,251.3,1.7,TriCone_8.5,2600,2579.6,24090.0,0,0,0,0
W009,2026-01-16 07:45:00,2260,2248.1,Limestone_B,12.77,48.54,96.6,254.9,338.6,890.3,1.422,21.72,8.37,247.8,2.9,TriCone_8.5,2600,2634.3,24090.0,0,0,0,0
W009,2026-01-16 08:00:00,2280,2262.0,Limestone_B,12.33,47.18,96.1,257.5,341.3,886.8,1.424,22.03,7.99,252.1,2.4,TriCone_8.5,2600,2620.5,24090.0,0,0,0,0
W009,2026-01-16 08:15:00,2300,2284.6,Limestone_B,12.37,49.15,93.4,257.4,333.1,876.6,1.422,21.69,8.36,258.0,1.34,TriCone_8.5,2600,2623.6,24090.0,0,0,0,0
W009,2026-01-16 08:30:00,2320,2294.2,Limestone_B,13.13,49.66,90.4,261.6,338.0,876.9,1.43,22.1,8.38,255.5,2.99,TriCone_8.5,2600,2605.3,24090.0,0,0,0,0
W009,2026-01-16 08:45:00,2340,2325.2,Limestone_B,12.37,51.24,91.9,255.3,347.6,883.8,1.437,21.65,8.38,257.3,1.86,TriCone_8.5,2600,2572.6,24090.0,0,0,0,0
W009,2026-01-16 09:00:00,2360,2326.2,Limestone_B,12.07,52.63,89.9,251.6,338.5,879.7,1.435,21.96,8.5,255.6,2.13,TriCone_8.5,2600,2649.6,24090.0,0,0,0,0
W009,2026-01-16 09:15:00,2380,2350.5,Limestone_B,12.37,53.2,91.5,250.0,343.0,885.2,1.444,21.68,8.54,258.1,3.0,TriCone_8.5,2600,2550.1,24090.0,0,0,0,0
W009,2026-01-16 09:30:00,2400,2389.4,Shale_B,12.0,53.3,89.9,242.8,344.5,880.3,1.438,21.5,8.18,262.5,1.95,TriCone_8.5,3400,3404.7,24090.0,0,0,0,0
W009,2026-01-16 09:45:00,2420,2396.1,Shale_B,12.97,53.23,90.3,242.7,349.2,882.3,1.433,21.15,8.26,258.8,0.74,TriCone_8.5,3400,3384.3,24090.0,0,0,0,0
W009,2026-01-16 10:00:00,2440,2414.8,Shale_B,13.75,51.53,89.4,247.9,352.2,876.0,1.44,21.14,8.26,264.6,2.87,TriCone_8.5,3400,3403.0,24090.0,0,0,0,0
W009,2026-01-16 10:15:00,2460,2447.2,Shale_B,13.33,49.65,86.5,246.2,361.0,887.1,1.44,21.21,7.86,257.9,0.56,TriCone_8.5,3400,3326.7,24090.0,0,0,0,0
W009,2026-01-16 10:30:00,2480,2466.9,Shale_B,14.22,50.22,84.9,240.7,363.6,899.1,1.444,21.06,7.93,259.7,3.0,TriCone_8.5,3400,3327.7,24090.0,0,0,0,0
W009,2026-01-16 10:45:00,2500,2472.2,Shale_B,14.04,50.69,83.9,233.2,361.5,912.0,1.447,20.64,8.24,260.2,1.11,TriCone_8.5,3400,3423.3,24090.0,0,0,0,0
W009,2026-01-16 11:00:00,2520,2484.8,Shale_B,14.15,50.66,85.2,230.3,367.1,902.3,1.453,20.8,8.39,263.2,2.17,TriCone_8.5,3400,3415.7,24090.0,0,0,0,0
W009,2026-01-16 11:15:00,2540,2518.2,Shale_B,13.08,49.25,85.7,234.1,358.6,914.9,1.462,20.91,8.37,266.7,1.32,TriCone_8.5,3400,3471.7,24090.0,0,0,0,0
W009,2026-01-16 11:30:00,2560,2548.7,Shale_B,14.17,50.96,84.3,229.8,354.6,913.1,1.458,20.78,8.47,267.8,2.34,TriCone_8.5,3400,3484.9,24090.0,0,0,0,0
W009,2026-01-16 11:45:00,2580,2569.2,Shale_B,13.08,52.12,84.5,231.1,345.7,905.8,1.461,21.14,8.8,266.1,1.86,TriCone_8.5,3400,3304.6,24090.0,0,0,0,0
W009,2026-01-16 12:00:00,2600,2581.7,Shale_B,13.12,53.74,86.2,237.6,340.1,906.5,1.468,20.75,9.04,263.8,2.52,TriCone_8.5,3400,3407.7,24090.0,0,0,0,0
W009,2026-01-16 12:15:00,2620,2608.1,Shale_B,13.06,54.47,87.0,236.4,348.1,907.1,1.468,20.31,9.38,264.7,1.82,TriCone_8.5,3400,3337.4,24090.0,0,0,0,0
W009,2026-01-16 12:30:00,2640,2631.6,Shale_B,13.13,53.43,88.6,237.4,355.2,918.9,1.471,20.54,9.42,267.6,2.12,TriCone_8.5,3400,3342.0,24090.0,0,0,0,0
W009,2026-01-16 12:45:00,2660,2640.3,Shale_B,12.68,52.98,88.2,230.6,355.2,918.7,1.473,20.4,9.51,273.5,2.89,TriCone_8.5,3400,3383.0,24090.0,0,0,0,0
W009,2026-01-16 13:00:00,2680,2667.4,Shale_B,13.81,53.8,87.2,225.0,348.1,908.7,1.464,20.8,9.54,272.6,2.57,TriCone_8.5,3400,3306.7,24090.0,0,0,0,0
W009,2026-01-16 13:15:00,2700,2671.2,Shale_B,14.93,53.56,89.9,228.6,339.5,914.2,1.468,21.21,9.44,272.3,0.53,TriCone_8.5,3400,3478.1,24090.0,0,0,0,0
W009,2026-01-16 13:30:00,2720,2698.6,Shale_B,14.98,54.83,88.1,229.0,333.6,902.8,1.468,20.79,9.51,267.7,0.77,TriCone_8.5,3400,3310.7,24090.0,0,0,0,0
W009,2026-01-16 13:45:00,2740,2728.3,Shale_B,13.85,55.12,90.1,232.6,326.2,905.6,1.471,20.33,9.79,277.4,2.63,TriCone_8.5,3400,3418.6,24090.0,0,0,0,0
W009,2026-01-16 14:00:00,2760,2754.3,Shale_B,14.17,55.83,91.9,235.2,322.8,901.9,1.479,19.85,9.95,278.7,2.27,TriCone_8.5,3400,3450.0,24090.0,0,0,0,0
W009,2026-01-16 14:15:00,2780,2746.0,Shale_B,13.05,57.14,90.6,234.3,319.0,895.0,1.478,19.73,10.06,278.2,1.24,TriCone_8.5,3400,3438.3,24090.0,0,0,0,0
W009,2026-01-16 14:30:00,2800,2787.6,Shale_B,13.46,58.74,87.7,239.9,319.4,898.6,1.47,19.66,9.84,273.5,1.76,TriCone_8.5,3400,3434.0,24090.0,0,0,0,0
W009,2026-01-16 14:45:00,2820,2803.5,Shale_B,13.68,58.9,87.3,247.5,320.6,891.2,1.465,19.77,9.86,272.0,2.58,TriCone_8.5,3400,3449.7,24090.0,0,0,0,0
W009,2026-01-16 15:00:00,2840,2799.7,Shale_B,12.65,58.35,89.9,253.3,316.3,880.9,1.464,19.63,10.01,282.5,1.41,TriCone_8.5,3400,3433.0,24090.0,0,0,0,0
W009,2026-01-16 15:15:00,2860,2841.7,Shale_B,11.54,60.16,90.9,260.4,310.3,867.1,1.464,19.58,9.88,283.3,2.56,TriCone_8.5,3400,3481.1,24090.0,0,0,0,0
W009,2026-01-16 15:30:00,2880,2838.3,Shale_B,12.1,61.07,90.5,267.2,303.6,860.1,1.455,19.88,9.98,277.7,0.91,TriCone_8.5,3400,3331.2,24090.0,0,0,0,0
W009,2026-01-16 15:45:00,2900,2889.3,Shale_B,11.99,60.06,89.1,273.2,303.9,867.0,1.446,19.75,9.96,277.4,0.8,TriCone_8.5,3400,3332.0,24090.0,0,0,0,0
W009,2026-01-16 16:00:00,2920,2910.8,Shale_B,10.98,59.46,91.8,266.5,306.8,881.2,1.456,19.72,9.69,278.4,2.72,TriCone_8.5,3400,3489.6,24090.0,0,0,0,0
W009,2026-01-16 16:15:00,2940,2922.5,Shale_B,11.62,60.42,92.8,271.7,310.5,882.2,1.451,19.96,9.67,280.2,2.5,TriCone_8.5,3400,3422.0,24090.0,0,0,0,0
W009,2026-01-16 16:30:00,2960,2915.9,Shale_B,10.82,61.02,91.3,278.2,302.5,886.9,1.457,19.81,10.03,286.7,1.24,TriCone_8.5,3400,3489.2,24090.0,0,0,0,0
W009,2026-01-16 16:45:00,2980,2962.6,Shale_B,10.3,62.58,94.1,271.3,301.9,888.3,1.449,19.69,9.88,284.5,2.15,TriCone_8.5,3400,3358.5,24090.0,0,0,0,0
W009,2026-01-16 17:00:00,3000,2986.1,Sandstone_C,11.05,63.29,96.4,270.5,309.8,899.3,1.448,19.57,10.23,287.2,2.82,TriCone_8.5,4300,4206.3,24090.0,0,0,0,0
W010,2026-01-15 06:00:00,200,199.1,Alluvium_Top,14.08,44.17,122.8,277.1,331.9,856.2,1.425,23.79,7.84,158.7,0.55,TriCone_8.5,200,201.3,12265.0,0,0,0,0
W010,2026-01-15 06:15:00,220,217.1,Alluvium_Top,14.93,45.38,123.8,274.3,332.2,854.5,1.422,24.14,7.83,163.2,0.76,TriCone_8.5,200,197.8,12265.0,0,0,0,0
W010,2026-01-15 06:30:00,240,238.2,Alluvium_Top,15.14,45.42,123.9,269.7,336.6,842.0,1.423,24.21,8.16,161.1,0.84,TriCone_8.5,200,205.7,12265.0,0,0,0,0
W010,2026-01-15 06:45:00,260,256.2,Alluvium_Top,14.43,43.54,124.0,263.1,336.0,855.0,1.427,23.79,7.94,163.4,2.74,TriCone_8.5,200,195.1,12265.0,0,0,0,0
W010,2026-01-15 07:00:00,280,276.3,Alluvium_Top,14.58,43.72,126.7,267.1,343.0,850.6,1.428,23.91,7.8,163.3,1.09,TriCone_8.5,200,203.7,12265.0,0,0,0,0
W010,2026-01-15 07:15:00,300,299.2,Alluvium_Top,15.15,45.38,126.4,269.4,335.1,862.7,1.429,24.19,8.04,161.1,1.82,TriCone_8.5,200,198.5,12265.0,0,0,0,0
W010,2026-01-15 07:30:00,320,317.8,Alluvium_Top,15.59,47.23,125.2,275.2,343.8,870.1,1.424,24.02,7.67,167.7,2.62,TriCone_8.5,200,195.1,12265.0,0,0,0,0
W010,2026-01-15 07:45:00,340,336.7,Alluvium_Top,14.57,48.24,126.6,281.8,348.4,880.0,1.429,24.15,7.61,169.3,2.13,TriCone_8.5,200,198.2,12265.0,0,0,0,0
W010,2026-01-15 08:00:00,360,356.5,Alluvium_Top,14.07,48.41,125.3,277.3,348.9,870.1,1.435,24.13,7.67,162.7,1.31,TriCone_8.5,200,195.0,12265.0,0,0,0,0
W010,2026-01-15 08:15:00,380,379.0,Alluvium_Top,14.72,47.3,126.0,273.2,358.7,883.7,1.436,24.33,7.91,169.3,2.25,TriCone_8.5,200,203.7,12265.0,0,0,0,0
W010,2026-01-15 08:30:00,400,398.1,Shale_A,15.05,48.7,127.0,276.9,353.4,879.8,1.429,24.34,7.87,173.0,2.03,TriCone_8.5,1800,1810.4,12265.0,0,0,0,0
W010,2026-01-15 08:45:00,420,419.0,Shale_A,15.85,49.16,128.2,273.6,354.4,883.8,1.431,24.76,8.19,173.6,2.17,TriCone_8.5,1800,1782.1,12265.0,0,0,0,0
W010,2026-01-15 09:00:00,440,439.0,Shale_A,15.3,48.87,126.6,265.7,348.2,868.9,1.435,24.69,8.04,172.4,2.58,TriCone_8.5,1800,1835.9,12265.0,0,0,0,0
W010,2026-01-15 09:15:00,460,455.8,Shale_A,15.21,48.09,124.9,261.1,346.4,883.7,1.425,24.39,7.79,172.9,1.38,TriCone_8.5,1800,1815.3,12265.0,0,0,0,0
W010,2026-01-15 09:30:00,480,476.0,Shale_A,14.98,46.5,125.1,254.7,352.2,885.7,1.429,24.31,7.7,167.6,1.81,TriCone_8.5,1800,1762.1,12265.0,0,0,0,0
W010,2026-01-15 09:45:00,500,494.8,Shale_A,15.56,47.83,126.6,249.0,354.6,873.1,1.433,24.19,7.41,176.1,2.04,TriCone_8.5,1800,1796.6,12265.0,0,0,0,0
W010,2026-01-15 10:00:00,520,517.1,Shale_A,15.65,49.52,127.2,256.5,347.3,875.1,1.439,24.22,7.08,174.2,2.03,TriCone_8.5,1800,1749.3,12265.0,0,0,0,0
W010,2026-01-15 10:15:00,540,536.2,Shale_A,16.3,50.17,125.5,255.0,352.8,888.7,1.431,24.26,6.93,171.6,1.76,TriCone_8.5,1800,1828.2,12265.0,0,0,0,0
W010,2026-01-15 10:30:00,560,557.5,Shale_A,16.97,51.45,128.3,249.9,354.7,886.5,1.428,24.33,7.16,170.4,2.92,TriCone_8.5,1800,1747.1,12265.0,0,0,0,0
W010,2026-01-15 10:45:00,580,577.8,Shale_A,17.59,51.01,129.8,248.1,362.7,876.8,1.424,24.38,7.02,175.3,1.73,TriCone_8.5,1800,1827.1,12265.0,0,0,0,0
W010,2026-01-15 11:00:00,600,593.5,Shale_A,17.26,50.0,129.3,248.4,367.6,865.4,1.418,24.26,6.91,175.9,2.48,TriCone_8.5,1800,1802.5,12265.0,0,0,0,0
W010,2026-01-15 11:15:00,620,617.3,Shale_A,17.56,48.93,130.6,249.2,366.5,874.7,1.413,24.64,6.96,179.0,2.69,TriCone_8.5,1800,1800.2,12265.0,0,0,0,0
W010,2026-01-15 11:30:00,640,635.3,Shale_A,18.17,48.66,130.9,242.2,358.3,884.6,1.404,24.31,7.2,173.8,1.21,TriCone_8.5,1800,1811.0,12265.0,0,0,0,0
W010,2026-01-15 11:45:00,660,650.4,Shale_A,18.84,48.68,131.0,245.8,358.3,887.9,1.412,24.21,7.11,174.7,2.03,TriCone_8.5,1800,1810.3,12265.0,0,0,0,0
W010,2026-01-15 12:00:00,680,669.9,Shale_A,19.57,48.88,129.6,250.4,353.7,894.9,1.414,23.88,7.43,177.6,2.97,TriCone_8.5,1800,1800.4,12265.0,0,0,0,0
W010,2026-01-15 12:15:00,700,690.5,Shale_A,18.85,46.94,131.0,253.5,359.5,887.6,1.413,24.04,7.38,183.5,2.08,TriCone_8.5,1800,1774.5,12265.0,0,0,0,0
W010,2026-01-15 12:30:00,720,717.8,Shale_A,19.38,47.56,128.9,249.8,357.4,881.0,1.408,24.35,7.49,183.1,1.06,TriCone_8.5,1800,1830.4,12265.0,0,0,0,0
W010,2026-01-15 12:45:00,740,736.7,Shale_A,20.09,49.43,130.3,257.7,360.4,872.5,1.402,24.17,7.1,185.1,1.17,TriCone_8.5,1800,1766.6,12265.0,0,0,0,0
W010,2026-01-15 13:00:00,760,756.3,Shale_A,20.04,51.29,128.8,261.2,365.5,864.1,1.402,24.02,7.32,185.4,1.69,TriCone_8.5,1800,1784.8,12265.0,0,0,0,0
W010,2026-01-15 13:15:00,780,775.9,Shale_A,20.65,52.75,131.1,265.7,363.7,878.6,1.4,24.16,7.05,189.9,2.26,TriCone_8.5,1800,1771.4,12265.0,0,0,0,0
W010,2026-01-15 13:30:00,800,788.8,Shale_A,21.28,53.85,132.1,262.4,363.5,866.9,1.399,23.9,6.93,182.6,1.08,TriCone_8.5,1800,1753.1,12265.0,0,0,0,0
W010,2026-01-15 13:45:00,820,808.0,Shale_A,21.35,53.44,132.3,264.5,371.9,857.3,1.395,24.38,6.83,182.1,0.87,TriCone_8.5,1800,1845.3,12265.0,0,0,0,0
W010,2026-01-15 14:00:00,840,833.2,Shale_A,20.82,55.13,135.3,266.1,362.6,844.7,1.395,24.29,6.91,187.2,2.84,TriCone_8.5,1800,1852.9,12265.0,0,0,0,0
W010,2026-01-15 14:15:00,860,848.2,Shale_A,21.77,53.72,133.7,259.8,355.4,845.1,1.391,24.21,7.3,185.3,1.85,TriCone_8.5,1800,1820.9,12265.0,0,0,0,0
W010,2026-01-15 14:30:00,880,871.6,Shale_A,21.84,55.51,133.0,252.8,353.2,834.5,1.386,24.33,6.95,189.2,2.02,TriCone_8.5,1800,1780.4,12265.0,0,0,0,0
W010,2026-01-15 14:45:00,900,888.2,Shale_A,23.01,54.98,134.7,250.0,352.7,831.2,1.383,23.85,6.84,194.4,2.23,TriCone_8.5,1800,1748.1,12265.0,0,0,0,0
W010,2026-01-15 15:00:00,920,917.2,Shale_A,23.95,55.78,132.6,255.9,348.7,829.8,1.384,24.2,7.19,195.7,0.52,TriCone_8.5,1800,1809.8,12265.0,0,0,0,0
W010,2026-01-15 15:15:00,940,934.2,Shale_A,23.39,55.84,132.5,257.6,348.3,842.8,1.379,23.97,7.53,188.1,2.02,TriCone_8.5,1800,1751.9,12265.0,0,0,0,0
W010,2026-01-15 15:30:00,960,957.2,Shale_A,23.86,54.53,134.6,251.8,346.3,830.1,1.38,24.14,7.88,195.6,1.85,TriCone_8.5,1800,1800.6,12265.0,0,0,0,0
W010,2026-01-15 15:45:00,980,970.3,Shale_A,24.01,54.91,134.1,257.2,340.0,831.7,1.384,24.54,8.19,194.2,2.11,TriCone_8.5,1800,1797.7,12265.0,0,0,0,0
W010,2026-01-15 16:00:00,1000,990.9,Shale_A,24.99,56.63,136.5,251.4,347.0,845.2,1.381,24.56,8.41,195.6,2.98,TriCone_8.5,1800,1796.6,12265.0,0,0,0,0
W010,2026-01-15 16:15:00,1020,1006.7,Shale_A,25.69,56.61,138.6,252.1,345.2,833.4,1.379,24.79,8.75,193.4,1.39,TriCone_8.5,1800,1823.1,12265.0,0,0,0,0
W010,2026-01-15 16:30:00,1040,1036.9,Shale_A,26.79,57.17,139.3,253.0,337.0,840.3,1.381,24.95,9.07,199.6,2.45,TriCone_8.5,1800,1820.6,12265.0,0,0,0,0
W010,2026-01-15 16:45:00,1060,1054.2,Shale_A,26.99,55.61,139.1,257.6,327.6,827.0,1.372,25.18,9.07,196.4,0.76,TriCone_8.5,1800,1852.9,12265.0,0,0,0,0
W010,2026-01-15 17:00:00,1080,1066.4,Shale_A,26.43,56.22,139.5,255.4,330.4,820.1,1.378,24.91,8.8,201.4,2.27,TriCone_8.5,1800,1780.7,12265.0,0,0,0,0
W010,2026-01-15 17:15:00,1100,1089.9,Shale_A,27.24,57.33,138.5,257.9,322.9,820.3,1.368,24.8,8.46,199.3,1.55,TriCone_8.5,1800,1758.6,12265.0,0,0,0,0
W010,2026-01-15 17:30:00,1120,1117.0,Shale_A,26.91,58.36,137.7,261.3,320.3,818.0,1.369,25.25,8.15,195.7,2.02,TriCone_8.5,1800,1750.9,12265.0,0,0,0,0
W010,2026-01-15 17:45:00,1140,1129.7,Shale_A,26.87,58.23,138.6,262.2,323.0,829.2,1.374,25.25,8.12,202.7,1.64,TriCone_8.5,1800,1852.9,12265.0,0,0,0,0
W010,2026-01-15 18:00:00,1160,1147.8,Shale_A,26.09,58.18,140.5,258.7,323.5,824.5,1.366,25.71,8.4,198.0,2.3,TriCone_8.5,1800,1747.8,12265.0,0,0,0,0
W010,2026-01-15 18:15:00,1180,1169.2,Shale_A,25.62,57.13,140.9,264.1,317.4,830.8,1.357,26.13,8.06,207.2,1.73,TriCone_8.5,1800,1853.4,12265.0,0,0,0,0
W010,2026-01-15 18:30:00,1200,1190.9,Shale_A,26.8,57.73,138.7,264.2,318.0,831.2,1.358,25.65,8.23,206.1,0.79,TriCone_8.5,1800,1851.1,12265.0,0,0,0,0
W010,2026-01-15 18:45:00,1220,1215.2,Shale_A,27.24,56.07,139.5,260.7,318.1,839.4,1.362,25.27,8.3,209.6,0.89,TriCone_8.5,1800,1807.4,12265.0,0,0,0,0
W010,2026-01-15 19:00:00,1240,1234.1,Shale_A,27.9,55.2,138.2,267.2,315.3,826.3,1.364,24.89,8.54,207.2,2.69,TriCone_8.5,1800,1821.9,12265.0,0,0,0,0
W010,2026-01-15 19:15:00,1260,1249.9,Shale_A,27.61,56.3,137.7,274.8,320.0,811.8,1.372,24.49,8.25,209.0,2.66,TriCone_8.5,1800,1758.1,12265.0,0,0,0,0
W010,2026-01-15 19:30:00,1280,1263.6,Shale_A,27.25,55.67,136.7,270.7,322.2,823.8,1.368,24.18,8.52,210.0,2.83,TriCone_8.5,1800,1777.2,12265.0,0,0,0,0
W010,2026-01-15 19:45:00,1300,1285.6,Shale_A,27.35,56.13,136.6,272.3,315.8,823.2,1.371,24.11,8.66,208.0,1.33,TriCone_8.5,1800,1761.6,12265.0,0,0,0,0
W010,2026-01-15 20:00:00,1320,1310.1,Shale_A,26.21,56.8,138.7,270.0,306.7,837.8,1.366,23.74,8.56,211.8,1.23,TriCone_8.5,1800,1790.4,12265.0,0,0,0,0
W010,2026-01-15 20:15:00,1340,1325.3,Shale_A,25.29,56.12,140.0,271.8,299.1,827.7,1.369,24.05,8.44,211.3,0.93,TriCone_8.5,1800,1790.9,12265.0,0,0,0,0
W010,2026-01-15 20:30:00,1360,1345.9,Shale_A,25.93,55.72,141.9,275.1,305.7,821.3,1.363,24.52,8.61,214.5,0.53,TriCone_8.5,1800,1748.2,12265.0,0,0,0,0
W010,2026-01-15 20:45:00,1380,1367.7,Shale_A,24.92,55.99,141.5,267.4,300.4,814.8,1.355,24.65,8.4,209.9,2.75,TriCone_8.5,1800,1826.2,12265.0,0,0,0,0
W010,2026-01-15 21:00:00,1400,1396.4,Shale_A,25.46,57.63,138.7,266.6,302.6,809.4,1.36,25.12,8.75,210.7,1.07,TriCone_8.5,1800,1788.3,12265.0,0,0,0,0
W010,2026-01-15 21:15:00,1420,1410.3,Shale_A,24.76,58.46,137.4,262.9,310.2,799.3,1.351,24.89,8.84,210.1,1.68,TriCone_8.5,1800,1795.5,12265.0,0,0,0,0
W010,2026-01-15 21:30:00,1440,1422.8,Shale_A,24.11,59.73,135.8,265.7,308.8,787.7,1.355,24.61,8.58,213.4,2.13,TriCone_8.5,1800,1837.7,12265.0,0,0,0,0
W010,2026-01-15 21:45:00,1460,1444.6,Shale_A,22.93,59.62,135.4,261.4,299.9,785.6,1.361,24.83,8.87,210.8,2.92,TriCone_8.5,1800,1765.8,12265.0,0,0,0,0
W010,2026-01-15 22:00:00,1480,1468.4,Shale_A,22.34,59.51,134.5,259.1,306.7,793.0,1.371,24.94,8.84,212.5,2.99,TriCone_8.5,1800,1853.0,12265.0,0,0,0,0
W010,2026-01-15 22:15:00,1500,1485.4,Shale_A,22.12,59.7,137.2,253.8,302.5,782.6,1.377,24.5,8.51,215.5,1.79,TriCone_8.5,1800,1821.7,12265.0,0,0,0,0
W010,2026-01-15 22:30:00,1520,1506.7,Shale_A,23.22,61.51,135.9,257.5,304.1,774.7,1.372,24.49,8.45,216.3,2.52,TriCone_8.5,1800,1750.8,12265.0,0,0,0,0
W010,2026-01-15 22:45:00,1540,1530.5,Shale_A,22.47,61.64,134.8,257.9,309.7,782.8,1.369,24.68,8.8,220.6,0.87,TriCone_8.5,1800,1816.7,12265.0,0,0,0,0
W010,2026-01-15 23:00:00,1560,1548.3,Shale_A,23.36,61.71,134.1,250.8,307.3,794.9,1.359,24.65,9.14,219.1,1.57,TriCone_8.5,1800,1757.3,12265.0,0,0,0,0
W010,2026-01-15 23:15:00,1580,1575.6,Shale_A,22.56,59.78,134.8,257.5,299.4,786.2,1.356,24.96,8.96,224.9,0.64,TriCone_8.5,1800,1796.0,12265.0,0,0,0,0
W010,2026-01-15 23:30:00,1600,1593.5,Limestone_B,22.94,59.25,136.5,252.2,290.4,783.1,1.363,25.21,8.97,222.7,0.82,TriCone_8.5,2600,2609.5,12265.0,0,0,0,0
W010,2026-01-15 23:45:00,1620,1607.8,Limestone_B,23.32,59.11,139.3,258.3,293.3,779.3,1.365,25.29,8.89,221.0,1.52,TriCone_8.5,2600,2644.8,12265.0,0,0,0,0
W010,2026-01-16 00:00:00,1640,1620.6,Limestone_B,22.75,60.15,139.5,251.4,290.7,790.8,1.37,25.11,9.24,219.6,2.9,TriCone_8.5,2600,2588.8,12265.0,0,0,0,0
W010,2026-01-16 00:15:00,1660,1650.9,Limestone_B,22.59,59.59,139.7,256.1,297.5,787.8,1.369,24.76,8.88,226.1,0.66,TriCone_8.5,2600,2523.4,12265.0,0,0,0,0
W010,2026-01-16 00:30:00,1680,1664.7,Limestone_B,21.87,59.75,137.8,255.1,303.5,786.7,1.362,24.98,8.63,228.0,1.7,TriCone_8.5,2600,2606.1,12265.0,0,0,0,0
W010,2026-01-16 00:45:00,1700,1692.7,Limestone_B,22.37,57.88,136.6,261.0,293.9,788.1,1.367,25.1,8.84,228.8,2.23,TriCone_8.5,2600,2654.8,12265.0,0,0,0,0
W010,2026-01-16 01:00:00,1720,1712.6,Limestone_B,22.14,57.77,137.9,267.0,289.3,783.4,1.376,25.18,8.58,229.0,2.98,TriCone_8.5,2600,2622.7,12265.0,0,0,0,0
W010,2026-01-16 01:15:00,1740,1734.0,Limestone_B,21.44,59.27,138.1,273.2,285.9,770.3,1.376,24.95,8.75,232.9,2.23,TriCone_8.5,2600,2638.3,12265.0,0,0,0,0
W010,2026-01-16 01:30:00,1760,1750.5,Limestone_B,22.09,60.64,139.4,273.3,288.4,776.3,1.371,25.26,9.11,228.9,2.25,TriCone_8.5,2600,2592.7,12265.0,0,0,0,0
W010,2026-01-16 01:45:00,1780,1772.0,Limestone_B,22.2,62.17,139.1,266.3,295.3,781.5,1.378,24.9,8.73,234.4,0.87,TriCone_8.5,2600,2625.3,12265.0,0,0,0,0
W010,2026-01-16 02:00:00,1800,1786.7,Limestone_B,22.7,60.7,140.1,272.5,293.8,778.9,1.377,24.48,9.04,234.7,2.99,TriCone_8.5,2600,2650.4,12265.0,0,0,0,0
W010,2026-01-16 02:15:00,1820,1801.7,Limestone_B,21.99,61.37,141.0,278.9,300.4,792.1,1.384,24.85,8.69,235.4,2.02,TriCone_8.5,2600,2639.2,12265.0,0,0,0,0
W010,2026-01-16 02:30:00,1840,1835.6,Limestone_B,22.42,60.68,140.8,281.8,308.6,801.9,1.383,24.74,8.48,231.5,0.78,TriCone_8.5,2600,2530.8,12265.0,0,0,0,0
W010,2026-01-16 02:45:00,1860,1833.1,Limestone_B,21.53,60.09,141.1,282.3,299.3,815.4,1.379,24.26,8.14,234.5,0.84,TriCone_8.5,2600,2611.5,12265.0,0,0,0,0
W010,2026-01-16 03:00:00,1880,1862.2,Limestone_B,21.82,58.54,140.0,281.0,292.5,815.6,1.371,23.81,8.16,232.1,0.74,TriCone_8.5,2600,2581.2,12265.0,0,0,0,0
W010,2026-01-16 03:15:00,1900,1889.4,Limestone_B,22.36,59.8,142.2,288.6,297.8,818.9,1.368,23.49,8.31,240.4,1.67,TriCone_8.5,2600,2664.8,12265.0,0,0,0,0
W010,2026-01-16 03:30:00,1920,1909.3,Limestone_B,22.2,59.44,142.2,286.5,302.8,830.1,1.376,23.22,8.63,234.8,1.27,TriCone_8.5,2600,2599.2,12265.0,0,0,0,0
W010,2026-01-16 03:45:00,1940,1921.8,Limestone_B,21.13,58.93,143.5,283.7,305.4,834.9,1.381,23.62,8.58,234.0,1.3,TriCone_8.5,2600,2569.5,12265.0,0,0,0,0
W010,2026-01-16 04:00:00,1960,1935.8,Limestone_B,19.96,58.19,145.2,286.4,310.0,844.3,1.387,23.8,8.53,243.0,1.92,TriCone_8.5,2600,2633.4,12265.0,0,0,0,0
W010,2026-01-16 04:15:00,1980,1953.1,Limestone_B,20.42,59.89,143.3,279.7,317.6,856.8,1.383,23.68,8.66,237.4,2.69,TriCone_8.5,2600,2567.7,12265.0,0,0,0,0
W010,2026-01-16 04:30:00,2000,1984.9,Limestone_B,19.72,59.03,141.0,272.8,322.7,846.7,1.391,23.55,8.8,237.3,1.1,TriCone_8.5,2600,2527.9,12265.0,0,0,0,0
W010,2026-01-16 04:45:00,2020,2008.6,Limestone_B,20.36,60.06,142.0,272.0,330.5,850.4,1.401,23.87,8.44,239.1,1.93,TriCone_8.5,2600,2609.5,12265.0,0,0,0,0
W010,2026-01-16 05:00:00,2040,2019.2,Limestone_B,21.05,59.19,140.1,264.9,332.0,856.1,1.398,23.98,8.08,237.8,2.25,TriCone_8.5,2600,2607.9,12265.0,0,0,0,0
W010,2026-01-16 05:15:00,2060,2037.6,Limestone_B,21.85,60.6,138.1,264.7,336.7,864.3,1.404,23.71,7.83,243.6,2.35,TriCone_8.5,2600,2626.7,12265.0,0,0,0,0
W010,2026-01-16 05:30:00,2080,2051.5,Limestone_B,22.37,59.8,136.1,259.1,333.0,867.1,1.401,23.23,7.51,241.5,2.15,TriCone_8.5,2600,2538.3,12265.0,0,0,0,0
W010,2026-01-16 05:45:00,2100,2076.8,Limestone_B,21.46,58.65,134.1,252.2,336.4,866.0,1.408,22.83,7.23,242.6,2.41,TriCone_8.5,2600,2609.5,12265.0,0,0,0,0
W010,2026-01-16 06:00:00,2120,2105.5,Limestone_B,20.98,56.97,136.7,253.0,342.2,870.8,1.408,22.42,7.34,242.0,1.54,TriCone_8.5,2600,2585.7,12265.0,0,0,0,0
W010,2026-01-16 06:15:00,2140,2123.3,Limestone_B,21.42,57.66,134.6,250.5,333.1,877.4,1.417,22.18,7.01,246.1,2.64,TriCone_8.5,2600,2644.0,12265.0,0,0,0,0
W010,2026-01-16 06:30:00,2160,2131.7,Limestone_B,22.56,58.97,132.4,257.2,332.1,873.6,1.416,22.51,7.14,242.8,2.89,TriCone_8.5,2600,2529.3,12265.0,0,0,0,0
W010,2026-01-16 06:45:00,2180,2171.6,Limestone_B,22.89,57.72,130.4,263.1,330.5,878.2,1.416,22.74,7.12,246.0,1.41,TriCone_8.5,2600,2638.3,12265.0,0,0,0,0
W010,2026-01-16 07:00:00,2200,2174.3,Limestone_B,22.2,59.46,132.2,256.0,340.5,884.0,1.409,22.48,7.27,251.8,1.1,TriCone_8.5,2600,2595.0,12265.0,0,0,0,0
W010,2026-01-16 07:15:00,2220,2192.7,Limestone_B,22.44,58.15,129.8,258.9,346.1,884.0,1.406,22.41,7.18,254.5,2.42,TriCone_8.5,2600,2569.9,12265.0,0,0,0,0
W010,2026-01-16 07:30:00,2240,2214.2,Limestone_B,22.55,58.6,129.6,263.9,351.5,884.2,1.413,22.66,7.4,255.4,1.17,TriCone_8.5,2600,2581.9,12265.0,0,0,0,0
W010,2026-01-16 07:45:00,2260,2229.2,Limestone_B,23.2,60.31,127.0,265.9,344.4,884.3,1.406,22.29,7.01,253.0,1.4,TriCone_8.5,2600,2660.7,12265.0,0,0,0,0
W010,2026-01-16 08:00:00,2280,2270.4,Limestone_B,22.41,62.08,125.9,263.2,351.2,888.7,1.41,22.43,7.37,249.7,2.97,TriCone_8.5,2600,2572.4,12265.0,0,0,0,0
W010,2026-01-16 08:15:00,2300,2287.4,Limestone_B,22.8,62.68,123.3,258.7,360.4,889.7,1.408,22.69,7.39,248.6,2.34,TriCone_8.5,2600,2613.9,12265.0,0,0,0,0
W010,2026-01-16 08:30:00,2320,2314.9,Limestone_B,23.9,61.58,123.0,252.5,362.5,886.0,1.405,23.02,7.0,257.4,1.93,TriCone_8.5,2600,2547.8,12265.0,0,0,0,0
W010,2026-01-16 08:45:00,2340,2332.6,Limestone_B,22.83,59.78,125.3,258.0,359.4,889.5,1.405,23.49,7.36,260.1,2.67,TriCone_8.5,2600,2614.0,12265.0,0,0,0,0
W010,2026-01-16 09:00:00,2360,2336.1,Limestone_B,23.62,60.62,128.1,259.1,351.1,892.4,1.409,23.21,7.28,257.2,1.44,TriCone_8.5,2600,2555.9,12265.0,0,0,0,0
W010,2026-01-16 09:15:00,2380,2349.1,Limestone_B,24.68,61.62,125.1,263.3,355.9,877.7,1.406,23.32,7.24,259.9,1.56,TriCone_8.5,2600,2542.8,12265.0,0,0,0,0
W010,2026-01-16 09:30:00,2400,2391.2,Shale_B,24.06,62.49,123.0,260.6,354.7,868.5,1.405,22.98,7.29,259.6,0.66,TriCone_8.5,3400,3497.2,12265.0,0,0,0,0
W010,2026-01-16 09:45:00,2420,2387.1,Shale_B,23.4,63.14,122.8,260.6,347.3,877.7,1.407,22.62,7.19,262.0,1.92,TriCone_8.5,3400,3335.8,12265.0,0,0,0,0
W010,2026-01-16 10:00:00,2440,2416.0,Shale_B,22.78,63.21,124.9,259.6,346.0,889.9,1.409,22.69,7.0,260.9,1.94,TriCone_8.5,3400,3374.0,12265.0,0,0,0,0
W010,2026-01-16 10:15:00,2460,2443.8,Shale_B,23.7,64.21,125.1,259.0,339.7,884.1,1.414,22.64,7.31,257.2,1.77,TriCone_8.5,3400,3500.1,12265.0,0,0,0,0
W010,2026-01-16 10:30:00,2480,2460.5,Shale_B,24.63,65.0,122.8,253.1,332.3,889.5,1.411,22.87,7.23,262.9,2.42,TriCone_8.5,3400,3403.4,12265.0,0,0,0,0
W010,2026-01-16 10:45:00,2500,2473.6,Shale_B,23.64,64.64,123.1,252.5,340.3,901.7,1.417,22.75,7.4,261.5,1.08,TriCone_8.5,3400,3408.1,12265.0,0,0,0,0
W010,2026-01-16 11:00:00,2520,2497.1,Shale_B,23.24,64.48,125.8,249.5,348.3,893.6,1.411,22.77,7.54,258.8,1.05,TriCone_8.5,3400,3312.5,12265.0,0,0,0,0
W010,2026-01-16 11:15:00,2540,2524.3,Shale_B,23.75,64.52,123.8,255.8,344.2,900.5,1.417,23.23,7.54,265.5,1.34,TriCone_8.5,3400,3365.5,12265.0,0,0,0,0
W010,2026-01-16 11:30:00,2560,2544.3,Shale_B,23.6,65.0,121.1,261.9,351.2,900.7,1.417,23.09,7.94,261.3,1.98,TriCone_8.5,3400,3392.5,12265.0,0,0,0,0
W010,2026-01-16 11:45:00,2580,2552.4,Shale_B,24.27,65.0,118.8,259.9,344.0,912.1,1.422,23.35,8.06,266.2,0.87,TriCone_8.5,3400,3488.6,12265.0,0,0,0,0
W010,2026-01-16 12:00:00,2600,2586.7,Shale_B,24.81,63.64,120.0,263.0,343.2,901.2,1.418,23.17,8.22,263.1,2.57,TriCone_8.5,3400,3325.9,12265.0,0,0,0,0
W010,2026-01-16 12:15:00,2620,2581.1,Shale_B,25.34,64.31,121.5,258.0,336.4,893.3,1.415,23.46,8.41,272.2,0.65,TriCone_8.5,3400,3336.0,12265.0,0,0,0,0
W010,2026-01-16 12:30:00,2640,2632.1,Shale_B,24.81,63.65,121.8,251.6,339.3,888.1,1.418,23.79,8.15,273.1,1.83,TriCone_8.5,3400,3440.6,12265.0,0,0,0,0
W010,2026-01-16 12:45:00,2660,2636.9,Shale_B,25.06,63.27,123.4,253.3,339.2,900.5,1.416,23.51,8.24,270.9,1.6,TriCone_8.5,3400,3340.4,12265.0,0,0,0,0
W010,2026-01-16 13:00:00,2680,2661.7,Shale_B,25.62,61.71,121.7,260.9,343.7,913.0,1.412,23.75,8.41,268.5,1.88,TriCone_8.5,3400,3493.7,12265.0,0,0,0,0
W010,2026-01-16 13:15:00,2700,2683.8,Shale_B,26.41,63.04,123.8,265.8,343.5,909.4,1.419,23.74,8.21,271.6,0.85,TriCone_8.5,3400,3396.2,12265.0,0,0,0,0
W010,2026-01-16 13:30:00,2720,2693.4,Shale_B,25.84,64.87,125.5,270.4,346.0,919.6,1.424,23.84,8.58,269.3,2.86,TriCone_8.5,3400,3366.5,12265.0,0,0,0,0
W010,2026-01-16 13:45:00,2740,2716.9,Shale_B,24.93,65.0,126.2,278.4,355.5,933.6,1.421,24.33,8.54,276.8,1.04,TriCone_8.5,3400,3405.8,12265.0,0,0,0,0
W010,2026-01-16 14:00:00,2760,2735.4,Shale_B,26.0,65.0,128.0,273.2,359.9,937.1,1.413,23.94,8.23,276.4,0.85,TriCone_8.5,3400,3495.1,12265.0,0,0,0,0
W010,2026-01-16 14:15:00,2780,2768.9,Shale_B,26.12,65.0,129.1,273.4,359.2,934.0,1.42,23.77,8.04,277.5,1.4,TriCone_8.5,3400,3370.8,12265.0,0,0,0,0
W010,2026-01-16 14:30:00,2800,2760.8,Shale_B,26.6,63.18,128.4,270.9,365.5,948.0,1.419,24.09,8.2,280.7,2.53,TriCone_8.5,3400,3364.9,12265.0,0,0,0,0
W010,2026-01-16 14:45:00,2820,2781.1,Shale_B,26.69,61.25,126.9,277.6,374.0,957.0,1.429,24.4,7.81,274.8,0.58,TriCone_8.5,3400,3443.5,12265.0,0,0,0,0
W010,2026-01-16 15:00:00,2840,2816.0,Shale_B,26.7,62.64,129.1,279.5,382.6,957.0,1.437,24.35,7.63,282.0,1.47,TriCone_8.5,3400,3342.6,12265.0,0,0,0,0
W010,2026-01-16 15:15:00,2860,2822.1,Shale_B,27.09,64.62,126.3,285.9,372.7,952.9,1.43,24.61,7.27,279.2,1.24,TriCone_8.5,3400,3365.1,12265.0,0,0,0,0
W010,2026-01-16 15:30:00,2880,2860.2,Shale_B,26.41,63.51,125.0,287.3,375.9,938.4,1.425,24.54,7.14,283.4,2.47,TriCone_8.5,3400,3455.5,12265.0,0,0,0,0
W010,2026-01-16 15:45:00,2900,2887.5,Shale_B,26.89,64.88,125.6,291.9,380.9,940.6,1.421,24.79,6.91,283.3,2.51,TriCone_8.5,3400,3367.0,12265.0,0,0,0,0
W010,2026-01-16 16:00:00,2920,2904.2,Shale_B,26.15,63.28,127.1,298.1,383.9,929.9,1.43,25.28,6.86,282.3,2.44,TriCone_8.5,3400,3394.5,12265.0,0,0,0,0
W010,2026-01-16 16:15:00,2940,2927.2,Shale_B,25.23,63.6,128.3,304.3,391.4,944.2,1.43,25.61,6.8,281.5,1.13,TriCone_8.5,3400,3495.4,12265.0,0,0,0,0
W010,2026-01-16 16:30:00,2960,2924.2,Shale_B,24.65,61.82,130.2,306.2,400.6,936.8,1.421,25.6,6.47,280.8,0.81,TriCone_8.5,3400,3499.1,12265.0,0,0,0,0
W010,2026-01-16 16:45:00,2980,2956.0,Shale_B,25.74,60.93,129.9,312.6,404.1,940.3,1.425,25.93,6.77,285.5,2.73,TriCone_8.5,3400,3319.7,12265.0,0,0,0,0
W010,2026-01-16 17:00:00,3000,2980.2,Sandstone_C,26.65,61.1,132.3,305.2,402.1,953.7,1.42,26.37,7.13,288.8,1.91,TriCone_8.5,4300,4242.5,12265.0,0,0,0,0
W010,2026-01-16 17:15:00,3020,3013.0,Sandstone_C,27.31,61.62,135.2,308.2,411.6,940.4,1.413,26.32,7.04,288.7,0.9,TriCone_8.5,4300,4395.4,12265.0,0,0,0,0
W010,2026-01-16 17:30:00,3040,2995.3,Sandstone_C,27.14,60.72,135.7,301.1,404.6,947.8,1.407,26.06,7.27,282.7,1.59,TriCone_8.5,4300,4252.3,12265.0,0,0,0,0
W010,2026-01-16 17:45:00,3060,3027.3,Sandstone_C,27.62,59.08,138.0,307.7,396.7,962.5,1.403,25.64,6.87,286.8,2.07,TriCone_8.5,4300,4260.5,12265.0,0,0,0,0
W010,2026-01-16 18:00:00,3080,3059.6,Sandstone_C,28.14,58.48,139.4,314.7,388.6,956.7,1.402,25.64,6.9,286.6,2.17,TriCone_8.5,4300,4386.9,12265.0,0,0,0,0
W010,2026-01-16 18:15:00,3100,3063.6,Sandstone_C,27.21,58.39,138.5,314.6,397.0,956.1,1.392,25.58,7.16,292.3,1.78,TriCone_8.5,4300,4320.1,12265.0,0,0,0,0
W010,2026-01-16 18:30:00,3120,3100.9,Sandstone_C,27.36,60.39,139.4,317.7,396.8,951.7,1.398,25.57,7.56,290.0,0.67,TriCone_8.5,4300,4291.0,12265.0,0,0,0,0
W010,2026-01-16 18:45:00,3140,3124.0,Sandstone_C,26.76,59.8,140.8,317.6,387.4,955.2,1.396,25.99,7.56,293.4,1.05,TriCone_8.5,4300,4183.0,12265.0,0,0,0,0
W010,2026-01-16 19:00:00,3160,3136.5,Sandstone_C,27.73,57.94,140.5,320.5,379.3,952.5,1.405,25.93,7.95,287.8,2.29,TriCone_8.5,4300,4357.0,12265.0,0,0,0,0
W011,2026-01-15 06:00:00,200,197.4,Alluvium_Top,16.13,43.52,122.4,283.1,335.2,862.1,1.419,24.31,7.91,162.5,2.09,PDC_8.5,200,200.0,14332.0,0,0,0,0
W011,2026-01-15 06:15:00,220,217.7,Alluvium_Top,15.39,43.17,120.4,275.5,329.4,863.2,1.419,24.31,7.71,161.8,2.26,PDC_8.5,200,201.8,14332.0,0,0,0,0
W011,2026-01-15 06:30:00,240,236.8,Alluvium_Top,15.74,44.02,119.1,267.5,336.7,872.9,1.411,24.18,7.84,162.3,2.65,PDC_8.5,200,204.6,14332.0,0,0,0,0
W011,2026-01-15 06:45:00,260,257.4,Alluvium_Top,14.77,43.58,116.2,273.9,337.2,883.4,1.402,23.91,7.65,160.6,2.51,PDC_8.5,200,199.2,14332.0,0,0,0,0
W011,2026-01-15 07:00:00,280,276.1,Alluvium_Top,13.73,41.9,117.8,273.0,341.7,888.9,1.395,23.55,7.85,164.8,1.45,PDC_8.5,200,196.5,14332.0,0,0,0,0
W011,2026-01-15 07:15:00,300,296.3,Alluvium_Top,13.22,39.94,116.2,271.7,334.1,877.0,1.403,23.64,8.2,162.0,2.19,PDC_8.5,200,194.1,14332.0,0,0,0,0
W011,2026-01-15 07:30:00,320,315.3,Alluvium_Top,12.33,37.95,118.8,272.6,342.6,872.0,1.4,23.54,8.36,165.1,2.81,PDC_8.5,200,201.4,14332.0,0,0,0,0
W011,2026-01-15 07:45:00,340,339.2,Alluvium_Top,11.92,36.67,118.9,272.7,335.3,863.1,1.398,23.45,8.21,161.8,0.51,PDC_8.5,200,202.5,14332.0,0,0,0,0
W011,2026-01-15 08:00:00,360,355.5,Alluvium_Top,11.88,38.65,119.9,265.8,327.7,875.6,1.401,23.79,8.53,165.7,0.62,PDC_8.5,200,205.3,14332.0,0,0,0,0
W011,2026-01-15 08:15:00,380,374.8,Alluvium_Top,11.13,38.29,117.6,260.5,326.6,870.8,1.4,23.72,8.65,171.5,0.77,PDC_8.5,200,194.8,14332.0,0,0,0,0
W011,2026-01-15 08:30:00,400,398.2,Shale_A,11.15,39.36,115.9,265.8,335.1,874.9,1.392,24.12,8.88,170.5,0.59,PDC_8.5,1800,1838.1,14332.0,0,0,0,0
W011,2026-01-15 08:45:00,420,416.2,Shale_A,10.48,39.67,114.5,268.4,337.3,863.1,1.395,24.54,8.61,169.9,1.35,PDC_8.5,1800,1760.9,14332.0,0,0,0,0
W011,2026-01-15 09:00:00,440,434.4,Shale_A,10.13,37.79,117.4,270.4,337.3,859.6,1.396,24.42,8.5,169.4,1.19,PDC_8.5,1800,1777.0,14332.0,0,0,0,0
W011,2026-01-15 09:15:00,460,454.5,Shale_A,10.95,36.4,114.6,266.3,346.9,869.5,1.398,24.85,8.46,175.5,1.24,PDC_8.5,1800,1806.1,14332.0,0,0,0,0
W011,2026-01-15 09:30:00,480,476.3,Shale_A,10.66,36.91,113.4,268.2,342.4,856.0,1.406,25.23,8.84,173.8,2.21,PDC_8.5,1800,1814.9,14332.0,0,0,0,0
W011,2026-01-15 09:45:00,500,494.4,Shale_A,9.91,36.07,115.7,263.0,350.9,856.7,1.41,24.84,8.66,177.1,1.17,PDC_8.5,1800,1759.6,14332.0,0,0,0,0
W011,2026-01-15 10:00:00,520,517.6,Shale_A,9.02,35.0,116.6,262.3,352.0,845.4,1.416,25.12,8.28,172.2,0.67,PDC_8.5,1800,1767.3,14332.0,0,0,0,0
W011,2026-01-15 10:15:00,540,538.2,Shale_A,9.98,33.95,116.3,257.3,349.4,846.1,1.407,25.33,8.31,177.6,1.18,PDC_8.5,1800,1825.6,14332.0,0,0,0,0
W011,2026-01-15 10:30:00,560,558.7,Shale_A,10.99,35.06,118.2,258.5,343.2,851.4,1.411,25.82,8.34,172.9,2.21,PDC_8.5,1800,1853.9,14332.0,0,0,0,0
W011,2026-01-15 10:45:00,580,574.5,Shale_A,10.57,35.23,116.2,250.9,339.9,862.4,1.402,25.75,8.55,180.6,2.96,PDC_8.5,1800,1765.1,14332.0,0,0,0,0
W011,2026-01-15 11:00:00,600,598.7,Shale_A,9.46,36.21,117.1,246.9,340.0,851.3,1.409,25.61,8.65,173.6,1.02,PDC_8.5,1800,1848.6,14332.0,0,0,0,0
W011,2026-01-15 11:15:00,620,616.6,Shale_A,10.57,35.39,115.1,246.9,339.9,841.5,1.414,25.47,8.4,176.2,1.91,PDC_8.5,1800,1827.3,14332.0,0,0,0,0
W011,2026-01-15 11:30:00,640,630.9,Shale_A,10.63,33.95,117.6,253.8,343.6,827.0,1.415,25.6,8.8,183.8,2.64,PDC_8.5,1800,1798.0,14332.0,0,0,0,0
W011,2026-01-15 11:45:00,660,653.6,Shale_A,10.9,35.15,117.0,250.9,342.9,816.4,1.412,25.96,8.43,176.2,0.81,PDC_8.5,1800,1849.0,14332.0,0,0,0,0
W011,2026-01-15 12:00:00,680,671.9,Shale_A,10.12,33.73,119.5,257.0,333.5,824.0,1.415,26.23,8.43,185.5,0.61,PDC_8.5,1800,1853.7,14332.0,0,0,0,0
W011,2026-01-15 12:15:00,700,695.3,Shale_A,10.0,35.42,119.9,249.7,331.7,821.5,1.424,26.33,8.54,183.6,2.43,PDC_8.5,1800,1788.8,14332.0,0,0,0,0
W011,2026-01-15 12:30:00,720,717.1,Shale_A,10.9,36.35,121.4,257.6,337.8,831.4,1.433,25.98,8.54,183.2,1.32,PDC_8.5,1800,1771.6,14332.0,0,0,0,0
W011,2026-01-15 12:45:00,740,731.0,Shale_A,11.43,38.34,120.0,261.4,338.8,825.8,1.426,26.38,8.62,186.5,1.86,PDC_8.5,1800,1828.3,14332.0,0,0,0,0
W011,2026-01-15 13:00:00,760,757.9,Shale_A,11.15,40.23,117.0,269.2,348.4,840.7,1.426,26.84,8.54,179.5,1.06,PDC_8.5,1800,1782.5,14332.0,0,0,0,0
W011,2026-01-15 13:15:00,780,774.1,Shale_A,11.26,38.53,115.7,262.6,355.6,843.4,1.434,27.03,8.92,185.2,2.1,PDC_8.5,1800,1747.5,14332.0,0,0,0,0
W011,2026-01-15 13:30:00,800,788.9,Shale_A,12.09,39.11,117.5,267.2,349.4,847.9,1.428,27.11,9.06,191.0,0.58,PDC_8.5,1800,1798.3,14332.0,0,0,0,0
W011,2026-01-15 13:45:00,820,811.3,Shale_A,11.85,40.4,119.6,271.0,357.3,842.6,1.42,26.67,9.34,189.2,2.25,PDC_8.5,1800,1754.3,14332.0,0,0,0,0
W011,2026-01-15 14:00:00,840,833.7,Shale_A,12.95,38.66,121.2,268.0,348.1,849.9,1.417,26.89,9.51,188.1,2.44,PDC_8.5,1800,1787.0,14332.0,0,0,0,0
W011,2026-01-15 14:15:00,860,857.1,Shale_A,13.51,39.02,118.3,274.4,349.0,861.0,1.425,26.83,9.52,187.9,1.62,PDC_8.5,1800,1777.0,14332.0,0,0,0,0
W011,2026-01-15 14:30:00,880,875.0,Shale_A,12.61,39.46,121.3,275.9,354.7,869.1,1.422,26.7,9.7,189.6,1.93,PDC_8.5,1800,1831.1,14332.0,0,0,0,0
W011,2026-01-15 14:45:00,900,889.8,Shale_A,12.06,38.05,120.1,276.0,351.5,871.2,1.413,26.71,9.59,190.8,1.56,PDC_8.5,1800,1830.0,14332.0,0,0,0,0
W011,2026-01-15 15:00:00,920,914.2,Shale_A,11.3,38.78,122.6,276.6,359.0,859.9,1.413,26.67,9.2,190.8,1.42,PDC_8.5,1800,1843.6,14332.0,0,0,0,0
W011,2026-01-15 15:15:00,940,927.9,Shale_A,10.31,38.09,122.3,275.9,364.5,858.2,1.404,26.88,9.51,192.4,1.95,PDC_8.5,1800,1847.3,14332.0,0,0,0,0
W011,2026-01-15 15:30:00,960,948.6,Shale_A,9.67,37.81,124.9,276.2,358.3,851.2,1.402,27.0,9.46,192.1,1.91,PDC_8.5,1800,1769.8,14332.0,0,0,0,0
W011,2026-01-15 15:45:00,980,970.4,Shale_A,8.53,36.82,122.4,273.6,363.8,857.7,1.404,27.35,9.29,198.0,1.5,PDC_8.5,1800,1754.5,14332.0,0,0,0,0
W011,2026-01-15 16:00:00,1000,986.6,Shale_A,7.57,38.72,120.2,271.1,360.2,844.9,1.397,26.89,9.12,198.7,1.35,PDC_8.5,1800,1789.8,14332.0,0,0,0,0
W011,2026-01-15 16:15:00,1020,1010.1,Shale_A,8.76,37.65,118.9,278.6,353.8,845.2,1.392,27.32,9.51,199.0,1.29,PDC_8.5,1800,1815.7,14332.0,0,0,0,0
W011,2026-01-15 16:30:00,1040,1036.4,Shale_A,9.7,39.31,118.4,281.1,347.1,843.2,1.395,27.21,9.4,191.8,2.51,PDC_8.5,1800,1772.2,14332.0,0,0,0,0
W011,2026-01-15 16:45:00,1060,1056.4,Shale_A,10.23,39.51,117.0,289.1,348.9,848.6,1.399,27.56,9.01,194.9,2.16,PDC_8.5,1800,1850.7,14332.0,0,0,0,0
W011,2026-01-15 17:00:00,1080,1076.1,Shale_A,10.02,38.96,118.4,293.0,351.0,842.3,1.408,27.61,9.24,195.7,1.36,PDC_8.5,1800,1820.0,14332.0,0,0,0,0
W011,2026-01-15 17:15:00,1100,1092.2,Shale_A,10.05,38.89,119.9,289.5,345.4,855.1,1.409,27.21,8.99,204.5,0.99,PDC_8.5,1800,1751.4,14332.0,0,0,0,0
W011,2026-01-15 17:30:00,1120,1108.1,Shale_A,10.98,39.91,120.5,281.7,353.0,853.4,1.418,27.21,9.15,196.1,2.36,PDC_8.5,1800,1791.4,14332.0,0,0,0,0
W011,2026-01-15 17:45:00,1140,1135.4,Shale_A,10.06,38.5,118.6,279.0,360.8,849.4,1.422,26.79,9.22,201.1,2.94,PDC_8.5,1800,1783.9,14332.0,0,0,0,0
W011,2026-01-15 18:00:00,1160,1153.7,Shale_A,10.72,37.27,119.0,272.2,357.8,841.2,1.426,26.78,9.42,202.4,0.72,PDC_8.5,1800,1795.1,14332.0,0,0,0,0
W011,2026-01-15 18:15:00,1180,1173.4,Shale_A,11.69,37.56,120.5,276.2,350.9,831.1,1.417,26.6,9.4,208.1,1.58,PDC_8.5,1800,1836.0,14332.0,0,0,0,0
W011,2026-01-15 18:30:00,1200,1183.2,Shale_A,10.98,35.79,120.8,279.4,360.9,826.9,1.425,26.48,9.55,205.0,0.63,PDC_8.5,1800,1820.9,14332.0,0,0,0,0
W011,2026-01-15 18:45:00,1220,1204.7,Shale_A,10.67,36.77,118.8,281.1,356.7,835.8,1.431,26.76,9.57,202.7,2.52,PDC_8.5,1800,1748.2,14332.0,0,0,0,0
W011,2026-01-15 19:00:00,1240,1223.5,Shale_A,9.91,37.47,119.9,283.5,355.0,823.8,1.439,26.77,9.5,206.7,0.98,PDC_8.5,1800,1777.3,14332.0,0,0,0,0
W011,2026-01-15 19:15:00,1260,1246.0,Shale_A,9.26,36.45,122.3,284.0,354.7,829.5,1.448,26.38,9.77,207.5,0.87,PDC_8.5,1800,1789.8,14332.0,0,0,0,0
W011,2026-01-15 19:30:00,1280,1267.1,Shale_A,9.72,35.42,122.5,287.0,353.7,840.4,1.455,26.35,10.15,203.4,0.51,PDC_8.5,1800,1798.1,14332.0,0,0,0,0
W011,2026-01-15 19:45:00,1300,1292.3,Shale_A,10.03,35.33,120.2,281.7,360.7,851.4,1.458,26.51,10.23,205.5,1.57,PDC_8.5,1800,1810.9,14332.0,0,0,0,0
W011,2026-01-15 20:00:00,1320,1306.7,Shale_A,8.87,37.14,122.3,277.9,363.0,864.1,1.45,26.51,10.19,208.5,2.59,PDC_8.5,1800,1804.0,14332.0,0,0,0,0
W011,2026-01-15 20:15:00,1340,1325.8,Shale_A,7.83,35.31,121.8,281.4,357.1,868.5,1.454,26.27,10.27,212.1,1.67,PDC_8.5,1800,1752.9,14332.0,0,0,0,0
W011,2026-01-15 20:30:00,1360,1341.5,Shale_A,8.98,35.02,121.2,280.8,348.6,870.1,1.451,25.89,10.24,206.2,1.5,PDC_8.5,1800,1812.9,14332.0,0,0,0,0
W011,2026-01-15 20:45:00,1380,1373.1,Shale_A,9.76,36.68,119.4,281.4,344.2,869.9,1.45,25.66,10.4,208.4,0.63,PDC_8.5,1800,1748.6,14332.0,0,0,0,0
W011,2026-01-15 21:00:00,1400,1385.8,Shale_A,9.76,36.55,119.4,280.4,342.1,869.9,1.451,25.85,10.57,211.8,1.53,PDC_8.5,1800,1817.9,14332.0,0,0,0,0
W011,2026-01-15 21:15:00,1420,1416.9,Shale_A,9.65,38.11,120.6,286.8,346.3,884.0,1.454,26.31,10.3,209.4,1.95,PDC_8.5,1800,1803.9,14332.0,0,0,0,0
W011,2026-01-15 21:30:00,1440,1420.3,Shale_A,8.96,38.2,121.5,283.8,350.6,898.3,1.462,26.1,10.16,213.5,1.49,PDC_8.5,1800,1791.1,14332.0,0,0,0,0
W011,2026-01-15 21:45:00,1460,1439.9,Shale_A,8.64,39.72,124.1,276.2,360.4,904.6,1.462,25.99,10.17,213.9,2.06,PDC_8.5,1800,1828.3,14332.0,0,0,0,0
W011,2026-01-15 22:00:00,1480,1459.0,Shale_A,8.1,37.79,124.4,277.5,358.9,891.8,1.47,26.1,9.86,216.7,1.74,PDC_8.5,1800,1813.1,14332.0,0,0,0,0
W011,2026-01-15 22:15:00,1500,1489.7,Shale_A,8.84,38.79,122.6,283.3,355.8,905.2,1.461,26.09,9.94,215.0,2.43,PDC_8.5,1800,1811.5,14332.0,0,0,0,0
W011,2026-01-15 22:30:00,1520,1513.1,Shale_A,9.1,38.76,120.8,291.2,363.7,899.0,1.462,25.91,10.16,222.7,1.4,PDC_8.5,1800,1748.0,14332.0,0,0,0,0
W011,2026-01-15 22:45:00,1540,1527.8,Shale_A,8.85,40.51,120.9,290.7,367.1,891.8,1.458,26.34,10.3,222.6,1.18,PDC_8.5,1800,1799.8,14332.0,0,0,0,0
W011,2026-01-15 23:00:00,1560,1537.5,Shale_A,8.41,39.15,121.0,288.9,360.3,903.5,1.468,26.41,10.52,223.8,2.25,PDC_8.5,1800,1850.9,14332.0,0,0,0,0
W011,2026-01-15 23:15:00,1580,1575.9,Shale_A,7.38,37.19,119.8,287.2,355.1,890.4,1.469,26.18,10.76,216.2,2.61,PDC_8.5,1800,1763.0,14332.0,0,0,0,0
W011,2026-01-15 23:30:00,1600,1577.7,Limestone_B,7.94,38.92,118.1,295.1,360.6,897.2,1.466,26.23,10.88,223.2,2.26,PDC_8.5,2600,2633.7,14332.0,0,0,0,0
W011,2026-01-15 23:45:00,1620,1608.4,Limestone_B,7.78,37.96,116.1,289.3,357.9,897.0,1.457,26.68,11.09,225.2,0.93,PDC_8.5,2600,2577.5,14332.0,0,0,0,0
W011,2026-01-16 00:00:00,1640,1628.8,Limestone_B,8.94,38.95,116.6,294.9,351.0,882.5,1.461,26.28,10.78,226.2,1.18,PDC_8.5,2600,2604.6,14332.0,0,0,0,0
W011,2026-01-16 00:15:00,1660,1646.6,Limestone_B,8.5,37.82,114.2,289.0,342.2,870.1,1.46,26.1,10.95,228.4,2.46,PDC_8.5,2600,2665.1,14332.0,0,0,0,0
W011,2026-01-16 00:30:00,1680,1670.8,Limestone_B,9.0,37.27,111.7,294.5,339.0,861.6,1.467,26.5,10.82,224.1,1.95,PDC_8.5,2600,2538.0,14332.0,0,0,0,0
W011,2026-01-16 00:45:00,1700,1690.3,Limestone_B,9.22,39.08,110.3,301.0,348.0,854.7,1.472,26.24,11.01,229.5,1.12,PDC_8.5,2600,2531.9,14332.0,0,0,0,0
W011,2026-01-16 01:00:00,1720,1704.6,Limestone_B,8.88,37.75,107.9,302.2,357.6,864.4,1.471,26.28,10.83,224.0,1.71,PDC_8.5,2600,2648.7,14332.0,0,0,0,0
W011,2026-01-16 01:15:00,1740,1729.5,Limestone_B,9.97,38.17,108.5,296.2,367.5,872.6,1.479,26.19,10.83,228.5,0.99,PDC_8.5,2600,2603.4,14332.0,0,0,0,0
W011,2026-01-16 01:30:00,1760,1753.5,Limestone_B,9.16,36.52,109.9,292.6,370.0,878.5,1.475,26.51,10.87,232.9,2.41,PDC_8.5,2600,2662.9,14332.0,0,0,0,0
W011,2026-01-16 01:45:00,1780,1758.8,Limestone_B,8.54,34.88,109.6,298.8,369.4,889.0,1.472,26.35,11.19,229.4,2.47,PDC_8.5,2600,2525.1,14332.0,0,0,0,0
W011,2026-01-16 02:00:00,1800,1777.3,Limestone_B,8.72,35.92,107.1,298.7,377.4,900.3,1.463,26.15,11.14,227.7,2.32,PDC_8.5,2600,2670.0,14332.0,0,0,0,0
W011,2026-01-16 02:15:00,1820,1800.8,Limestone_B,9.11,35.85,108.5,306.1,369.7,906.6,1.458,26.06,10.77,228.3,1.3,PDC_8.5,2600,2576.1,14332.0,0,0,0,0
W011,2026-01-16 02:30:00,1840,1812.9,Limestone_B,9.69,37.74,109.1,302.0,366.3,901.2,1.455,26.23,10.79,231.7,0.87,PDC_8.5,2600,2662.3,14332.0,0,0,0,0
W011,2026-01-16 02:45:00,1860,1837.0,Limestone_B,8.75,38.88,106.8,305.6,364.0,888.4,1.461,26.31,10.58,237.6,0.61,PDC_8.5,2600,2556.1,14332.0,0,0,0,0
W011,2026-01-16 03:00:00,1880,1862.2,Limestone_B,9.25,38.04,104.2,311.3,360.3,879.3,1.461,26.72,10.21,237.3,1.93,PDC_8.5,2600,2639.3,14332.0,0,0,0,0
W011,2026-01-16 03:15:00,1900,1878.7,Limestone_B,10.37,36.96,102.1,317.9,363.7,877.4,1.462,26.97,10.43,239.7,1.57,PDC_8.5,2600,2638.1,14332.0,0,0,0,0
W011,2026-01-16 03:30:00,1920,1901.5,Limestone_B,10.17,37.34,101.6,312.3,363.1,883.1,1.468,26.96,10.16,235.5,2.47,PDC_8.5,2600,2621.8,14332.0,0,0,0,0
W011,2026-01-16 03:45:00,1940,1929.3,Limestone_B,10.19,36.3,103.4,305.6,363.6,874.4,1.459,26.96,10.16,239.4,2.36,PDC_8.5,2600,2630.7,14332.0,0,0,0,0
W011,2026-01-16 04:00:00,1960,1933.9,Limestone_B,10.51,36.61,102.9,307.2,372.5,865.2,1.467,26.51,10.01,236.1,2.07,PDC_8.5,2600,2585.9,14332.0,0,0,0,0
W011,2026-01-16 04:15:00,1980,1952.3,Limestone_B,11.3,37.22,102.7,314.1,379.1,865.2,1.471,26.58,10.08,237.4,1.66,PDC_8.5,2600,2659.6,14332.0,0,0,0,0
W011,2026-01-16 04:30:00,2000,1971.3,Limestone_B,11.77,39.03,105.5,315.0,381.2,855.8,1.475,26.15,9.91,241.7,1.28,PDC_8.5,2600,2577.7,14332.0,0,0,0,0
W011,2026-01-16 04:45:00,2020,2006.8,Limestone_B,11.31,37.28,102.9,311.0,374.8,864.0,1.471,26.45,9.65,240.8,2.22,PDC_8.5,2600,2651.8,14332.0,0,0,0,0
W011,2026-01-16 05:00:00,2040,2025.7,Limestone_B,12.33,36.19,102.9,317.1,366.4,850.7,1.466,26.58,9.46,238.7,1.65,PDC_8.5,2600,2615.8,14332.0,0,0,0,0
W011,2026-01-16 05:15:00,2060,2055.6,Limestone_B,11.85,36.64,105.6,319.9,372.1,846.7,1.461,26.53,9.71,242.3,2.62,PDC_8.5,2600,2560.8,14332.0,0,0,0,0
W011,2026-01-16 05:30:00,2080,2075.1,Limestone_B,10.76,35.24,104.9,314.0,379.5,832.4,1.457,26.21,10.06,245.3,2.78,PDC_8.5,2600,2533.2,14332.0,0,0,0,0
W011,2026-01-16 05:45:00,2100,2083.1,Limestone_B,10.12,34.01,103.2,317.3,370.3,818.9,1.459,26.35,10.19,243.2,2.51,PDC_8.5,2600,2599.5,14332.0,0,0,0,0
W011,2026-01-16 06:00:00,2120,2093.5,Limestone_B,10.83,35.82,100.6,315.6,370.1,808.3,1.466,26.13,10.42,247.1,2.0,PDC_8.5,2600,2538.5,14332.0,0,0,0,0
W011,2026-01-16 06:15:00,2140,2125.2,Limestone_B,9.74,34.78,99.7,320.9,367.4,815.9,1.465,26.41,10.8,243.7,2.66,PDC_8.5,2600,2556.4,14332.0,0,0,0,0
W011,2026-01-16 06:30:00,2160,2128.0,Limestone_B,10.1,34.48,98.1,314.0,368.1,830.6,1.47,26.24,11.06,249.9,1.2,PDC_8.5,2600,2649.5,14332.0,0,0,0,0
W011,2026-01-16 06:45:00,2180,2170.2,Limestone_B,11.01,35.83,96.9,310.6,374.0,843.7,1.476,26.35,10.85,248.4,1.08,PDC_8.5,2600,2540.4,14332.0,0,0,0,0
W011,2026-01-16 07:00:00,2200,2191.8,Limestone_B,11.81,35.36,98.8,307.9,372.8,847.2,1.467,26.8,10.91,249.1,2.6,PDC_8.5,2600,2582.4,14332.0,0,0,0,0
W011,2026-01-16 07:15:00,2220,2209.4,Limestone_B,12.84,33.62,96.5,309.4,369.9,846.1,1.464,26.7,11.17,250.8,2.99,PDC_8.5,2600,2603.5,14332.0,0,0,0,0
W011,2026-01-16 07:30:00,2240,2213.9,Limestone_B,12.27,32.96,98.6,301.8,364.5,858.2,1.467,26.43,10.95,254.4,2.73,PDC_8.5,2600,2564.7,14332.0,0,0,0,0
W011,2026-01-16 07:45:00,2260,2250.9,Limestone_B,13.07,34.04,100.5,302.1,372.7,853.0,1.46,26.64,10.98,255.2,0.7,PDC_8.5,2600,2587.6,14332.0,0,0,0,0
W011,2026-01-16 08:00:00,2280,2273.9,Limestone_B,13.44,32.2,101.2,305.6,370.1,844.5,1.461,26.97,10.84,250.1,1.2,PDC_8.5,2600,2567.8,14332.0,0,0,0,0
W011,2026-01-16 08:15:00,2300,2269.2,Limestone_B,12.25,33.33,102.4,299.7,379.8,847.7,1.461,26.85,11.16,250.9,1.21,PDC_8.5,2600,2578.0,14332.0,0,0,0,0
W011,2026-01-16 08:30:00,2320,2314.4,Limestone_B,12.48,33.77,100.7,302.1,385.1,843.4,1.467,26.7,11.37,249.7,1.88,PDC_8.5,2600,2640.4,14332.0,0,0,0,0
W011,2026-01-16 08:45:00,2340,2313.1,Limestone_B,11.96,33.54,98.1,308.1,386.5,840.0,1.459,27.15,11.39,253.1,1.38,PDC_8.5,2600,2675.1,14332.0,0,0,0,0
W011,2026-01-16 09:00:00,2360,2347.9,Limestone_B,12.99,34.97,97.9,313.3,385.0,832.6,1.469,26.95,11.25,261.1,0.83,PDC_8.5,2600,2615.9,14332.0,0,0,0,0
W011,2026-01-16 09:15:00,2380,2353.8,Limestone_B,13.02,32.98,97.2,307.1,383.3,841.3,1.468,26.88,11.3,257.9,2.64,PDC_8.5,2600,2668.0,14332.0,0,0,0,0
W011,2026-01-16 09:30:00,2400,2364.7,Shale_B,13.18,32.18,96.0,304.9,385.8,833.2,1.476,26.95,11.64,253.5,1.36,PDC_8.5,3400,3465.6,14332.0,0,0,0,0
W011,2026-01-16 09:45:00,2420,2397.0,Shale_B,14.05,30.33,95.6,298.8,384.1,843.4,1.478,27.19,11.52,263.3,2.27,PDC_8.5,3400,3353.5,14332.0,0,0,0,0
W011,2026-01-16 10:00:00,2440,2433.5,Shale_B,15.05,30.64,96.8,297.5,378.6,850.1,1.48,27.19,11.62,256.9,2.48,PDC_8.5,3400,3385.0,14332.0,0,0,0,0
W011,2026-01-16 10:15:00,2460,2452.3,Shale_B,14.62,30.26,98.7,299.0,379.6,862.9,1.481,27.2,11.25,256.4,0.52,PDC_8.5,3400,3479.8,14332.0,0,0,0,0
W011,2026-01-16 10:30:00,2480,2464.4,Shale_B,14.54,31.64,99.4,300.8,375.5,872.9,1.474,26.75,11.0,259.3,1.21,PDC_8.5,3400,3381.3,14332.0,0,0,0,0
W011,2026-01-16 10:45:00,2500,2467.3,Shale_B,14.96,30.0,97.3,300.9,383.9,883.7,1.483,26.9,11.14,263.8,2.06,PDC_8.5,3400,3342.4,14332.0,0,0,0,0
W011,2026-01-16 11:00:00,2520,2486.6,Shale_B,14.69,29.77,97.4,295.0,381.1,870.6,1.493,26.52,10.95,267.3,1.71,PDC_8.5,3400,3408.9,14332.0,0,0,0,0
W011,2026-01-16 11:15:00,2540,2530.2,Shale_B,13.77,28.57,94.7,294.0,387.2,873.2,1.495,26.22,10.83,267.8,0.72,PDC_8.5,3400,3376.4,14332.0,0,0,0,0
W011,2026-01-16 11:30:00,2560,2553.6,Shale_B,14.58,27.84,93.7,298.0,392.9,865.1,1.504,25.8,10.48,266.2,2.31,PDC_8.5,3400,3396.7,14332.0,0,0,0,0
W011,2026-01-16 11:45:00,2580,2548.2,Shale_B,13.44,28.25,92.4,296.9,392.7,852.0,1.504,25.73,10.65,267.6,0.96,PDC_8.5,3400,3380.6,14332.0,0,0,0,0
W011,2026-01-16 12:00:00,2600,2587.0,Shale_B,12.67,28.88,95.4,299.3,394.8,849.3,1.5,26.14,11.03,267.0,1.23,PDC_8.5,3400,3349.2,14332.0,0,0,0,0
W011,2026-01-16 12:15:00,2620,2595.1,Shale_B,13.31,30.16,93.1,306.9,404.5,862.4,1.5,25.89,11.1,267.1,1.01,PDC_8.5,3400,3325.0,14332.0,0,0,0,0
W011,2026-01-16 12:30:00,2640,2601.6,Shale_B,12.28,29.49,90.2,310.9,407.3,849.3,1.509,25.41,11.17,271.6,2.47,PDC_8.5,3400,3433.4,14332.0,0,0,0,0
W011,2026-01-16 12:45:00,2660,2624.9,Shale_B,13.28,29.74,90.1,303.6,408.5,846.6,1.514,25.31,11.32,265.7,0.83,PDC_8.5,3400,3482.9,14332.0,0,0,0,0
W011,2026-01-16 13:00:00,2680,2660.6,Shale_B,13.38,30.92,90.8,304.8,412.1,841.8,1.511,25.12,11.49,267.2,0.53,PDC_8.5,3400,3307.3,14332.0,0,0,0,0
W011,2026-01-16 13:15:00,2700,2671.6,Shale_B,13.64,32.05,91.8,304.8,416.5,851.5,1.505,24.96,11.27,271.0,2.71,PDC_8.5,3400,3490.2,14332.0,0,0,0,0
W011,2026-01-16 13:30:00,2720,2713.5,Shale_B,14.5,32.11,92.0,310.6,416.3,856.9,1.497,24.64,11.19,272.3,2.91,PDC_8.5,3400,3374.4,14332.0,0,0,0,0
W011,2026-01-16 13:45:00,2740,2731.1,Shale_B,14.06,33.97,93.1,308.9,420.3,842.4,1.49,24.97,11.31,271.9,1.75,PDC_8.5,3400,3471.6,14332.0,0,0,0,0
W011,2026-01-16 14:00:00,2760,2719.6,Shale_B,13.82,32.45,91.9,316.6,419.0,841.6,1.49,25.35,11.39,276.1,1.47,PDC_8.5,3400,3426.8,14332.0,0,0,0,0
W011,2026-01-16 14:15:00,2780,2769.7,Shale_B,14.9,34.25,94.6,321.6,422.7,851.9,1.492,24.98,11.3,279.8,1.38,PDC_8.5,3400,3487.9,14332.0,0,0,0,0
W011,2026-01-16 14:30:00,2800,2781.5,Shale_B,14.5,33.65,91.9,315.5,416.6,862.0,1.483,24.78,10.91,278.0,2.05,PDC_8.5,3400,3317.0,14332.0,0,0,0,0
W011,2026-01-16 14:45:00,2820,2813.1,Shale_B,13.8,34.53,93.8,309.7,416.3,854.5,1.476,25.01,10.94,274.1,1.28,PDC_8.5,3400,3374.4,14332.0,0,0,0,0
W011,2026-01-16 15:00:00,2840,2802.0,Shale_B,14.71,34.37,94.5,307.7,407.9,851.5,1.478,24.8,11.22,274.3,1.42,PDC_8.5,3400,3471.1,14332.0,0,0,0,0
W011,2026-01-16 15:15:00,2860,2829.5,Shale_B,13.61,33.46,93.9,307.4,408.8,844.7,1.478,24.81,11.07,282.0,1.86,PDC_8.5,3400,3380.6,14332.0,0,0,0,0
W011,2026-01-16 15:30:00,2880,2870.7,Shale_B,14.44,35.39,95.1,305.5,404.4,849.6,1.488,24.94,11.38,277.9,1.52,PDC_8.5,3400,3491.3,14332.0,0,0,0,0
W012,2026-01-15 06:00:00,200,197.3,Alluvium_Top,16.16,46.1,119.7,280.5,348.0,851.5,1.415,23.94,8.01,155.0,2.36,PDC_8.5,200,203.1,10264.0,0,0,0,0
W012,2026-01-15 06:15:00,220,218.1,Alluvium_Top,16.89,45.97,121.8,278.0,357.2,842.8,1.406,24.31,8.21,157.2,2.96,PDC_8.5,200,198.9,10264.0,0,0,0,0
W012,2026-01-15 06:30:00,240,238.8,Alluvium_Top,16.9,45.86,121.5,275.4,357.9,841.4,1.397,24.07,7.98,164.5,2.0,PDC_8.5,200,205.4,10264.0,0,0,0,0
W012,2026-01-15 06:45:00,260,256.6,Alluvium_Top,17.25,47.79,120.4,270.4,356.0,840.5,1.405,24.13,7.81,164.1,1.76,PDC_8.5,200,205.5,10264.0,0,0,0,0
W012,2026-01-15 07:00:00,280,278.1,Alluvium_Top,18.24,49.16,120.9,268.4,347.7,839.6,1.41,23.99,7.6,166.9,2.55,PDC_8.5,200,200.9,10264.0,0,0,0,0
W012,2026-01-15 07:15:00,300,295.7,Alluvium_Top,17.39,47.57,121.6,262.2,354.6,854.4,1.407,23.94,7.77,167.9,2.74,PDC_8.5,200,195.6,10264.0,0,0,0,0
W012,2026-01-15 07:30:00,320,318.2,Alluvium_Top,18.0,48.33,119.4,262.2,360.2,846.0,1.414,23.49,8.0,165.6,1.29,PDC_8.5,200,196.0,10264.0,0,0,0,0
W012,2026-01-15 07:45:00,340,337.8,Alluvium_Top,19.04,47.8,120.5,263.8,360.7,857.7,1.404,23.27,8.03,162.1,2.77,PDC_8.5,200,203.4,10264.0,0,0,0,0
W012,2026-01-15 08:00:00,360,358.9,Alluvium_Top,19.8,47.6,120.9,255.8,358.0,846.9,1.408,23.25,7.87,165.9,1.02,PDC_8.5,200,199.7,10264.0,0,0,0,0
W012,2026-01-15 08:15:00,380,377.8,Alluvium_Top,20.68,47.65,121.6,252.6,367.3,840.4,1.41,23.74,8.17,167.5,2.98,PDC_8.5,200,194.6,10264.0,0,0,0,0
W012,2026-01-15 08:30:00,400,398.2,Shale_A,20.45,46.99,120.7,256.8,369.0,826.5,1.418,23.54,8.57,172.5,2.85,PDC_8.5,1800,1768.5,10264.0,0,0,0,0
W012,2026-01-15 08:45:00,420,417.5,Shale_A,20.53,45.89,119.3,258.6,359.8,840.6,1.426,23.42,8.58,168.6,2.71,PDC_8.5,1800,1769.8,10264.0,0,0,0,0
W012,2026-01-15 09:00:00,440,433.8,Shale_A,20.4,45.61,122.1,253.4,351.6,852.0,1.434,23.79,8.59,171.4,1.91,PDC_8.5,1800,1776.0,10264.0,0,0,0,0
W012,2026-01-15 09:15:00,460,453.3,Shale_A,19.23,44.91,124.7,250.3,360.4,844.5,1.43,23.92,8.8,170.7,2.71,PDC_8.5,1800,1810.4,10264.0,0,0,0,0
W012,2026-01-15 09:30:00,480,474.2,Shale_A,18.5,46.45,124.1,255.6,363.8,834.8,1.438,23.67,8.6,174.7,0.76,PDC_8.5,1800,1845.6,10264.0,0,0,0,0
W012,2026-01-15 09:45:00,500,499.0,Shale_A,19.29,45.04,124.4,259.0,371.0,847.9,1.444,23.82,8.55,168.6,2.27,PDC_8.5,1800,1800.4,10264.0,0,0,0,0
W012,2026-01-15 10:00:00,520,518.4,Shale_A,18.13,45.03,125.1,262.0,375.4,849.6,1.438,24.26,8.71,170.8,1.31,PDC_8.5,1800,1825.6,10264.0,0,0,0,0
W012,2026-01-15 10:15:00,540,533.0,Shale_A,17.9,43.18,122.4,258.5,378.0,852.1,1.441,24.48,8.33,170.4,1.4,PDC_8.5,1800,1841.8,10264.0,0,0,0,0
W012,2026-01-15 10:30:00,560,558.7,Shale_A,18.24,44.44,123.9,263.6,381.3,859.2,1.436,24.97,8.08,172.3,1.22,PDC_8.5,1800,1754.1,10264.0,0,0,0,0
W012,2026-01-15 10:45:00,580,575.1,Shale_A,18.95,44.96,124.0,271.1,385.2,872.5,1.432,24.8,8.36,172.6,2.86,PDC_8.5,1800,1852.7,10264.0,0,0,0,0
W012,2026-01-15 11:00:00,600,591.8,Shale_A,18.56,45.82,123.9,273.1,385.3,886.5,1.436,24.55,8.69,174.9,1.43,PDC_8.5,1800,1846.1,10264.0,0,0,0,0
W012,2026-01-15 11:15:00,620,614.7,Shale_A,18.05,44.86,126.4,278.0,378.1,894.6,1.444,24.13,8.95,178.4,2.17,PDC_8.5,1800,1843.2,10264.0,0,0,0,0
W012,2026-01-15 11:30:00,640,637.0,Shale_A,16.93,45.91,123.6,277.3,371.1,904.3,1.44,24.08,8.89,181.5,1.7,PDC_8.5,1800,1821.4,10264.0,0,0,0,0
W012,2026-01-15 11:45:00,660,652.7,Shale_A,16.19,46.12,126.3,270.5,362.0,894.0,1.443,23.98,9.15,175.4,0.99,PDC_8.5,1800,1753.9,10264.0,0,0,0,0
W012,2026-01-15 12:00:00,680,672.1,Shale_A,16.63,44.62,129.0,268.0,366.3,894.7,1.437,24.33,9.4,179.6,1.97,PDC_8.5,1800,1813.7,10264.0,0,0,0,0
W012,2026-01-15 12:15:00,700,694.8,Shale_A,16.17,46.0,127.3,260.2,361.7,885.4,1.437,24.03,9.61,178.9,2.27,PDC_8.5,1800,1820.5,10264.0,0,0,0,0
W012,2026-01-15 12:30:00,720,714.6,Shale_A,17.37,47.48,128.9,258.4,366.8,899.1,1.427,24.07,9.38,183.0,1.67,PDC_8.5,1800,1852.5,10264.0,0,0,0,0
W012,2026-01-15 12:45:00,740,732.3,Shale_A,18.47,47.69,131.0,255.5,365.6,898.2,1.423,23.95,9.46,184.1,2.09,PDC_8.5,1800,1805.5,10264.0,0,0,0,0
W012,2026-01-15 13:00:00,760,757.6,Shale_A,18.74,46.22,129.5,248.2,357.1,890.5,1.413,23.7,9.58,179.8,1.59,PDC_8.5,1800,1780.1,10264.0,0,0,0,0
W012,2026-01-15 13:15:00,780,773.1,Shale_A,18.27,47.92,128.5,241.4,367.0,901.6,1.412,23.87,9.72,182.0,1.0,PDC_8.5,1800,1831.5,10264.0,0,0,0,0
W012,2026-01-15 13:30:00,800,794.9,Shale_A,17.09,49.05,125.8,241.1,369.8,907.2,1.403,23.79,9.79,181.7,0.84,PDC_8.5,1800,1844.4,10264.0,0,0,0,0
W012,2026-01-15 13:45:00,820,814.4,Shale_A,16.28,49.19,128.3,233.3,372.7,894.4,1.393,23.44,9.73,189.9,1.2,PDC_8.5,1800,1802.3,10264.0,0,0,0,0
W012,2026-01-15 14:00:00,840,832.2,Shale_A,15.64,49.25,130.1,238.6,379.6,889.6,1.399,23.15,9.92,192.3,0.53,PDC_8.5,1800,1790.4,10264.0,0,0,0,0
W012,2026-01-15 14:15:00,860,854.8,Shale_A,16.12,47.95,132.9,240.4,372.9,875.2,1.405,22.73,9.63,189.4,2.01,PDC_8.5,1800,1816.0,10264.0,0,0,0,0
W012,2026-01-15 14:30:00,880,878.2,Shale_A,16.78,49.85,131.5,243.6,381.5,880.8,1.409,22.45,9.66,190.2,2.25,PDC_8.5,1800,1788.5,10264.0,0,0,0,0
W012,2026-01-15 14:45:00,900,893.2,Shale_A,15.74,48.16,133.0,237.8,383.9,875.5,1.408,22.17,9.95,191.4,2.86,PDC_8.5,1800,1749.6,10264.0,0,0,0,0
W012,2026-01-15 15:00:00,920,909.9,Shale_A,14.95,50.12,134.4,230.6,388.0,872.9,1.404,21.82,10.22,187.0,1.22,PDC_8.5,1800,1759.4,10264.0,0,0,0,0
W012,2026-01-15 15:15:00,940,935.2,Shale_A,14.97,48.17,133.2,237.5,384.2,868.7,1.403,21.88,10.47,189.2,2.68,PDC_8.5,1800,1763.4,10264.0,0,0,0,0
W012,2026-01-15 15:30:00,960,950.7,Shale_A,13.98,46.26,133.8,243.3,385.9,860.1,1.395,22.08,10.65,189.9,0.57,PDC_8.5,1800,1824.0,10264.0,0,0,0,0
W012,2026-01-15 15:45:00,980,973.9,Shale_A,14.47,47.5,134.5,237.1,389.6,874.6,1.403,22.45,10.49,196.6,2.63,PDC_8.5,1800,1808.9,10264.0,0,0,0,0
W012,2026-01-15 16:00:00,1000,994.0,Shale_A,15.56,47.3,132.3,230.9,392.6,872.7,1.395,22.69,10.73,197.3,1.01,PDC_8.5,1800,1773.1,10264.0,0,0,0,0
W012,2026-01-15 16:15:00,1020,1006.9,Shale_A,15.09,46.9,134.3,229.1,382.8,868.3,1.395,23.14,11.08,192.7,0.96,PDC_8.5,1800,1747.2,10264.0,0,0,0,0
W012,2026-01-15 16:30:00,1040,1037.0,Shale_A,13.9,45.41,134.5,225.1,374.6,864.1,1.39,23.15,11.46,193.0,1.43,PDC_8.5,1800,1831.2,10264.0,0,0,0,0
W012,2026-01-15 16:45:00,1060,1044.5,Shale_A,13.65,46.21,132.0,228.5,384.1,865.2,1.39,22.84,11.57,198.6,2.13,PDC_8.5,1800,1840.7,10264.0,0,0,0,0
W012,2026-01-15 17:00:00,1080,1065.1,Shale_A,13.88,45.04,130.2,224.9,388.3,868.4,1.397,22.64,11.9,201.0,1.49,PDC_8.5,1800,1805.3,10264.0,0,0,0,0
W012,2026-01-15 17:15:00,1100,1095.1,Shale_A,14.98,44.28,129.2,219.9,394.4,861.7,1.394,22.55,11.85,198.6,1.76,PDC_8.5,1800,1773.8,10264.0,0,0,0,0
W012,2026-01-15 17:30:00,1120,1112.1,Shale_A,15.7,42.68,131.0,213.8,386.9,875.1,1.4,22.6,12.15,205.3,2.03,PDC_8.5,1800,1834.5,10264.0,0,0,0,0
W012,2026-01-15 17:45:00,1140,1136.3,Shale_A,15.06,41.35,132.6,211.3,379.6,869.5,1.397,23.07,12.31,201.6,2.92,PDC_8.5,1800,1827.5,10264.0,0,0,0,0
W012,2026-01-15 18:00:00,1160,1145.5,Shale_A,16.03,40.97,131.0,207.0,382.8,869.5,1.4,23.26,11.93,197.7,1.83,PDC_8.5,1800,1801.3,10264.0,0,0,0,0
W012,2026-01-15 18:15:00,1180,1165.6,Shale_A,16.16,41.31,129.8,209.2,389.4,884.4,1.407,23.32,11.68,204.9,2.84,PDC_8.5,1800,1814.3,10264.0,0,0,0,0
W012,2026-01-15 18:30:00,1200,1190.5,Shale_A,15.32,42.26,129.2,202.2,396.9,886.1,1.404,23.16,11.51,203.6,1.34,PDC_8.5,1800,1773.6,10264.0,0,0,0,0
W012,2026-01-15 18:45:00,1220,1216.3,Shale_A,15.74,41.44,129.4,207.6,388.3,873.4,1.405,23.3,11.28,207.4,2.12,PDC_8.5,1800,1829.5,10264.0,0,0,0,0
W012,2026-01-15 19:00:00,1240,1234.8,Shale_A,16.34,39.77,129.8,208.4,386.1,883.7,1.395,23.32,11.05,208.2,0.61,PDC_8.5,1800,1764.2,10264.0,0,0,0,0
W012,2026-01-15 19:15:00,1260,1257.0,Shale_A,17.14,38.38,130.6,200.6,393.1,890.4,1.396,23.55,10.73,207.0,1.23,PDC_8.5,1800,1836.5,10264.0,0,0,0,0
W012,2026-01-15 19:30:00,1280,1262.8,Shale_A,17.7,40.11,129.7,207.0,389.6,897.4,1.401,23.07,10.62,202.8,2.99,PDC_8.5,1800,1838.6,10264.0,0,0,0,0
W012,2026-01-15 19:45:00,1300,1295.4,Shale_A,18.4,38.92,129.6,208.7,382.8,905.8,1.397,22.78,10.67,207.6,2.8,PDC_8.5,1800,1804.6,10264.0,0,0,0,0
W012,2026-01-15 20:00:00,1320,1308.7,Shale_A,18.06,38.22,128.2,209.4,388.9,900.1,1.391,22.76,10.33,211.4,1.8,PDC_8.5,1800,1798.2,10264.0,0,0,0,0
W012,2026-01-15 20:15:00,1340,1331.0,Shale_A,19.03,36.58,130.4,207.4,396.5,907.0,1.383,23.09,10.48,205.6,0.83,PDC_8.5,1800,1778.4,10264.0,0,0,0,0
W012,2026-01-15 20:30:00,1360,1340.0,Shale_A,19.62,37.46,131.4,211.7,398.0,899.8,1.391,22.61,10.37,213.5,1.57,PDC_8.5,1800,1817.6,10264.0,0,0,0,0
W012,2026-01-15 20:45:00,1380,1372.2,Shale_A,19.98,39.32,131.7,211.8,394.4,892.5,1.381,22.38,10.33,209.1,0.72,PDC_8.5,1800,1753.1,10264.0,0,0,0,0
W012,2026-01-15 21:00:00,1400,1383.8,Shale_A,21.03,39.79,129.0,215.7,386.6,897.6,1.387,22.61,10.69,215.4,2.23,PDC_8.5,1800,1842.6,10264.0,0,0,0,0
W012,2026-01-15 21:15:00,1420,1405.4,Shale_A,20.26,41.41,127.9,209.8,393.1,882.7,1.394,22.37,11.0,215.8,2.17,PDC_8.5,1800,1845.9,10264.0,0,0,0,0
W012,2026-01-15 21:30:00,1440,1422.1,Shale_A,21.05,40.09,127.1,211.4,392.7,873.7,1.387,21.99,11.29,210.1,2.94,PDC_8.5,1800,1752.4,10264.0,0,0,0,0
W012,2026-01-15 21:45:00,1460,1454.6,Shale_A,21.23,38.41,127.7,217.0,383.7,882.7,1.385,21.65,11.03,219.9,0.78,PDC_8.5,1800,1757.9,10264.0,0,0,0,0
W012,2026-01-15 22:00:00,1480,1468.3,Shale_A,20.12,38.27,129.6,220.6,383.5,893.5,1.377,22.06,11.31,218.7,2.54,PDC_8.5,1800,1804.8,10264.0,0,0,0,0
W012,2026-01-15 22:15:00,1500,1480.9,Shale_A,20.27,37.69,130.0,216.7,382.3,886.9,1.369,21.88,11.59,216.3,2.37,PDC_8.5,1800,1818.9,10264.0,0,0,0,0
W012,2026-01-15 22:30:00,1520,1516.6,Shale_A,19.35,36.24,130.7,218.4,376.6,886.1,1.376,21.55,11.21,219.9,0.63,PDC_8.5,1800,1791.8,10264.0,0,0,0,0
W012,2026-01-15 22:45:00,1540,1529.9,Shale_A,19.28,35.96,131.1,211.8,385.2,889.9,1.37,21.61,10.92,214.5,2.08,PDC_8.5,1800,1811.8,10264.0,0,0,0,0
W012,2026-01-15 23:00:00,1560,1556.0,Shale_A,18.52,36.37,128.4,213.5,386.3,894.6,1.378,21.96,11.3,225.0,2.43,PDC_8.5,1800,1809.0,10264.0,0,0,0,0
W012,2026-01-15 23:15:00,1580,1574.0,Shale_A,19.07,34.67,125.7,218.9,386.1,904.0,1.374,21.86,11.46,225.3,0.72,PDC_8.5,1800,1839.7,10264.0,0,0,0,0
W012,2026-01-15 23:30:00,1600,1593.2,Limestone_B,18.63,34.09,123.0,211.2,385.6,891.9,1.368,22.21,11.52,223.3,0.97,PDC_8.5,2600,2645.7,10264.0,0,0,0,0
W012,2026-01-15 23:45:00,1620,1600.8,Limestone_B,18.69,35.74,125.1,214.9,390.3,880.1,1.363,21.78,11.13,219.5,2.7,PDC_8.5,2600,2657.4,10264.0,0,0,0,0
W012,2026-01-16 00:00:00,1640,1629.2,Limestone_B,18.92,34.69,125.1,210.4,400.0,890.5,1.354,22.23,11.31,219.6,2.18,PDC_8.5,2600,2673.3,10264.0,0,0,0,0
W012,2026-01-16 00:15:00,1660,1653.2,Limestone_B,19.54,33.04,125.0,202.6,409.4,898.0,1.347,22.07,11.04,227.4,0.65,PDC_8.5,2600,2556.1,10264.0,0,0,0,0
W012,2026-01-16 00:30:00,1680,1671.7,Limestone_B,19.96,31.89,124.2,202.2,411.5,903.1,1.348,21.92,11.35,221.4,1.67,PDC_8.5,2600,2669.0,10264.0,0,0,0,0
W012,2026-01-16 00:45:00,1700,1690.9,Limestone_B,20.45,33.17,125.2,194.4,405.1,898.4,1.343,22.38,11.47,224.5,2.82,PDC_8.5,2600,2531.5,10264.0,0,0,0,0
W012,2026-01-16 01:00:00,1720,1711.5,Limestone_B,20.16,31.97,128.0,194.7,413.0,893.8,1.35,21.93,11.86,231.5,1.41,PDC_8.5,2600,2566.4,10264.0,0,0,0,0
W012,2026-01-16 01:15:00,1740,1725.1,Limestone_B,21.12,31.2,127.8,200.5,418.6,890.6,1.357,21.48,12.09,225.4,1.22,PDC_8.5,2600,2639.4,10264.0,0,0,0,0
W012,2026-01-16 01:30:00,1760,1752.8,Limestone_B,21.17,31.38,126.8,195.3,424.0,887.6,1.357,21.62,12.42,231.3,0.61,PDC_8.5,2600,2592.2,10264.0,0,0,0,0
W012,2026-01-16 01:45:00,1780,1766.1,Limestone_B,21.1,33.26,127.1,194.7,420.6,892.3,1.352,21.22,12.04,228.0,1.49,PDC_8.5,2600,2676.3,10264.0,0,0,0,0
W012,2026-01-16 02:00:00,1800,1792.6,Limestone_B,22.26,32.43,126.7,188.4,415.8,878.7,1.353,21.47,11.8,229.7,0.54,PDC_8.5,2600,2567.7,10264.0,0,0,0,0
W012,2026-01-16 02:15:00,1820,1804.4,Limestone_B,21.21,31.89,129.4,186.7,416.3,874.4,1.355,21.95,12.2,234.6,1.51,PDC_8.5,2600,2643.7,10264.0,0,0,0,0
W012,2026-01-16 02:30:00,1840,1836.2,Limestone_B,22.38,32.72,129.1,178.9,416.7,888.9,1.355,21.63,11.82,231.3,2.8,PDC_8.5,2600,2577.7,10264.0,0,0,0,0
W012,2026-01-16 02:45:00,1860,1845.1,Limestone_B,22.93,32.95,129.6,179.5,420.8,886.5,1.358,21.25,11.63,237.1,2.76,PDC_8.5,2600,2669.5,10264.0,0,0,0,0
W012,2026-01-16 03:00:00,1880,1855.4,Limestone_B,23.95,33.76,129.1,181.1,419.4,885.5,1.366,20.91,11.31,229.6,1.29,PDC_8.5,2600,2526.9,10264.0,0,0,0,0
W012,2026-01-16 03:15:00,1900,1891.1,Limestone_B,22.78,32.67,128.1,173.6,421.6,887.6,1.358,21.01,11.71,239.9,0.51,PDC_8.5,2600,2556.3,10264.0,0,0,0,0
W012,2026-01-16 03:30:00,1920,1910.6,Limestone_B,21.73,31.85,127.0,174.0,424.8,895.1,1.353,20.83,11.56,235.0,3.0,PDC_8.5,2600,2577.2,10264.0,0,0,0,0
W012,2026-01-16 03:45:00,1940,1927.7,Limestone_B,22.19,31.48,126.3,173.8,423.1,904.9,1.352,20.63,11.78,240.8,1.55,PDC_8.5,2600,2674.1,10264.0,0,0,0,0
W012,2026-01-16 04:00:00,1960,1947.2,Limestone_B,22.26,29.66,123.5,175.6,419.2,912.2,1.36,20.27,11.96,238.3,0.78,PDC_8.5,2600,2531.2,10264.0,0,0,0,0
W012,2026-01-16 04:15:00,1980,1952.8,Limestone_B,22.3,31.37,123.6,183.4,419.4,900.7,1.359,19.95,12.04,241.0,1.67,PDC_8.5,2600,2617.1,10264.0,0,0,0,0
W012,2026-01-16 04:30:00,2000,1987.0,Limestone_B,21.3,32.1,125.3,190.8,412.4,901.7,1.36,20.37,12.14,236.5,1.59,PDC_8.5,2600,2595.1,10264.0,0,0,0,0
W012,2026-01-16 04:45:00,2020,1992.0,Limestone_B,22.17,30.82,128.0,183.7,422.1,912.4,1.363,20.6,11.8,236.3,0.75,PDC_8.5,2600,2631.2,10264.0,0,0,0,0
W012,2026-01-16 05:00:00,2040,2031.1,Limestone_B,21.49,32.26,127.7,186.8,425.2,907.0,1.358,20.44,12.04,242.7,1.13,PDC_8.5,2600,2607.4,10264.0,0,0,0,0
W012,2026-01-16 05:15:00,2060,2036.9,Limestone_B,21.97,32.02,129.1,193.6,430.2,905.3,1.351,20.75,12.01,238.5,2.3,PDC_8.5,2600,2530.5,10264.0,0,0,0,0
W012,2026-01-16 05:30:00,2080,2069.0,Limestone_B,22.94,31.95,127.8,197.1,437.9,890.3,1.355,21.02,11.78,243.5,0.72,PDC_8.5,2600,2529.6,10264.0,0,0,0,0
W012,2026-01-16 05:45:00,2100,2091.9,Limestone_B,22.0,33.22,129.4,194.7,441.7,875.3,1.364,21.07,11.88,246.1,1.9,PDC_8.5,2600,2654.2,10264.0,0,0,0,0
W012,2026-01-16 06:00:00,2120,2110.4,Limestone_B,22.98,33.55,127.4,201.3,445.3,881.3,1.374,20.65,11.82,242.8,2.08,PDC_8.5,2600,2617.1,10264.0,0,0,0,0
W012,2026-01-16 06:15:00,2140,2114.7,Limestone_B,22.87,34.69,129.9,204.2,440.2,884.5,1.383,21.14,11.93,250.2,1.0,PDC_8.5,2600,2672.7,10264.0,0,0,0,0
W012,2026-01-16 06:30:00,2160,2146.2,Limestone_B,21.99,33.45,129.4,205.6,442.3,878.3,1.391,21.56,11.84,246.5,2.26,PDC_8.5,2600,2670.7,10264.0,0,0,0,0
W012,2026-01-16 06:45:00,2180,2169.8,Limestone_B,21.78,32.84,127.8,204.9,446.0,885.6,1.397,21.43,12.05,243.2,1.69,PDC_8.5,2600,2581.6,10264.0,0,0,0,0
W012,2026-01-16 07:00:00,2200,2189.8,Limestone_B,21.72,33.42,130.2,206.0,452.0,900.0,1.401,21.5,11.68,247.7,1.91,PDC_8.5,2600,2620.3,10264.0,0,0,0,0
W012,2026-01-16 07:15:00,2220,2214.6,Limestone_B,22.82,32.51,131.7,204.7,451.7,909.1,1.397,21.1,11.7,250.2,2.49,PDC_8.5,2600,2590.3,10264.0,0,0,0,0
W012,2026-01-16 07:30:00,2240,2227.2,Limestone_B,23.04,33.24,134.6,211.8,455.9,909.8,1.39,20.98,11.77,253.1,2.09,PDC_8.5,2600,2530.6,10264.0,0,0,0,0
W012,2026-01-16 07:45:00,2260,2232.3,Limestone_B,23.59,31.81,132.6,206.4,463.7,897.1,1.396,20.71,11.74,255.9,1.96,PDC_8.5,2600,2588.9,10264.0,0,0,0,0
W012,2026-01-16 08:00:00,2280,2273.1,Limestone_B,24.6,31.52,133.1,205.8,461.3,888.8,1.4,20.93,11.56,255.5,2.64,PDC_8.5,2600,2566.3,10264.0,0,0,0,0
W012,2026-01-16 08:15:00,2300,2283.9,Limestone_B,24.13,32.96,131.3,197.9,468.7,883.6,1.398,20.88,11.84,251.9,2.73,PDC_8.5,2600,2547.1,10264.0,0,0,0,0
W012,2026-01-16 08:30:00,2320,2311.2,Limestone_B,23.71,31.93,132.0,197.1,476.9,883.3,1.398,20.8,12.07,253.6,1.17,PDC_8.5,2600,2604.3,10264.0,0,0,0,0
W012,2026-01-16 08:45:00,2340,2320.8,Limestone_B,23.93,32.37,133.3,194.1,467.6,892.6,1.391,21.02,11.74,254.1,0.66,PDC_8.5,2600,2615.1,10264.0,0,0,0,0
W012,2026-01-16 09:00:00,2360,2350.3,Limestone_B,23.14,31.86,135.9,193.2,473.7,905.4,1.4,21.42,11.59,260.8,2.53,PDC_8.5,2600,2623.9,10264.0,0,0,0,0
W012,2026-01-16 09:15:00,2380,2355.9,Limestone_B,24.23,32.97,137.5,186.5,468.4,919.3,1.4,21.32,11.86,253.0,1.54,PDC_8.5,2600,2524.4,10264.0,0,0,0,0
W012,2026-01-16 09:30:00,2400,2373.1,Shale_B,23.77,31.81,135.5,188.7,476.8,919.6,1.396,20.98,12.12,262.7,1.37,PDC_8.5,3400,3369.4,10264.0,0,0,0,0
W012,2026-01-16 09:45:00,2420,2405.7,Shale_B,24.43,31.63,136.3,192.2,486.0,909.6,1.406,20.87,12.3,259.6,1.72,PDC_8.5,3400,3420.7,10264.0,0,0,0,0
W012,2026-01-16 10:00:00,2440,2410.5,Shale_B,23.53,31.59,136.4,187.4,494.7,901.4,1.404,20.52,12.33,257.9,1.72,PDC_8.5,3400,3378.7,10264.0,0,0,0,0
W012,2026-01-16 10:15:00,2460,2435.0,Shale_B,24.2,32.15,135.4,180.2,502.0,891.5,1.413,20.5,12.2,263.1,2.69,PDC_8.5,3400,3309.0,10264.0,0,0,0,0
W012,2026-01-16 10:30:00,2480,2463.0,Shale_B,24.04,33.84,136.6,176.2,495.7,883.4,1.408,20.23,12.33,257.8,1.47,PDC_8.5,3400,3381.1,10264.0,0,0,0,0
W012,2026-01-16 10:45:00,2500,2472.7,Shale_B,23.0,32.17,134.4,181.6,498.9,870.3,1.406,20.01,12.39,262.7,1.7,PDC_8.5,3400,3357.3,10264.0,0,0,0,0
W012,2026-01-16 11:00:00,2520,2493.7,Shale_B,23.58,33.69,137.1,174.5,503.7,877.1,1.415,19.76,12.58,258.9,2.08,PDC_8.5,3400,3326.1,10264.0,0,0,0,0
W012,2026-01-16 11:15:00,2540,2532.0,Shale_B,24.45,33.15,137.3,168.4,502.0,872.9,1.409,20.15,12.3,265.7,2.73,PDC_8.5,3400,3454.9,10264.0,0,0,0,0
W012,2026-01-16 11:30:00,2560,2552.9,Shale_B,23.67,34.42,136.0,175.2,506.2,881.5,1.401,20.23,12.56,268.8,0.57,PDC_8.5,3400,3459.8,10264.0,0,0,0,0
W012,2026-01-16 11:45:00,2580,2541.8,Shale_B,23.94,35.19,133.6,168.0,511.9,878.0,1.393,20.49,12.84,267.0,0.9,PDC_8.5,3400,3306.8,10264.0,0,0,0,0
W012,2026-01-16 12:00:00,2600,2571.1,Shale_B,24.06,35.79,135.5,166.9,504.4,891.2,1.394,20.61,13.19,271.3,1.93,PDC_8.5,3400,3441.0,10264.0,0,0,0,0
W012,2026-01-16 12:15:00,2620,2593.9,Shale_B,24.49,35.42,135.9,165.6,512.2,890.7,1.4,20.95,13.45,270.1,2.64,PDC_8.5,3400,3501.4,10264.0,0,0,0,0
W012,2026-01-16 12:30:00,2640,2617.2,Shale_B,25.31,35.41,133.7,159.4,505.4,898.2,1.404,20.65,13.73,266.6,2.48,PDC_8.5,3400,3321.4,10264.0,0,0,0,0
W012,2026-01-16 12:45:00,2660,2628.2,Shale_B,25.03,34.8,135.7,152.0,514.9,902.6,1.403,20.78,13.43,269.8,2.96,PDC_8.5,3400,3447.2,10264.0,0,0,0,0
W012,2026-01-16 13:00:00,2680,2640.4,Shale_B,24.87,35.41,133.9,151.5,524.5,893.5,1.406,20.86,13.48,271.8,1.76,PDC_8.5,3400,3445.3,10264.0,0,0,0,0
W012,2026-01-16 13:15:00,2700,2673.3,Shale_B,25.65,34.11,133.4,155.8,534.1,907.0,1.414,20.52,13.81,275.3,1.44,PDC_8.5,3400,3481.6,10264.0,0,0,0,0
W012,2026-01-16 13:30:00,2720,2705.4,Shale_B,26.02,33.15,130.5,150.1,532.9,900.5,1.419,20.13,14.14,276.4,2.77,PDC_8.5,3400,3391.8,10264.0,0,0,0,0
W012,2026-01-16 13:45:00,2740,2702.3,Shale_B,25.87,31.68,133.4,150.0,534.6,908.9,1.427,20.39,14.28,273.0,2.01,PDC_8.5,3400,3319.8,10264.0,0,0,0,0
W012,2026-01-16 14:00:00,2760,2735.0,Shale_B,25.98,29.84,135.9,150.0,542.0,919.6,1.433,19.95,14.08,278.0,2.75,PDC_8.5,3400,3478.3,10264.0,0,0,0,0
W012,2026-01-16 14:15:00,2780,2744.2,Shale_B,25.2,31.71,134.2,150.0,545.2,911.9,1.442,19.46,13.68,275.1,1.72,PDC_8.5,3400,3387.8,10264.0,0,0,0,0
W012,2026-01-16 14:30:00,2800,2781.7,Shale_B,24.99,33.27,131.3,157.6,547.7,901.5,1.433,19.5,13.47,274.0,1.11,PDC_8.5,3400,3398.9,10264.0,0,0,0,0
W012,2026-01-16 14:45:00,2820,2796.6,Shale_B,23.98,33.38,133.0,150.9,550.0,903.8,1.442,19.15,13.86,278.3,1.92,PDC_8.5,3400,3410.9,10264.0,0,0,0,0
W012,2026-01-16 15:00:00,2840,2798.1,Shale_B,25.04,33.96,130.5,150.0,541.0,907.1,1.444,19.15,13.71,278.1,1.79,PDC_8.5,3400,3302.8,10264.0,0,0,0,0
W012,2026-01-16 15:15:00,2860,2825.8,Shale_B,23.97,35.56,131.9,157.9,537.0,918.5,1.446,19.1,13.49,281.1,2.76,PDC_8.5,3400,3355.6,10264.0,0,0,0,0
W012,2026-01-16 15:30:00,2880,2861.3,Shale_B,24.44,37.47,133.4,154.5,535.4,915.0,1.453,19.37,13.56,277.3,2.84,PDC_8.5,3400,3333.8,10264.0,0,0,0,0
W012,2026-01-16 15:45:00,2900,2885.2,Shale_B,24.63,38.75,135.3,151.9,544.7,900.7,1.458,19.84,13.43,282.0,1.91,PDC_8.5,3400,3496.0,10264.0,0,0,0,0
W012,2026-01-16 16:00:00,2920,2901.6,Shale_B,24.88,40.01,134.2,150.0,543.3,906.0,1.452,20.02,13.35,284.4,0.59,PDC_8.5,3400,3474.7,10264.0,0,0,0,0
W012,2026-01-16 16:15:00,2940,2933.2,Shale_B,25.94,40.86,136.0,156.5,546.8,899.7,1.459,20.27,13.29,284.4,2.67,PDC_8.5,3400,3430.6,10264.0,0,0,0,0
W012,2026-01-16 16:30:00,2960,2932.9,Shale_B,25.52,40.55,133.7,152.5,550.0,895.5,1.461,20.44,13.52,280.0,1.26,PDC_8.5,3400,3492.3,10264.0,0,0,0,0
W012,2026-01-16 16:45:00,2980,2950.9,Shale_B,26.68,41.89,133.6,158.6,547.0,904.1,1.455,20.71,13.49,280.2,1.18,PDC_8.5,3400,3372.4,10264.0,0,0,0,0
W012,2026-01-16 17:00:00,3000,2968.0,Sandstone_C,25.66,42.53,134.9,161.1,550.0,894.4,1.457,21.15,13.58,286.1,2.34,PDC_8.5,4300,4364.3,10264.0,0,0,0,0
W012,2026-01-16 17:15:00,3020,2990.0,Sandstone_C,26.66,40.57,137.1,156.6,549.1,905.0,1.463,21.54,13.93,285.4,2.14,PDC_8.5,4300,4351.7,10264.0,0,0,0,0
W012,2026-01-16 17:30:00,3040,3029.4,Sandstone_C,26.5,41.54,137.1,161.6,550.0,890.6,1.466,21.48,13.9,290.0,1.87,PDC_8.5,4300,4261.5,10264.0,0,0,0,0
W012,2026-01-16 17:45:00,3060,3026.9,Sandstone_C,26.63,42.56,134.3,154.0,541.7,888.7,1.461,21.96,13.93,289.3,1.2,PDC_8.5,4300,4354.9,10264.0,0,0,0,0
W012,2026-01-16 18:00:00,3080,3043.1,Sandstone_C,27.11,42.45,134.4,155.5,547.1,876.4,1.467,22.02,14.07,286.9,1.52,PDC_8.5,4300,4257.5,10264.0,0,0,0,0
W012,2026-01-16 18:15:00,3100,3093.7,Sandstone_C,27.1,44.43,134.3,151.0,547.2,862.6,1.475,22.34,14.25,290.6,1.95,PDC_8.5,4300,4423.7,10264.0,0,0,0,0
W012,2026-01-16 18:30:00,3120,3093.7,Sandstone_C,27.77,44.76,137.2,156.2,550.0,865.2,1.469,22.34,14.42,293.1,0.5,PDC_8.5,4300,4242.7,10264.0,0,0,0,0
W012,2026-01-16 18:45:00,3140,3106.3,Sandstone_C,28.67,43.37,138.2,152.5,547.1,878.4,1.464,21.94,14.08,291.3,2.1,PDC_8.5,4300,4231.7,10264.0,0,0,0,0
W012,2026-01-16 19:00:00,3160,3131.3,Sandstone_C,27.62,44.8,140.1,160.3,550.0,874.1,1.462,22.19,13.79,290.3,0.8,PDC_8.5,4300,4349.1,10264.0,0,0,0,0
W012,2026-01-16 19:15:00,3180,3167.6,Sandstone_C,26.93,42.91,141.4,152.6,550.0,865.7,1.465,22.12,13.44,292.8,1.79,PDC_8.5,4300,4313.4,10264.0,0,0,0,0
W012,2026-01-16 19:30:00,3200,3183.4,Sandstone_C,25.92,41.75,140.3,150.0,549.1,880.2,1.465,22.36,13.59,297.5,1.04,PDC_8.5,4300,4359.9,10264.0,0,0,0,0
W012,2026-01-16 19:45:00,3220,3204.3,Sandstone_C,25.13,41.14,143.1,154.5,544.8,882.1,1.463,22.35,13.47,292.7,2.19,PDC_8.5,4300,4398.4,10264.0,0,0,0,0
W012,2026-01-16 20:00:00,3240,3224.6,Sandstone_C,24.3,42.43,141.6,153.3,550.0,880.7,1.457,22.01,13.45,298.4,2.99,PDC_8.5,4300,4396.5,10264.0,0,0,0,0
W013,2026-01-15 06:00:00,200,198.0,Alluvium_Top,15.59,46.58,117.5,286.9,337.9,862.6,1.412,24.22,8.19,164.0,2.42,TriCone_8.5,200,204.5,5978.0,0,0,0,0
W013,2026-01-15 06:15:00,220,217.0,Alluvium_Top,15.27,45.36,116.0,282.5,338.9,874.8,1.42,23.77,7.85,157.4,1.14,TriCone_8.5,200,200.7,5978.0,0,0,0,0
W013,2026-01-15 06:30:00,240,236.9,Alluvium_Top,15.48,45.67,116.3,279.9,343.0,884.6,1.417,23.36,7.69,157.2,1.67,TriCone_8.5,200,198.7,5978.0,0,0,0,0
W013,2026-01-15 06:45:00,260,257.7,Alluvium_Top,14.81,46.62,113.5,280.8,336.4,869.6,1.424,23.53,7.37,163.3,2.03,TriCone_8.5,200,199.6,5978.0,0,0,0,0
W013,2026-01-15 07:00:00,280,279.4,Alluvium_Top,15.74,45.6,112.9,278.1,341.8,882.1,1.431,23.83,7.76,164.6,2.38,TriCone_8.5,200,199.0,5978.0,0,0,0,0
W013,2026-01-15 07:15:00,300,297.3,Alluvium_Top,16.06,46.56,115.4,284.2,348.6,895.5,1.432,23.34,7.37,163.9,1.59,TriCone_8.5,200,194.1,5978.0,0,0,0,0
W013,2026-01-15 07:30:00,320,315.7,Alluvium_Top,17.06,46.0,117.5,290.6,348.6,893.9,1.437,23.55,7.23,160.4,1.16,TriCone_8.5,200,198.8,5978.0,0,0,0,0
W013,2026-01-15 07:45:00,340,336.9,Alluvium_Top,16.49,46.55,120.2,293.6,357.1,902.4,1.442,23.46,7.09,168.8,2.76,TriCone_8.5,200,197.5,5978.0,0,0,0,0
W013,2026-01-15 08:00:00,360,358.3,Alluvium_Top,17.19,45.69,117.3,298.5,357.4,908.0,1.45,23.5,7.09,164.1,1.26,TriCone_8.5,200,194.1,5978.0,0,0,0,0
W013,2026-01-15 08:15:00,380,377.2,Alluvium_Top,16.38,44.07,117.1,297.9,360.5,907.1,1.443,23.51,7.42,163.7,2.22,TriCone_8.5,200,199.4,5978.0,0,0,0,0
W013,2026-01-15 08:30:00,400,397.8,Shale_A,15.54,45.84,117.8,303.5,355.4,914.3,1.449,23.41,7.33,169.6,0.73,TriCone_8.5,1800,1826.8,5978.0,0,0,0,0
W013,2026-01-15 08:45:00,420,416.0,Shale_A,14.8,46.5,115.4,311.0,362.8,918.1,1.455,23.8,7.14,172.4,0.99,TriCone_8.5,1800,1750.6,5978.0,0,0,0,0
W013,2026-01-15 09:00:00,440,434.4,Shale_A,15.31,44.62,114.1,312.7,359.9,926.4,1.458,23.53,6.86,171.1,1.63,TriCone_8.5,1800,1806.3,5978.0,0,0,0,0
W013,2026-01-15 09:15:00,460,457.5,Shale_A,14.84,43.05,114.4,316.9,361.4,936.2,1.451,23.47,6.95,172.5,2.24,TriCone_8.5,1800,1781.2,5978.0,0,0,0,0
W013,2026-01-15 09:30:00,480,473.3,Shale_A,13.87,43.83,115.7,324.8,365.3,941.8,1.451,23.84,7.35,174.4,2.03,TriCone_8.5,1800,1816.4,5978.0,0,0,0,0
W013,2026-01-15 09:45:00,500,493.2,Shale_A,14.37,44.93,113.4,327.3,361.2,949.6,1.446,24.02,7.19,167.6,2.08,TriCone_8.5,1800,1824.5,5978.0,0,0,0,0
W013,2026-01-15 10:00:00,520,515.0,Shale_A,15.39,46.81,111.8,332.2,358.3,961.6,1.452,23.59,7.12,171.8,2.46,TriCone_8.5,1800,1817.2,5978.0,0,0,0,0
W013,2026-01-15 10:15:00,540,533.1,Shale_A,15.64,48.71,114.4,331.0,362.8,971.5,1.46,23.16,6.96,172.5,1.59,TriCone_8.5,1800,1819.9,5978.0,0,0,0,0
W013,2026-01-15 10:30:00,560,554.6,Shale_A,16.03,48.7,115.4,324.1,370.3,984.7,1.462,23.54,6.67,178.2,0.8,TriCone_8.5,1800,1799.6,5978.0,0,0,0,0
W013,2026-01-15 10:45:00,580,576.2,Shale_A,16.24,47.91,116.2,322.0,377.5,988.7,1.456,23.38,6.95,175.0,1.84,TriCone_8.5,1800,1781.0,5978.0,0,0,0,0
W013,2026-01-15 11:00:00,600,591.8,Shale_A,15.75,47.81,114.5,318.5,368.7,982.8,1.452,23.84,7.02,179.9,0.61,TriCone_8.5,1800,1783.6,5978.0,0,0,0,0
W013,2026-01-15 11:15:00,620,616.4,Shale_A,16.05,46.57,113.9,319.1,375.6,969.6,1.454,24.06,7.4,181.0,1.19,TriCone_8.5,1800,1834.0,5978.0,0,0,0,0
W013,2026-01-15 11:30:00,640,636.0,Shale_A,16.6,47.85,116.3,312.7,367.7,978.5,1.449,23.62,7.32,182.0,0.82,TriCone_8.5,1800,1828.4,5978.0,0,0,0,0
W013,2026-01-15 11:45:00,660,656.4,Shale_A,15.66,47.25,113.8,318.2,375.0,986.2,1.444,23.64,7.07,177.5,1.79,TriCone_8.5,1800,1746.4,5978.0,0,0,0,0
W013,2026-01-15 12:00:00,680,673.6,Shale_A,15.17,48.96,113.4,325.2,384.8,987.0,1.44,23.93,6.8,178.1,2.46,TriCone_8.5,1800,1756.2,5978.0,0,0,0,0
W013,2026-01-15 12:15:00,700,691.5,Shale_A,15.53,49.89,111.2,321.6,379.2,983.4,1.445,24.14,6.93,176.6,0.86,TriCone_8.5,1800,1767.8,5978.0,0,0,0,0
W013,2026-01-15 12:30:00,720,717.1,Shale_A,14.68,49.53,108.7,325.6,385.0,985.6,1.437,24.53,7.3,179.4,2.26,TriCone_8.5,1800,1775.4,5978.0,0,0,0,0
W013,2026-01-15 12:45:00,740,737.6,Shale_A,14.26,49.44,108.8,324.0,393.6,992.9,1.432,24.62,7.45,179.7,1.4,TriCone_8.5,1800,1804.3,5978.0,0,0,0,0
W013,2026-01-15 13:00:00,760,750.0,Shale_A,13.58,47.93,108.9,324.8,390.3,996.8,1.423,24.27,7.49,179.8,2.7,TriCone_8.5,1800,1807.3,5978.0,0,0,0,0
W013,2026-01-15 13:15:00,780,777.9,Shale_A,13.32,47.53,110.5,324.8,394.8,997.0,1.425,24.53,7.58,186.3,2.47,TriCone_8.5,1800,1818.8,5978.0,0,0,0,0
W013,2026-01-15 13:30:00,800,788.3,Shale_A,13.51,45.88,109.7,323.4,401.5,997.4,1.43,24.05,7.55,190.0,1.06,TriCone_8.5,1800,1786.7,5978.0,0,0,0,0
W013,2026-01-15 13:45:00,820,815.4,Shale_A,14.0,45.7,109.5,326.1,396.6,1005.0,1.423,23.95,7.67,190.2,2.48,TriCone_8.5,1800,1792.8,5978.0,0,0,0,0
W013,2026-01-15 14:00:00,840,831.3,Shale_A,13.09,44.57,111.7,331.8,405.6,992.3,1.424,24.1,7.84,189.2,2.43,TriCone_8.5,1800,1784.8,5978.0,0,0,0,0
W013,2026-01-15 14:15:00,860,858.0,Shale_A,12.38,42.62,110.8,325.3,402.0,996.1,1.432,24.44,7.64,185.0,0.98,TriCone_8.5,1800,1765.4,5978.0,0,0,0,0
W013,2026-01-15 14:30:00,880,871.4,Shale_A,11.62,43.98,110.2,331.7,397.2,992.9,1.432,24.83,7.94,190.3,1.05,TriCone_8.5,1800,1805.3,5978.0,0,0,0,0
W013,2026-01-15 14:45:00,900,897.5,Shale_A,11.88,45.1,109.9,332.2,395.8,999.0,1.439,24.84,7.92,188.9,0.94,TriCone_8.5,1800,1851.4,5978.0,0,0,0,0
W013,2026-01-15 15:00:00,920,915.5,Shale_A,12.6,45.96,111.6,339.2,398.3,1010.9,1.432,24.97,8.14,189.1,2.35,TriCone_8.5,1800,1780.1,5978.0,0,0,0,0
W013,2026-01-15 15:15:00,940,936.3,Shale_A,12.15,46.69,110.4,343.0,397.6,1013.8,1.43,24.63,7.88,188.1,2.05,TriCone_8.5,1800,1835.8,5978.0,0,0,0,0
W013,2026-01-15 15:30:00,960,946.6,Shale_A,11.11,46.52,111.8,337.5,393.0,1005.8,1.428,24.35,7.76,195.5,2.03,TriCone_8.5,1800,1748.3,5978.0,0,0,0,0
W013,2026-01-15 15:45:00,980,972.8,Shale_A,11.05,48.26,110.5,341.1,397.6,997.4,1.436,24.34,7.9,190.6,1.14,TriCone_8.5,1800,1814.9,5978.0,0,0,0,0
W013,2026-01-15 16:00:00,1000,997.2,Shale_A,11.05,47.76,111.3,340.9,387.7,1001.9,1.434,24.18,7.58,192.2,1.06,TriCone_8.5,1800,1780.5,5978.0,0,0,0,0
W013,2026-01-15 16:15:00,1020,1010.4,Shale_A,9.95,46.32,108.8,342.3,381.4,1001.9,1.431,24.48,7.44,195.5,2.3,TriCone_8.5,1800,1792.7,5978.0,0,0,0,0
W013,2026-01-15 16:30:00,1040,1025.7,Shale_A,10.34,45.96,108.8,349.8,384.6,1014.0,1.425,24.46,7.77,195.0,2.92,TriCone_8.5,1800,1831.7,5978.0,0,0,0,0
W013,2026-01-15 16:45:00,1060,1054.4,Shale_A,10.21,44.25,111.1,345.8,375.0,1003.1,1.428,24.94,7.46,197.3,0.95,TriCone_8.5,1800,1843.5,5978.0,0,0,0,0
W013,2026-01-15 17:00:00,1080,1074.3,Shale_A,9.59,43.04,111.4,351.8,375.2,989.8,1.429,25.24,7.17,194.3,0.97,TriCone_8.5,1800,1758.8,5978.0,0,0,0,0
W013,2026-01-15 17:15:00,1100,1095.8,Shale_A,9.69,42.04,110.4,359.3,370.0,1001.8,1.431,24.86,7.14,204.0,1.55,TriCone_8.5,1800,1809.9,5978.0,0,0,0,0
W013,2026-01-15 17:30:00,1120,1117.3,Shale_A,9.86,43.42,112.9,359.1,372.8,986.9,1.426,24.64,6.81,198.2,1.3,TriCone_8.5,1800,1773.7,5978.0,0,0,0,0
W013,2026-01-15 17:45:00,1140,1133.0,Shale_A,9.68,45.37,110.8,358.7,375.7,973.6,1.43,24.24,6.52,197.9,2.82,TriCone_8.5,1800,1818.2,5978.0,0,0,0,0
W013,2026-01-15 18:00:00,1160,1148.9,Shale_A,9.81,44.54,111.5,357.3,368.6,979.3,1.423,23.93,6.77,203.8,2.08,TriCone_8.5,1800,1816.8,5978.0,0,0,0,0
W013,2026-01-15 18:15:00,1180,1176.1,Shale_A,10.27,45.5,111.6,364.8,377.7,976.7,1.429,23.97,6.78,198.6,1.93,TriCone_8.5,1800,1788.8,5978.0,0,0,0,0
W013,2026-01-15 18:30:00,1200,1195.9,Shale_A,10.96,44.14,110.8,360.5,374.0,979.1,1.426,24.03,6.73,201.9,0.74,TriCone_8.5,1800,1830.3,5978.0,0,0,0,0
W013,2026-01-15 18:45:00,1220,1202.0,Shale_A,9.76,45.45,113.8,364.1,364.3,970.9,1.435,24.34,6.78,202.3,0.54,TriCone_8.5,1800,1747.2,5978.0,0,0,0,0
W013,2026-01-15 19:00:00,1240,1230.2,Shale_A,8.61,47.42,111.9,367.5,357.4,972.1,1.427,24.61,6.85,201.7,2.62,TriCone_8.5,1800,1812.1,5978.0,0,0,0,0
W013,2026-01-15 19:15:00,1260,1253.9,Shale_A,9.61,49.1,109.4,361.4,367.2,971.7,1.422,24.88,6.66,209.0,2.59,TriCone_8.5,1800,1845.5,5978.0,0,0,0,0
W013,2026-01-15 19:30:00,1280,1274.1,Shale_A,9.37,48.75,109.3,356.1,366.2,972.0,1.423,25.2,6.67,204.9,2.16,TriCone_8.5,1800,1775.6,5978.0,0,0,0,0
W013,2026-01-15 19:45:00,1300,1287.5,Shale_A,9.72,47.34,108.4,362.6,374.4,974.3,1.427,25.55,7.04,208.4,1.9,TriCone_8.5,1800,1780.5,5978.0,0,0,0,0
W013,2026-01-15 20:00:00,1320,1301.3,Shale_A,9.53,48.5,110.2,368.9,365.4,975.1,1.419,25.25,7.36,209.4,2.4,TriCone_8.5,1800,1753.8,5978.0,0,0,0,0
W013,2026-01-15 20:15:00,1340,1328.9,Shale_A,9.95,47.03,109.2,361.9,368.4,989.2,1.426,25.72,7.64,213.9,1.94,TriCone_8.5,1800,1791.0,5978.0,0,0,0,0
W013,2026-01-15 20:30:00,1360,1353.2,Shale_A,10.71,45.76,106.5,369.1,358.5,1003.5,1.431,25.55,7.8,214.4,1.11,TriCone_8.5,1800,1789.9,5978.0,0,0,0,0
W013,2026-01-15 20:45:00,1380,1375.0,Shale_A,10.11,43.93,104.7,364.3,349.8,1010.3,1.429,25.93,7.6,211.6,2.1,TriCone_8.5,1800,1832.9,5978.0,0,0,0,0
W013,2026-01-15 21:00:00,1400,1384.1,Shale_A,9.81,45.4,103.6,357.6,348.7,1018.9,1.42,26.02,7.68,217.3,1.22,TriCone_8.5,1800,1802.7,5978.0,0,0,0,0
W013,2026-01-15 21:15:00,1420,1413.8,Shale_A,9.47,46.35,104.5,361.7,355.1,1031.6,1.419,26.5,7.45,216.0,1.84,TriCone_8.5,1800,1793.6,5978.0,0,0,0,0
W013,2026-01-15 21:30:00,1440,1425.3,Shale_A,10.15,48.07,105.9,366.1,346.4,1022.7,1.428,26.69,7.5,213.5,0.61,TriCone_8.5,1800,1797.5,5978.0,0,0,0,0
W013,2026-01-15 21:45:00,1460,1439.9,Shale_A,9.46,46.76,106.0,367.5,341.2,1025.3,1.436,26.66,7.79,220.0,0.73,TriCone_8.5,1800,1799.9,5978.0,0,0,0,0
W013,2026-01-15 22:00:00,1480,1477.0,Shale_A,9.67,46.46,105.0,369.8,331.2,1039.3,1.431,27.08,7.48,214.0,1.09,TriCone_8.5,1800,1797.4,5978.0,0,0,0,0
W013,2026-01-15 22:15:00,1500,1494.0,Shale_A,10.01,47.94,106.0,367.6,340.4,1050.0,1.43,27.15,7.85,222.3,1.62,TriCone_8.5,1800,1746.5,5978.0,0,0,0,0
W013,2026-01-15 22:30:00,1520,1515.3,Shale_A,9.7,46.6,104.3,370.1,340.6,1041.9,1.428,27.02,8.24,221.9,1.47,TriCone_8.5,1800,1778.6,5978.0,0,0,0,0
W013,2026-01-15 22:45:00,1540,1522.0,Shale_A,10.1,48.47,103.6,373.0,336.5,1034.9,1.429,27.5,8.2,223.7,2.79,TriCone_8.5,1800,1783.0,5978.0,0,0,0,0
W013,2026-01-15 23:00:00,1560,1543.4,Shale_A,10.44,48.54,101.2,380.9,341.6,1033.0,1.431,27.09,8.2,224.5,2.74,TriCone_8.5,1800,1789.4,5978.0,0,0,0,0
W013,2026-01-15 23:15:00,1580,1562.0,Shale_A,10.91,47.9,98.6,381.0,343.6,1018.2,1.423,26.8,8.08,221.5,1.23,TriCone_8.5,1800,1803.4,5978.0,0,0,0,0
W013,2026-01-15 23:30:00,1600,1595.0,Limestone_B,10.06,47.88,101.3,383.0,347.9,1016.1,1.413,26.95,8.19,218.1,1.66,TriCone_8.5,2600,2657.6,5978.0,0,0,0,0
W013,2026-01-15 23:45:00,1620,1605.3,Limestone_B,9.97,47.72,103.2,388.2,353.1,1012.1,1.404,26.8,8.33,224.9,2.91,TriCone_8.5,2600,2554.0,5978.0,0,0,0,0
W013,2026-01-16 00:00:00,1640,1625.1,Limestone_B,10.06,46.32,103.0,388.9,362.1,1008.1,1.414,26.84,8.12,220.7,0.85,TriCone_8.5,2600,2620.7,5978.0,0,0,0,0
W013,2026-01-16 00:15:00,1660,1646.2,Limestone_B,9.93,48.27,104.0,393.1,354.5,1007.3,1.41,27.23,7.87,224.3,1.97,TriCone_8.5,2600,2525.4,5978.0,0,0,0,0
W013,2026-01-16 00:30:00,1680,1659.9,Limestone_B,9.29,47.78,105.8,393.5,352.5,993.2,1.415,27.7,7.97,229.2,1.79,TriCone_8.5,2600,2651.5,5978.0,0,0,0,0
W013,2026-01-16 00:45:00,1700,1696.1,Limestone_B,9.66,47.75,107.5,396.6,362.3,993.5,1.414,27.49,7.95,230.2,0.61,TriCone_8.5,2600,2524.3,5978.0,0,0,0,0
W013,2026-01-16 01:00:00,1720,1716.0,Limestone_B,9.89,47.08,105.8,393.0,353.3,992.8,1.405,27.71,7.85,224.4,1.86,TriCone_8.5,2600,2677.0,5978.0,0,0,0,0
W013,2026-01-16 01:15:00,1740,1717.2,Limestone_B,9.87,48.19,107.2,399.3,347.4,1003.6,1.401,28.15,7.67,232.6,2.91,TriCone_8.5,2600,2630.4,5978.0,0,0,0,0
W013,2026-01-16 01:30:00,1760,1735.8,Limestone_B,8.88,47.06,106.9,407.2,347.2,1005.1,1.405,28.62,7.9,226.4,1.26,TriCone_8.5,2600,2674.0,5978.0,0,0,0,0
W013,2026-01-16 01:45:00,1780,1762.1,Limestone_B,8.11,46.09,109.2,404.4,348.5,1002.0,1.396,28.48,7.83,234.1,1.31,TriCone_8.5,2600,2622.5,5978.0,0,0,0,0
W013,2026-01-16 02:00:00,1800,1777.3,Limestone_B,8.73,47.28,111.9,409.1,346.7,1011.6,1.396,28.26,7.67,228.2,0.86,TriCone_8.5,2600,2644.1,5978.0,0,0,0,0
W013,2026-01-16 02:15:00,1820,1800.0,Limestone_B,9.66,49.0,112.4,414.5,340.4,1023.7,1.396,27.83,7.38,230.0,0.61,TriCone_8.5,2600,2531.9,5978.0,0,0,0,0
W013,2026-01-16 02:30:00,1840,1820.3,Limestone_B,9.03,48.06,115.4,410.3,335.2,1029.3,1.403,27.72,7.68,231.2,0.99,TriCone_8.5,2600,2531.3,5978.0,0,0,0,0
W013,2026-01-16 02:45:00,1860,1837.8,Limestone_B,8.71,48.75,113.8,413.5,332.1,1028.0,1.404,27.91,7.47,237.1,2.3,TriCone_8.5,2600,2617.1,5978.0,0,0,0,0
W013,2026-01-16 03:00:00,1880,1862.7,Limestone_B,9.11,48.56,111.7,414.0,325.4,1025.9,1.402,28.13,7.22,237.8,1.32,TriCone_8.5,2600,2674.1,5978.0,0,0,0,0
W013,2026-01-16 03:15:00,1900,1881.1,Limestone_B,9.41,47.79,111.0,410.9,327.3,1020.9,1.407,28.21,6.94,233.6,1.05,TriCone_8.5,2600,2642.5,5978.0,0,0,0,0
W013,2026-01-16 03:30:00,1920,1910.3,Limestone_B,9.43,48.81,109.1,418.0,324.2,1014.9,1.411,28.52,6.84,238.9,2.71,TriCone_8.5,2600,2602.5,5978.0,0,0,0,0
W013,2026-01-16 03:45:00,1940,1918.7,Limestone_B,10.22,49.91,110.1,422.2,333.8,1012.8,1.402,28.48,6.48,235.2,1.97,TriCone_8.5,2600,2527.3,5978.0,0,0,0,0
W013,2026-01-16 04:00:00,1960,1939.0,Limestone_B,10.99,49.59,112.5,415.5,340.6,1022.7,1.398,28.28,6.32,241.3,2.58,TriCone_8.5,2600,2628.9,5978.0,0,0,0,0
W013,2026-01-16 04:15:00,1980,1966.9,Limestone_B,10.12,49.47,115.5,410.0,349.6,1032.4,1.407,27.96,6.09,234.3,2.31,TriCone_8.5,2600,2614.4,5978.0,0,0,0,0
W013,2026-01-16 04:30:00,2000,1984.8,Limestone_B,10.82,48.67,113.3,408.8,341.4,1025.3,1.404,28.31,6.32,239.4,2.31,TriCone_8.5,2600,2549.8,5978.0,0,0,0,0
W013,2026-01-16 04:45:00,2020,2005.5,Limestone_B,11.36,49.4,114.0,410.7,345.1,1021.8,1.411,27.97,6.63,239.3,0.81,TriCone_8.5,2600,2575.2,5978.0,0,0,0,0
W013,2026-01-16 05:00:00,2040,2034.1,Limestone_B,12.12,49.12,115.0,407.6,339.3,1018.4,1.413,28.13,6.69,246.7,2.23,TriCone_8.5,2600,2580.7,5978.0,0,0,0,0
W013,2026-01-16 05:15:00,2060,2036.0,Limestone_B,11.07,48.36,112.8,408.0,339.7,1020.7,1.418,28.6,6.99,238.9,1.35,TriCone_8.5,2600,2540.4,5978.0,0,0,0,0
W013,2026-01-16 05:30:00,2080,2055.4,Limestone_B,11.18,48.57,111.2,411.4,344.4,1006.3,1.416,28.99,7.01,242.1,1.13,TriCone_8.5,2600,2549.6,5978.0,0,0,0,0
W013,2026-01-16 05:45:00,2100,2090.3,Limestone_B,11.94,46.92,110.0,404.1,350.0,992.5,1.412,29.06,6.94,242.3,1.19,TriCone_8.5,2600,2537.6,5978.0,0,0,0,0
W013,2026-01-16 06:00:00,2120,2096.7,Limestone_B,11.58,45.08,107.2,408.2,351.0,1001.0,1.416,29.47,7.25,248.3,1.69,TriCone_8.5,2600,2673.9,5978.0,0,0,0,0
W013,2026-01-16 06:15:00,2140,2114.2,Limestone_B,11.58,45.52,105.3,410.7,350.1,1004.6,1.411,29.4,7.02,250.1,1.72,TriCone_8.5,2600,2601.1,5978.0,0,0,0,0
W013,2026-01-16 06:30:00,2160,2151.3,Limestone_B,12.0,44.38,108.2,411.2,345.9,1009.3,1.407,29.72,6.87,252.1,2.01,TriCone_8.5,2600,2528.4,5978.0,0,0,0,0
W013,2026-01-16 06:45:00,2180,2152.8,Limestone_B,11.64,45.33,109.1,406.3,343.0,1002.2,1.409,29.56,6.72,245.2,1.52,TriCone_8.5,2600,2533.4,5978.0,0,0,0,0
W013,2026-01-16 07:00:00,2200,2179.3,Limestone_B,10.81,46.98,108.7,404.3,337.6,1006.3,1.413,29.53,6.36,253.2,2.95,TriCone_8.5,2600,2672.2,5978.0,0,0,0,0
W013,2026-01-16 07:15:00,2220,2194.1,Limestone_B,10.69,46.27,106.2,403.6,344.0,991.8,1.415,29.91,6.13,246.7,2.43,TriCone_8.5,2600,2617.7,5978.0,0,0,0,0
W013,2026-01-16 07:30:00,2240,2211.6,Limestone_B,10.4,45.84,108.4,405.5,342.1,992.8,1.424,29.52,6.0,255.4,2.89,TriCone_8.5,2600,2551.9,5978.0,0,0,0,0
W013,2026-01-16 07:45:00,2260,2237.1,Limestone_B,10.21,44.04,109.3,398.7,333.3,992.4,1.433,29.45,6.0,256.7,1.83,TriCone_8.5,2600,2544.6,5978.0,0,0,0,0
W013,2026-01-16 08:00:00,2280,2247.7,Limestone_B,9.48,44.09,108.9,395.0,326.5,986.7,1.433,29.01,6.0,257.1,1.86,TriCone_8.5,2600,2582.2,5978.0,0,0,0,0
W013,2026-01-16 08:15:00,2300,2294.4,Limestone_B,8.43,45.05,110.4,397.4,331.1,974.3,1.438,28.65,6.0,257.9,1.76,TriCone_8.5,2600,2630.1,5978.0,0,0,0,0
W013,2026-01-16 08:30:00,2320,2297.1,Limestone_B,8.38,43.3,111.2,390.7,324.6,967.1,1.443,28.31,6.28,250.7,0.59,TriCone_8.5,2600,2535.9,5978.0,0,0,0,0
W013,2026-01-16 08:45:00,2340,2320.6,Limestone_B,7.44,41.71,112.7,387.7,328.9,958.1,1.442,28.08,6.24,258.0,2.41,TriCone_8.5,2600,2674.8,5978.0,0,0,0,0
W013,2026-01-16 09:00:00,2360,2344.1,Limestone_B,6.87,40.67,113.4,389.6,319.8,961.3,1.439,28.33,6.49,256.7,0.5,TriCone_8.5,2600,2666.8,5978.0,0,0,0,0
W013,2026-01-16 09:15:00,2380,2363.6,Limestone_B,6.27,40.53,116.2,386.4,314.3,952.6,1.44,28.78,6.58,255.1,2.1,TriCone_8.5,2600,2638.8,5978.0,0,0,0,0
W013,2026-01-16 09:30:00,2400,2372.5,Shale_B,5.45,41.07,115.8,378.7,315.1,967.3,1.437,29.25,6.26,260.3,0.79,TriCone_8.5,3400,3419.8,5978.0,0,0,0,0
W013,2026-01-16 09:45:00,2420,2387.8,Shale_B,5.67,42.17,116.5,380.2,323.3,965.9,1.432,28.91,6.18,261.0,0.61,TriCone_8.5,3400,3414.5,5978.0,0,0,0,0
W013,2026-01-16 10:00:00,2440,2434.4,Shale_B,5.87,41.14,114.5,381.7,328.5,960.9,1.434,28.51,6.53,258.2,2.99,TriCone_8.5,3400,3319.6,5978.0,0,0,0,0
W013,2026-01-16 10:15:00,2460,2443.4,Shale_B,4.72,41.31,112.0,388.0,334.3,975.1,1.436,28.53,6.55,259.6,1.67,TriCone_8.5,3400,3456.9,5978.0,0,0,0,0
W013,2026-01-16 10:30:00,2480,2465.3,Shale_B,4.95,42.74,114.2,388.3,331.2,979.3,1.435,28.11,6.45,266.5,0.62,TriCone_8.5,3400,3488.3,5978.0,0,0,0,0
W013,2026-01-16 10:45:00,2500,2488.3,Shale_B,5.31,43.02,115.4,387.2,323.0,993.2,1.434,28.28,6.48,258.0,2.88,TriCone_8.5,3400,3469.6,5978.0,0,0,0,0
W013,2026-01-16 11:00:00,2520,2490.4,Shale_B,6.47,43.97,115.2,389.0,315.1,995.0,1.425,28.32,6.52,267.1,2.31,TriCone_8.5,3400,3328.4,5978.0,0,0,0,0
W013,2026-01-16 11:15:00,2540,2524.0,Shale_B,6.65,44.4,113.2,394.7,323.7,1003.2,1.434,28.12,6.81,264.2,0.91,TriCone_8.5,3400,3479.2,5978.0,0,0,0,0
W013,2026-01-16 11:30:00,2560,2543.1,Shale_B,6.14,42.51,111.4,393.1,317.1,994.0,1.432,28.58,7.02,263.4,2.88,TriCone_8.5,3400,3437.6,5978.0,0,0,0,0
W013,2026-01-16 11:45:00,2580,2554.2,Shale_B,6.06,42.15,109.8,391.3,317.7,994.8,1.437,28.44,7.19,266.9,2.9,TriCone_8.5,3400,3390.9,5978.0,0,0,0,0
W013,2026-01-16 12:00:00,2600,2576.5,Shale_B,6.83,42.7,110.7,384.7,326.7,983.0,1.438,28.27,7.13,268.1,2.77,TriCone_8.5,3400,3481.8,5978.0,0,0,0,0
W013,2026-01-16 12:15:00,2620,2589.3,Shale_B,7.05,41.34,108.8,388.2,317.7,982.4,1.431,28.2,7.33,267.5,0.91,TriCone_8.5,3400,3499.5,5978.0,0,0,0,0
W013,2026-01-16 12:30:00,2640,2606.0,Shale_B,6.02,41.68,109.4,381.2,315.7,979.8,1.428,28.26,7.21,268.0,2.49,TriCone_8.5,3400,3373.0,5978.0,0,0,0,0
W013,2026-01-16 12:45:00,2660,2638.4,Shale_B,6.03,40.9,110.8,382.0,315.2,984.8,1.434,28.73,7.31,273.4,0.5,TriCone_8.5,3400,3424.3,5978.0,0,0,0,0
W013,2026-01-16 13:00:00,2680,2643.8,Shale_B,5.06,41.03,112.3,380.6,318.6,984.5,1.433,28.52,7.22,269.1,2.12,TriCone_8.5,3400,3341.8,5978.0,0,0,0,0
W013,2026-01-16 13:15:00,2700,2670.6,Shale_B,5.44,41.22,111.9,375.0,316.8,993.2,1.441,28.72,6.87,273.2,1.1,TriCone_8.5,3400,3316.9,5978.0,0,0,0,0
W013,2026-01-16 13:30:00,2720,2694.8,Shale_B,6.1,41.81,112.6,377.7,311.5,991.5,1.444,28.86,7.1,270.3,2.43,TriCone_8.5,3400,3338.0,5978.0,0,0,0,0
W013,2026-01-16 13:45:00,2740,2724.4,Shale_B,5.99,43.6,110.7,380.5,313.0,981.7,1.435,29.16,6.83,270.2,2.95,TriCone_8.5,3400,3434.7,5978.0,0,0,0,0
W013,2026-01-16 14:00:00,2760,2739.4,Shale_B,6.21,43.74,112.8,384.2,319.6,973.0,1.438,28.7,6.49,276.3,0.56,TriCone_8.5,3400,3349.1,5978.0,0,0,0,0
W013,2026-01-16 14:15:00,2780,2755.2,Shale_B,5.92,41.92,114.1,391.1,323.9,975.4,1.433,28.22,6.65,272.4,2.65,TriCone_8.5,3400,3469.4,5978.0,0,0,0,0
W013,2026-01-16 14:30:00,2800,2758.2,Shale_B,6.53,43.04,115.0,398.1,333.5,988.8,1.439,28.43,6.78,272.0,1.18,TriCone_8.5,3400,3406.2,5978.0,0,0,0,0
W013,2026-01-16 14:45:00,2820,2792.7,Shale_B,6.38,41.63,117.4,403.0,324.9,981.3,1.445,28.73,7.14,281.9,2.94,TriCone_8.5,3400,3326.0,5978.0,0,0,0,0
W013,2026-01-16 15:00:00,2840,2827.1,Shale_B,7.0,40.83,119.2,403.5,330.8,974.6,1.445,28.79,7.49,275.5,2.84,TriCone_8.5,3400,3349.1,5978.0,0,0,0,0
W013,2026-01-16 15:15:00,2860,2827.6,Shale_B,7.69,41.25,117.7,398.5,338.1,981.4,1.439,28.91,7.45,275.3,1.83,TriCone_8.5,3400,3447.1,5978.0,0,0,0,0
W013,2026-01-16 15:30:00,2880,2842.3,Shale_B,7.61,41.61,115.0,396.9,333.3,967.3,1.432,28.55,7.2,282.6,1.6,TriCone_8.5,3400,3317.6,5978.0,0,0,0,0
W013,2026-01-16 15:45:00,2900,2883.4,Shale_B,7.13,42.8,114.2,391.5,331.4,969.0,1.423,28.68,7.12,275.6,2.18,TriCone_8.5,3400,3318.5,5978.0,0,0,0,0
W013,2026-01-16 16:00:00,2920,2882.8,Shale_B,6.75,42.92,113.5,394.7,333.1,956.5,1.426,28.87,7.02,285.2,2.61,TriCone_8.5,3400,3426.3,5978.0,0,0,0,0
W013,2026-01-16 16:15:00,2940,2904.3,Shale_B,6.61,43.81,115.4,394.8,331.1,969.0,1.421,28.63,6.91,285.9,2.85,TriCone_8.5,3400,3482.5,5978.0,0,0,0,0
W013,2026-01-16 16:30:00,2960,2942.2,Shale_B,6.03,45.69,116.0,386.9,321.8,958.4,1.415,28.9,6.69,287.9,2.09,TriCone_8.5,3400,3474.2,5978.0,0,0,0,0
W013,2026-01-16 16:45:00,2980,2947.1,Shale_B,6.97,46.36,118.2,394.2,314.3,946.3,1.421,29.27,6.76,282.8,2.13,TriCone_8.5,3400,3342.4,5978.0,0,0,0,0
W013,2026-01-16 17:00:00,3000,2981.6,Sandstone_C,6.94,45.22,118.1,401.5,321.1,959.5,1.427,29.12,7.01,289.2,2.87,TriCone_8.5,4300,4232.5,5978.0,0,0,0,0
W013,2026-01-16 17:15:00,3020,2981.4,Sandstone_C,5.84,43.81,120.9,400.9,328.2,958.5,1.43,28.64,6.81,285.3,2.08,TriCone_8.5,4300,4225.5,5978.0,0,0,0,0
W013,2026-01-16 17:30:00,3040,3024.8,Sandstone_C,5.51,45.08,118.5,403.8,324.1,967.4,1.428,28.81,7.16,282.0,0.53,TriCone_8.5,4300,4368.3,5978.0,0,0,0,0
W014,2026-03-02 06:00:00,200,199.2,Alluvium_Top,14.5,44.98,117.3,275.1,338.5,860.0,1.42,24.09,8.3,157.1,2.25,PDC_12.25,200,201.8,29382.0,0,0,0,0
W014,2026-03-02 06:15:00,220,219.1,Alluvium_Top,14.16,46.9,120.2,270.7,329.8,853.1,1.418,24.03,8.4,163.9,1.33,PDC_12.25,200,196.4,29382.0,0,0,0,0
W014,2026-03-02 06:30:00,240,237.7,Alluvium_Top,13.06,46.92,117.6,269.0,337.7,845.3,1.422,23.83,8.04,161.4,2.59,PDC_12.25,200,195.1,29382.0,0,0,0,0
W014,2026-03-02 06:45:00,260,259.1,Alluvium_Top,14.02,48.08,115.8,272.7,337.7,852.7,1.422,23.46,8.1,161.6,1.79,PDC_12.25,200,201.4,29382.0,0,0,0,0
W014,2026-03-02 07:00:00,280,276.4,Alluvium_Top,13.91,47.9,115.9,273.0,346.7,857.2,1.418,23.49,8.2,164.0,1.96,PDC_12.25,200,204.7,29382.0,0,0,0,0
W014,2026-03-02 07:15:00,300,295.5,Alluvium_Top,13.52,47.61,113.3,278.0,343.6,869.6,1.411,23.05,8.19,160.4,2.84,PDC_12.25,200,194.4,29382.0,0,0,0,0
W014,2026-03-02 07:30:00,320,316.3,Alluvium_Top,14.54,47.15,110.9,274.8,343.6,860.2,1.41,23.39,8.49,159.9,0.9,PDC_12.25,200,199.0,29382.0,0,0,0,0
W014,2026-03-02 07:45:00,340,335.7,Alluvium_Top,14.21,48.53,112.2,268.4,346.1,848.6,1.405,23.07,8.23,166.5,1.91,PDC_12.25,200,201.1,29382.0,0,0,0,0
W014,2026-03-02 08:00:00,360,356.3,Alluvium_Top,14.02,46.92,109.9,269.7,355.7,850.8,1.414,23.01,8.18,166.2,2.24,PDC_12.25,200,205.9,29382.0,0,0,0,0
W014,2026-03-02 08:15:00,380,379.2,Alluvium_Top,12.89,46.68,110.0,271.4,351.2,848.6,1.414,23.2,8.4,169.5,1.35,PDC_12.25,200,204.4,29382.0,0,0,0,0
W014,2026-03-02 08:30:00,400,397.6,Shale_A,12.31,45.46,108.9,270.6,358.2,857.0,1.421,22.97,8.47,165.8,0.77,PDC_12.25,1800,1837.7,29382.0,0,0,0,0
W014,2026-03-02 08:45:00,420,417.7,Shale_A,12.71,46.05,110.8,264.8,363.9,872.0,1.428,23.22,8.6,168.1,2.33,PDC_12.25,1800,1761.4,29382.0,0,0,0,0
W014,2026-03-02 09:00:00,440,436.1,Shale_A,13.42,45.85,108.5,265.7,359.2,868.5,1.418,23.1,8.85,170.2,0.52,PDC_12.25,1800,1814.2,29382.0,0,0,0,0
W014,2026-03-02 09:15:00,460,453.9,Shale_A,13.37,45.47,111.1,258.4,362.9,879.0,1.427,22.78,8.88,166.1,1.75,PDC_12.25,1800,1777.5,29382.0,0,0,0,0
W014,2026-03-02 09:30:00,480,473.1,Shale_A,12.44,45.52,111.2,265.9,366.0,872.6,1.422,22.41,9.09,173.5,2.02,PDC_12.25,1800,1836.5,29382.0,0,0,0,0
W014,2026-03-02 09:45:00,500,498.4,Shale_A,12.78,47.38,111.7,262.8,363.6,862.9,1.426,22.62,8.85,169.1,0.69,PDC_12.25,1800,1828.4,29382.0,0,0,0,0
W014,2026-03-02 10:00:00,520,515.7,Shale_A,12.41,46.5,111.2,266.2,371.0,853.4,1.43,22.47,9.23,171.4,0.52,PDC_12.25,1800,1771.2,29382.0,0,0,0,0
W014,2026-03-02 10:15:00,540,535.0,Shale_A,11.32,47.29,112.6,265.6,374.5,854.5,1.433,22.57,9.36,171.3,1.17,PDC_12.25,1800,1762.3,29382.0,0,0,0,0
W014,2026-03-02 10:30:00,560,556.5,Shale_A,11.98,46.76,110.6,261.6,368.8,861.4,1.432,22.78,9.29,179.1,2.96,PDC_12.25,1800,1794.2,29382.0,0,0,0,0
W014,2026-03-02 10:45:00,580,575.8,Shale_A,12.0,48.5,112.6,269.5,371.3,869.8,1.433,22.54,9.17,180.0,0.64,PDC_12.25,1800,1839.3,29382.0,0,0,0,0
W014,2026-03-02 11:00:00,600,596.2,Shale_A,11.73,50.04,114.7,271.1,366.8,869.1,1.431,22.39,8.85,177.4,1.25,PDC_12.25,1800,1786.2,29382.0,0,0,0,0
W014,2026-03-02 11:15:00,620,616.9,Shale_A,11.56,48.25,117.7,271.2,357.3,870.3,1.438,22.66,9.01,174.3,2.14,PDC_12.25,1800,1780.5,29382.0,0,0,0,0
W014,2026-03-02 11:30:00,640,638.0,Shale_A,12.5,47.36,116.2,277.1,359.8,855.3,1.435,23.02,8.63,173.8,1.2,PDC_12.25,1800,1807.8,29382.0,0,0,0,0
W014,2026-03-02 11:45:00,660,656.5,Shale_A,12.55,47.57,115.2,273.0,366.1,843.5,1.435,23.15,8.31,179.9,1.94,PDC_12.25,1800,1843.4,29382.0,0,0,0,0
W014,2026-03-02 12:00:00,680,678.5,Shale_A,12.05,47.85,118.1,268.5,375.8,849.9,1.442,22.74,8.15,176.2,1.43,PDC_12.25,1800,1771.4,29382.0,0,0,0,0
W014,2026-03-02 12:15:00,700,694.9,Shale_A,12.2,45.87,119.4,263.7,368.4,845.0,1.447,22.35,7.93,176.6,2.92,PDC_12.25,1800,1757.4,29382.0,0,0,0,0
W014,2026-03-02 12:30:00,720,710.0,Shale_A,12.56,44.45,120.0,257.8,366.4,847.1,1.448,21.97,7.56,185.4,2.31,PDC_12.25,1800,1823.7,29382.0,0,0,0,0
W014,2026-03-02 12:45:00,740,733.7,Shale_A,13.5,45.53,123.0,253.9,366.2,839.2,1.45,21.59,7.26,179.0,2.23,PDC_12.25,1800,1759.8,29382.0,0,0,0,0
W014,2026-03-02 13:00:00,760,754.1,Shale_A,14.41,46.49,122.8,261.6,365.3,827.6,1.46,21.11,7.3,182.3,1.76,PDC_12.25,1800,1812.7,29382.0,0,0,0,0
W014,2026-03-02 13:15:00,780,769.9,Shale_A,14.55,47.51,121.4,259.7,360.7,837.2,1.464,21.48,7.04,180.8,0.8,PDC_12.25,1800,1771.9,29382.0,0,0,0,0
W014,2026-03-02 13:30:00,800,793.1,Shale_A,15.68,46.94,124.2,252.3,369.2,827.6,1.472,21.04,7.4,183.0,1.26,PDC_12.25,1800,1803.6,29382.0,0,0,0,0
W014,2026-03-02 13:45:00,820,810.5,Shale_A,16.08,48.84,124.8,255.8,361.0,831.4,1.471,21.43,7.31,188.7,1.07,PDC_12.25,1800,1787.1,29382.0,0,0,0,0
W014,2026-03-02 14:00:00,840,833.7,Shale_A,15.61,47.86,122.1,261.2,352.3,843.0,1.464,21.0,7.36,187.8,1.73,PDC_12.25,1800,1786.6,29382.0,0,0,0,0
W014,2026-03-02 14:15:00,860,849.2,Shale_A,16.0,47.87,121.1,266.4,356.9,839.8,1.471,21.42,7.39,185.8,2.79,PDC_12.25,1800,1777.0,29382.0,0,0,0,0
W014,2026-03-02 14:30:00,880,869.3,Shale_A,15.59,48.78,123.6,268.6,365.9,827.6,1.462,21.52,7.76,189.6,0.63,PDC_12.25,1800,1751.2,29382.0,0,0,0,0
W014,2026-03-02 14:45:00,900,896.0,Shale_A,15.2,46.95,126.0,268.8,369.3,814.6,1.453,21.61,8.07,190.8,2.69,PDC_12.25,1800,1772.4,29382.0,0,0,0,0
W014,2026-03-02 15:00:00,920,913.7,Shale_A,14.48,47.58,125.7,265.5,367.7,813.0,1.461,21.21,7.89,191.8,2.25,PDC_12.25,1800,1754.2,29382.0,0,0,0,0
W014,2026-03-02 15:15:00,940,927.8,Shale_A,15.19,47.81,124.0,264.7,371.6,823.1,1.47,21.32,7.91,187.5,0.68,PDC_12.25,1800,1847.7,29382.0,0,0,0,0
W014,2026-03-02 15:30:00,960,952.0,Shale_A,14.95,47.16,124.8,265.3,373.5,822.3,1.466,21.77,7.58,197.6,1.28,PDC_12.25,1800,1751.9,29382.0,0,0,0,0
W014,2026-03-02 15:45:00,980,967.8,Shale_A,13.92,46.88,126.3,261.6,374.7,815.7,1.464,22.18,7.86,194.3,1.1,PDC_12.25,1800,1757.8,29382.0,0,0,0,0
W014,2026-03-02 16:00:00,1000,992.3,Shale_A,13.21,48.11,125.5,269.4,372.1,811.2,1.467,22.64,8.24,197.1,2.39,PDC_12.25,1800,1849.0,29382.0,0,0,0,0
W014,2026-03-02 16:15:00,1020,1016.7,Shale_A,14.07,48.05,126.2,270.0,373.3,822.9,1.464,22.35,8.21,193.0,1.75,PDC_12.25,1800,1827.6,29382.0,0,0,0,0
W014,2026-03-02 16:30:00,1040,1032.9,Shale_A,14.92,46.71,128.6,271.6,363.9,826.9,1.473,21.93,8.28,201.0,0.52,PDC_12.25,1800,1812.7,29382.0,0,0,0,0
W014,2026-03-02 16:45:00,1060,1056.1,Shale_A,14.55,47.22,125.9,275.6,354.0,821.1,1.473,21.81,8.13,201.0,2.84,PDC_12.25,1800,1797.3,29382.0,0,0,0,0
W014,2026-03-02 17:00:00,1080,1070.3,Shale_A,15.47,48.9,125.4,272.1,346.0,820.5,1.482,21.87,8.26,194.7,0.86,PDC_12.25,1800,1802.4,29382.0,0,0,0,0
W014,2026-03-02 17:15:00,1100,1084.0,Shale_A,15.14,50.41,123.1,274.0,348.0,831.3,1.472,21.56,8.04,204.0,0.88,PDC_12.25,1800,1848.7,29382.0,0,0,0,0
W014,2026-03-02 17:30:00,1120,1109.0,Shale_A,15.21,51.79,125.8,274.6,356.6,838.1,1.467,21.99,8.17,199.5,2.2,PDC_12.25,1800,1803.7,29382.0,0,0,0,0
W014,2026-03-02 17:45:00,1140,1136.0,Shale_A,15.74,53.09,127.2,270.3,365.7,823.9,1.464,21.75,7.81,200.4,2.06,PDC_12.25,1800,1758.3,29382.0,0,0,0,0
W014,2026-03-02 18:00:00,1160,1148.0,Shale_A,16.48,52.96,128.5,275.8,365.0,832.5,1.464,21.64,7.83,204.0,2.32,PDC_12.25,1800,1852.9,29382.0,0,0,0,0
W014,2026-03-02 18:15:00,1180,1169.5,Shale_A,17.46,54.87,126.9,270.9,368.5,829.9,1.454,21.49,8.08,206.1,1.74,PDC_12.25,1800,1807.7,29382.0,0,0,0,0
W014,2026-03-02 18:30:00,1200,1183.1,Shale_A,16.79,54.97,124.0,270.5,365.2,835.1,1.457,21.37,7.69,201.5,2.08,PDC_12.25,1800,1808.6,29382.0,0,0,0,0
W014,2026-03-02 18:45:00,1220,1214.0,Shale_A,17.14,55.99,122.9,270.3,374.1,848.5,1.453,21.68,7.77,209.7,1.69,PDC_12.25,1800,1757.6,29382.0,0,0,0,0
W014,2026-03-02 19:00:00,1240,1232.8,Shale_A,17.13,57.17,121.5,264.3,372.6,861.8,1.453,21.82,7.87,202.1,1.48,PDC_12.25,1800,1829.0,29382.0,0,0,0,0
W014,2026-03-02 19:15:00,1260,1252.4,Shale_A,16.33,56.81,119.1,260.2,370.1,863.0,1.448,21.55,8.09,211.3,1.31,PDC_12.25,1800,1851.0,29382.0,0,0,0,0
W014,2026-03-02 19:30:00,1280,1270.2,Shale_A,17.36,57.5,120.9,253.0,372.1,863.8,1.444,21.31,8.15,209.7,0.58,PDC_12.25,1800,1773.9,29382.0,0,0,0,0
W014,2026-03-02 19:45:00,1300,1289.1,Shale_A,16.5,57.99,119.8,252.1,369.3,868.3,1.443,21.77,8.03,210.9,1.14,PDC_12.25,1800,1764.4,29382.0,0,0,0,0
W014,2026-03-02 20:00:00,1320,1313.6,Shale_A,16.09,57.88,118.5,244.2,363.6,874.3,1.448,21.55,7.96,204.8,1.09,PDC_12.25,1800,1805.7,29382.0,0,0,0,0
W014,2026-03-02 20:15:00,1340,1322.7,Shale_A,15.38,56.91,120.4,239.5,360.3,879.2,1.449,21.51,8.28,207.5,2.35,PDC_12.25,1800,1811.4,29382.0,0,0,0,0
W014,2026-03-02 20:30:00,1360,1341.4,Shale_A,16.27,56.74,121.7,244.6,353.0,885.4,1.457,21.59,8.03,207.5,1.15,PDC_12.25,1800,1812.5,29382.0,0,0,0,0
W014,2026-03-02 20:45:00,1380,1372.7,Shale_A,15.24,55.63,121.3,244.2,354.3,891.6,1.448,21.17,7.68,211.3,0.6,PDC_12.25,1800,1801.4,29382.0,0,0,0,0
W014,2026-03-02 21:00:00,1400,1383.7,Shale_A,16.29,55.58,121.0,248.7,358.6,894.8,1.457,21.09,7.93,211.8,2.6,PDC_12.25,1800,1770.1,29382.0,0,0,0,0
W014,2026-03-02 21:15:00,1420,1408.9,Shale_A,16.72,54.43,119.4,245.6,362.2,906.5,1.46,21.42,7.96,209.6,0.75,PDC_12.25,1800,1777.2,29382.0,0,0,0,0
W014,2026-03-02 21:30:00,1440,1429.2,Shale_A,16.05,54.3,120.4,243.8,368.3,913.7,1.465,21.91,7.8,216.2,2.64,PDC_12.25,1800,1781.4,29382.0,0,0,0,0
W014,2026-03-02 21:45:00,1460,1443.1,Shale_A,15.84,54.66,117.7,251.6,374.3,924.8,1.469,21.6,7.42,219.3,1.49,PDC_12.25,1800,1831.3,29382.0,0,0,0,0
W014,2026-03-02 22:00:00,1480,1470.4,Shale_A,15.65,55.27,117.6,254.8,381.4,915.7,1.466,21.54,7.79,215.3,1.45,PDC_12.25,1800,1806.7,29382.0,0,0,0,0
W014,2026-03-02 22:15:00,1500,1490.2,Shale_A,16.73,56.85,117.7,257.1,372.6,921.6,1.47,21.4,7.57,221.7,1.57,PDC_12.25,1800,1791.3,29382.0,0,0,0,0
W014,2026-03-02 22:30:00,1520,1514.9,Shale_A,16.52,58.12,117.0,258.8,366.8,919.1,1.479,21.47,7.89,222.4,2.86,PDC_12.25,1800,1749.6,29382.0,0,0,0,0
W014,2026-03-02 22:45:00,1540,1522.5,Shale_A,17.56,56.67,114.2,251.7,363.8,922.7,1.477,21.0,7.87,218.7,2.39,PDC_12.25,1800,1746.4,29382.0,0,0,0,0
W014,2026-03-02 23:00:00,1560,1536.7,Shale_A,16.97,55.88,114.8,251.2,360.5,918.9,1.474,21.47,7.66,223.4,2.27,PDC_12.25,1800,1769.5,29382.0,0,0,0,0
W014,2026-03-02 23:15:00,1580,1560.0,Shale_A,17.59,56.61,114.2,252.1,355.6,905.0,1.481,21.87,7.39,224.0,2.35,PDC_12.25,1800,1853.3,29382.0,0,0,0,0
W014,2026-03-02 23:30:00,1600,1584.8,Limestone_B,17.4,57.65,116.2,245.6,356.9,912.9,1.487,21.52,7.41,225.6,1.3,PDC_12.25,2600,2587.8,29382.0,0,0,0,0
W014,2026-03-02 23:45:00,1620,1605.4,Limestone_B,16.41,59.09,115.1,237.6,351.6,900.6,1.479,21.71,7.18,227.2,1.79,PDC_12.25,2600,2647.5,29382.0,0,0,0,0
W014,2026-03-03 00:00:00,1640,1629.3,Limestone_B,16.87,58.9,112.9,243.7,350.2,887.8,1.48,21.86,7.0,226.8,2.17,PDC_12.25,2600,2589.7,29382.0,0,0,0,0
W014,2026-03-03 00:15:00,1660,1650.2,Limestone_B,17.98,58.0,113.4,240.6,355.1,874.2,1.471,22.17,6.95,223.1,2.02,PDC_12.25,2600,2587.6,29382.0,0,0,0,0
W014,2026-03-03 00:30:00,1680,1659.6,Limestone_B,17.23,59.83,113.9,238.8,361.1,875.0,1.466,21.88,6.87,229.2,0.65,PDC_12.25,2600,2553.4,29382.0,0,0,0,0
W014,2026-03-03 00:45:00,1700,1686.0,Limestone_B,16.32,60.35,112.2,240.5,358.8,863.1,1.468,22.06,7.01,227.9,1.75,PDC_12.25,2600,2661.3,29382.0,0,0,0,0
W014,2026-03-03 01:00:00,1720,1714.3,Limestone_B,16.78,60.97,112.7,235.0,353.0,855.9,1.476,22.32,7.05,224.9,0.78,PDC_12.25,2600,2621.2,29382.0,0,0,0,0
W014,2026-03-03 01:15:00,1740,1725.3,Limestone_B,15.85,62.16,112.4,232.2,357.8,859.3,1.482,21.89,6.9,226.5,1.32,PDC_12.25,2600,2661.3,29382.0,0,0,0,0
W014,2026-03-03 01:30:00,1760,1747.4,Limestone_B,15.72,61.63,113.8,233.9,360.9,850.6,1.479,21.41,6.59,226.9,0.66,PDC_12.25,2600,2566.2,29382.0,0,0,0,0
W014,2026-03-03 01:45:00,1780,1771.4,Limestone_B,14.76,62.91,111.5,236.6,363.8,862.7,1.471,21.23,6.26,229.2,2.78,PDC_12.25,2600,2677.7,29382.0,0,0,0,0
W014,2026-03-03 02:00:00,1800,1790.0,Limestone_B,14.84,64.44,111.2,231.0,370.6,856.1,1.462,20.86,6.35,232.1,1.15,PDC_12.25,2600,2634.8,29382.0,0,0,0,0
W014,2026-03-03 02:15:00,1820,1795.7,Limestone_B,15.85,64.78,112.9,235.0,365.8,850.4,1.462,20.38,6.19,231.6,0.77,PDC_12.25,2600,2642.7,29382.0,0,0,0,0
W014,2026-03-03 02:30:00,1840,1817.0,Limestone_B,16.4,65.0,113.2,234.6,363.5,841.2,1.455,20.67,6.16,235.7,2.26,PDC_12.25,2600,2594.3,29382.0,0,0,0,0
W014,2026-03-03 02:45:00,1860,1847.6,Limestone_B,16.27,64.7,113.5,242.3,369.8,853.3,1.446,20.31,6.0,231.3,1.6,PDC_12.25,2600,2601.6,29382.0,0,0,0,0
W014,2026-03-03 03:00:00,1880,1876.1,Limestone_B,17.24,65.0,111.5,247.9,369.4,851.9,1.452,19.9,6.31,236.3,2.69,PDC_12.25,2600,2600.1,29382.0,0,0,0,0
W014,2026-03-03 03:15:00,1900,1883.7,Limestone_B,16.26,63.67,110.4,241.6,375.7,845.8,1.462,20.1,6.05,235.3,1.67,PDC_12.25,2600,2602.8,29382.0,0,0,0,0
W014,2026-03-03 03:30:00,1920,1895.1,Limestone_B,15.13,64.42,110.3,246.3,382.0,837.7,1.453,20.3,6.43,235.9,1.15,PDC_12.25,2600,2605.6,29382.0,0,0,0,0
W014,2026-03-03 03:45:00,1940,1915.8,Limestone_B,14.72,64.12,111.2,242.7,373.0,833.9,1.46,20.3,6.8,237.3,1.19,PDC_12.25,2600,2566.8,29382.0,0,0,0,0
W014,2026-03-03 04:00:00,1960,1941.2,Limestone_B,14.81,64.54,112.7,246.3,363.9,843.0,1.461,20.19,6.83,239.3,0.87,PDC_12.25,2600,2630.3,29382.0,0,0,0,0
W014,2026-03-03 04:15:00,1980,1955.4,Limestone_B,14.45,62.91,110.7,240.9,361.4,854.8,1.455,20.11,6.68,242.0,0.63,PDC_12.25,2600,2574.4,29382.0,0,0,0,0
W014,2026-03-03 04:30:00,2000,1976.7,Limestone_B,15.63,63.19,108.5,237.3,354.8,843.5,1.461,20.11,6.78,238.3,1.88,PDC_12.25,2600,2554.9,29382.0,0,0,0,0
W014,2026-03-03 04:45:00,2020,2010.7,Limestone_B,16.0,61.79,109.2,242.9,347.2,855.4,1.453,19.96,6.87,241.5,0.74,PDC_12.25,2600,2570.1,29382.0,0,0,0,0
W014,2026-03-03 05:00:00,2040,2031.1,Limestone_B,15.23,63.37,109.5,249.9,340.7,864.2,1.444,20.34,7.01,240.5,0.98,PDC_12.25,2600,2673.8,29382.0,0,0,0,0
W014,2026-03-03 05:15:00,2060,2046.2,Limestone_B,14.89,63.15,111.5,247.3,332.5,876.5,1.442,20.19,6.77,246.7,1.04,PDC_12.25,2600,2616.1,29382.0,0,0,0,0
W014,2026-03-03 05:30:00,2080,2053.4,Limestone_B,13.77,64.47,111.0,249.8,329.9,882.4,1.437,19.71,7.13,238.8,2.56,PDC_12.25,2600,2659.4,29382.0,0,0,0,0
W014,2026-03-03 05:45:00,2100,2090.5,Limestone_B,14.54,63.29,113.2,249.8,327.2,887.3,1.434,19.56,7.32,242.6,1.0,PDC_12.25,2600,2583.2,29382.0,0,0,0,0
W014,2026-03-03 06:00:00,2120,2097.5,Limestone_B,14.53,63.4,114.4,249.9,325.5,902.1,1.427,19.65,7.63,247.3,2.7,PDC_12.25,2600,2647.6,29382.0,0,0,0,0
W014,2026-03-03 06:15:00,2140,2123.0,Limestone_B,15.37,62.98,115.7,244.3,330.6,903.6,1.422,19.64,7.79,241.4,2.09,PDC_12.25,2600,2564.4,29382.0,0,0,0,0
W014,2026-03-03 06:30:00,2160,2147.5,Limestone_B,15.98,62.19,114.4,243.8,334.1,916.5,1.415,19.54,7.44,249.8,1.62,PDC_12.25,2600,2556.4,29382.0,0,0,0,0
W014,2026-03-03 06:45:00,2180,2161.1,Limestone_B,16.81,62.33,117.1,237.1,334.4,924.5,1.417,19.06,7.82,246.1,1.12,PDC_12.25,2600,2572.3,29382.0,0,0,0,0
W014,2026-03-03 07:00:00,2200,2174.0,Limestone_B,17.45,61.9,116.7,237.7,332.3,936.9,1.424,19.01,7.42,253.0,0.81,PDC_12.25,2600,2606.6,29382.0,0,0,0,0
W014,2026-03-03 07:15:00,2220,2196.7,Limestone_B,16.68,63.11,117.2,245.0,326.9,936.5,1.434,19.34,7.6,246.8,2.42,PDC_12.25,2600,2545.8,29382.0,0,0,0,0
W014,2026-03-03 07:30:00,2240,2235.1,Limestone_B,16.94,63.55,118.6,247.6,318.3,935.2,1.437,19.14,7.45,247.0,1.55,PDC_12.25,2600,2604.8,29382.0,0,0,0,0
W014,2026-03-03 07:45:00,2260,2226.4,Limestone_B,17.02,64.52,115.7,254.0,316.0,946.3,1.428,18.79,7.31,250.2,2.62,PDC_12.25,2600,2566.5,29382.0,0,0,0,0
W014,2026-03-03 08:00:00,2280,2263.4,Limestone_B,16.14,65.0,117.4,254.0,310.3,950.3,1.421,18.48,7.41,257.5,2.73,PDC_12.25,2600,2622.0,29382.0,0,0,0,0
W014,2026-03-03 08:15:00,2300,2295.2,Limestone_B,17.34,65.0,116.9,260.6,305.0,938.2,1.424,18.08,7.31,252.7,1.87,PDC_12.25,2600,2606.0,29382.0,0,0,0,0
W014,2026-03-03 08:30:00,2320,2314.8,Limestone_B,17.04,63.53,117.5,264.2,304.6,930.6,1.426,18.12,7.05,253.5,1.59,PDC_12.25,2600,2556.5,29382.0,0,0,0,0
W014,2026-03-03 08:45:00,2340,2312.9,Limestone_B,17.6,65.0,118.9,270.7,295.7,929.3,1.431,18.2,6.79,253.7,1.29,PDC_12.25,2600,2654.5,29382.0,0,0,0,0
W014,2026-03-03 09:00:00,2360,2336.2,Limestone_B,17.64,65.0,120.4,276.1,303.4,926.8,1.428,18.0,7.13,251.9,2.35,PDC_12.25,2600,2575.5,29382.0,0,0,0,0
W014,2026-03-03 09:15:00,2380,2356.3,Limestone_B,17.45,65.0,119.1,272.9,305.3,941.7,1.428,18.44,7.36,260.1,1.59,PDC_12.25,2600,2670.0,29382.0,0,0,0,0
W014,2026-03-03 09:30:00,2400,2366.8,Shale_B,18.56,65.0,120.6,269.6,300.2,956.4,1.419,18.78,7.24,257.2,2.58,PDC_12.25,3400,3337.2,29382.0,0,0,0,0
W014,2026-03-03 09:45:00,2420,2404.5,Shale_B,19.64,65.0,122.1,273.7,291.4,947.5,1.419,18.65,7.17,261.7,0.54,PDC_12.25,3400,3370.3,29382.0,0,0,0,0
W014,2026-03-03 10:00:00,2440,2423.3,Shale_B,18.59,64.63,124.1,268.0,292.5,952.9,1.414,18.66,7.5,259.9,0.89,PDC_12.25,3400,3298.0,29382.0,0,0,0,0
W014,2026-03-03 10:15:00,2460,2426.0,Shale_B,17.45,62.99,122.0,262.2,287.7,951.5,1.411,19.05,7.59,264.5,1.82,PDC_12.25,3400,3418.8,29382.0,0,0,0,0
W014,2026-03-03 10:30:00,2480,2460.1,Shale_B,18.22,61.77,119.5,259.5,285.5,945.7,1.404,18.8,7.74,260.5,2.08,PDC_12.25,3400,3392.5,29382.0,0,0,0,0
W014,2026-03-03 10:45:00,2500,2474.0,Shale_B,17.62,61.86,116.6,258.4,287.0,936.2,1.399,18.52,7.4,261.0,2.95,PDC_12.25,3400,3410.0,29382.0,0,0,0,0
W014,2026-03-03 11:00:00,2520,2485.5,Shale_B,17.24,62.45,119.3,274.1,307.9,949.7,1.386,18.64,7.71,264.6,2.94,PDC_12.25,3400,3391.9,29382.0,0,0,0,0
W014,2026-03-03 11:15:00,2540,2505.4,Shale_B,16.89,61.97,120.7,286.6,341.8,962.7,1.369,18.16,7.33,268.2,2.31,PDC_12.25,3400,3387.6,29382.0,0,0,0,0
W014,2026-03-03 11:30:00,2560,2534.9,Shale_B,15.37,63.21,118.4,313.4,392.4,963.5,1.356,18.14,7.47,265.3,2.86,PDC_12.25,3400,3309.1,29382.0,0,0,0,0
W014,2026-03-03 11:45:00,2580,2572.4,Shale_B,9.95,64.62,118.4,366.1,483.3,832.5,1.296,18.0,7.55,268.2,2.57,PDC_12.25,3400,3344.9,29382.0,1,1,0,0
W014,2026-03-03 12:00:00,2600,2566.7,Shale_B,10.53,62.92,115.7,360.1,482.3,823.8,1.3,18.15,7.44,267.6,1.53,PDC_12.25,3400,3382.1,29382.0,1,0,0,0
W014,2026-03-03 12:15:00,2620,2601.1,Shale_B,9.9,61.15,116.4,364.8,479.1,820.4,1.306,18.0,7.14,267.9,2.12,PDC_12.25,3400,3313.1,29382.0,1,0,0,0
W014,2026-03-03 12:30:00,2640,2633.8,Shale_B,8.84,60.86,114.8,368.9,486.6,813.8,1.3,18.0,6.82,267.0,1.85,PDC_12.25,3400,3443.6,29382.0,1,0,0,0
W014,2026-03-03 12:45:00,2660,2636.4,Shale_B,8.17,59.53,112.8,364.0,491.8,800.6,1.31,18.02,6.86,268.3,2.23,PDC_12.25,3400,3379.5,29382.0,1,0,0,0
W014,2026-03-03 13:00:00,2680,2664.5,Shale_B,7.61,61.23,111.5,363.0,488.8,788.2,1.304,18.0,7.01,269.7,2.45,PDC_12.25,3400,3365.1,29382.0,1,0,0,0
W014,2026-03-03 13:15:00,2700,2676.4,Shale_B,7.76,62.2,112.3,364.6,493.6,774.9,1.309,18.0,7.07,268.9,2.6,PDC_12.25,3400,3337.2,29382.0,1,0,0,0
W014,2026-03-03 13:30:00,2720,2705.8,Shale_B,8.47,63.78,113.7,359.0,500.7,778.5,1.311,18.42,6.87,269.8,1.78,PDC_12.25,3400,3429.2,29382.0,1,0,0,0
W014,2026-03-03 13:45:00,2740,2710.6,Shale_B,8.79,63.59,114.4,364.2,494.3,784.4,1.317,18.37,6.73,268.4,2.49,PDC_12.25,3400,3389.2,29382.0,1,0,0,0
W014,2026-03-03 14:00:00,2760,2741.9,Shale_B,8.4,63.58,115.6,368.5,492.2,789.3,1.321,18.17,6.41,278.1,2.19,PDC_12.25,3400,3370.9,29382.0,1,0,0,0
W014,2026-03-03 14:15:00,2780,2760.3,Shale_B,9.16,63.84,117.7,376.1,501.3,800.0,1.311,18.56,6.07,278.6,1.2,PDC_12.25,3400,3310.0,29382.0,1,0,0,0
W014,2026-03-03 14:30:00,2800,2766.2,Shale_B,9.81,62.29,117.2,381.2,505.2,785.2,1.309,18.1,6.21,280.7,2.14,PDC_12.25,3400,3305.8,29382.0,1,0,0,0
W014,2026-03-03 14:45:00,2820,2797.4,Shale_B,10.95,61.19,117.6,379.6,510.6,796.2,1.306,18.26,6.25,274.7,1.18,PDC_12.25,3400,3370.5,29382.0,1,0,0,0
W014,2026-03-03 15:00:00,2840,2831.9,Shale_B,11.7,59.47,115.2,377.1,503.0,795.5,1.304,18.48,6.61,280.3,0.95,PDC_12.25,3400,3329.4,29382.0,1,0,0,0
W014,2026-03-03 15:15:00,2860,2843.3,Shale_B,11.64,59.16,113.9,383.4,499.6,797.9,1.3,18.78,6.83,276.7,2.2,PDC_12.25,3400,3378.0,29382.0,1,0,0,0
W014,2026-03-03 15:30:00,2880,2847.1,Shale_B,11.88,59.46,111.4,386.1,499.0,796.1,1.307,18.3,6.63,275.8,0.59,PDC_12.25,3400,3412.8,29382.0,1,0,0,0
W014,2026-03-03 15:45:00,2900,2888.4,Shale_B,11.33,60.11,109.1,387.7,508.7,789.9,1.314,18.8,6.7,278.6,2.18,PDC_12.25,3400,3499.6,29382.0,1,0,0,0
W014,2026-03-03 16:00:00,2920,2887.4,Shale_B,11.22,59.39,107.8,393.5,507.1,785.1,1.316,18.52,6.48,281.6,1.52,PDC_12.25,3400,3333.0,29382.0,1,0,0,0
W014,2026-03-03 16:15:00,2940,2902.8,Shale_B,11.27,60.66,109.9,389.3,509.1,795.8,1.314,18.95,6.8,279.4,1.15,PDC_12.25,3400,3309.0,29382.0,1,0,0,0
W014,2026-03-03 16:30:00,2960,2929.6,Shale_B,12.25,62.38,107.2,390.8,510.4,792.5,1.317,19.4,6.54,279.4,0.58,PDC_12.25,3400,3338.0,29382.0,1,0,0,0
W014,2026-03-03 16:45:00,2980,2947.9,Shale_B,12.08,62.39,108.7,389.1,507.0,802.3,1.324,19.13,6.39,287.4,0.7,PDC_12.25,3400,3366.9,29382.0,1,0,0,0
W014,2026-03-03 17:00:00,3000,2963.0,Sandstone_C,11.33,61.11,108.2,393.2,513.8,816.7,1.315,18.85,6.6,285.4,1.32,PDC_12.25,4300,4286.7,29382.0,1,0,0,0
W014,2026-03-03 17:15:00,3020,2994.8,Sandstone_C,11.16,59.82,111.0,386.9,523.5,827.0,1.313,19.09,6.74,283.0,1.35,PDC_12.25,4300,4243.4,29382.0,1,0,0,0
W014,2026-03-03 17:30:00,3040,3017.3,Sandstone_C,12.51,59.71,110.7,386.9,539.7,843.2,1.316,19.22,6.92,287.8,2.11,PDC_12.25,4300,4335.6,29382.0,1,0,0,0
W014,2026-03-03 17:45:00,3060,3038.6,Sandstone_C,16.21,57.84,110.1,380.6,566.6,882.0,1.305,19.52,6.74,285.3,1.13,PDC_12.25,4300,4177.9,29382.0,1,0,0,0
W014,2026-03-03 18:00:00,3080,3066.4,Sandstone_C,19.85,57.36,112.9,374.5,602.5,924.3,1.285,19.29,6.36,292.4,2.02,PDC_12.25,4300,4381.3,29382.0,1,0,0,0
W014,2026-03-03 18:15:00,3100,3091.6,Sandstone_C,28.09,58.16,115.3,368.0,680.0,1040.6,1.26,19.77,6.47,286.4,0.8,PDC_12.25,4300,4305.6,29382.0,2,0,0,1
W014,2026-03-03 18:30:00,3120,3112.8,Sandstone_C,27.36,59.9,112.9,371.7,550.0,1028.2,1.3,19.42,6.55,290.2,0.51,PDC_12.25,4300,4283.0,29382.0,2,0,0,0
W014,2026-03-03 18:45:00,3140,3102.2,Sandstone_C,26.78,58.79,110.9,379.7,545.9,1025.4,1.307,19.56,6.44,295.3,2.37,PDC_12.25,4300,4261.2,29382.0,2,0,0,0
W014,2026-03-03 19:00:00,3160,3131.4,Sandstone_C,27.79,58.78,112.3,387.2,549.7,1013.5,1.302,19.66,6.26,296.8,1.51,PDC_12.25,4300,4337.1,29382.0,2,0,0,0
W014,2026-03-03 19:15:00,3180,3162.4,Sandstone_C,27.85,58.31,109.8,388.7,550.0,1019.1,1.3,19.29,6.51,297.5,1.47,PDC_12.25,4300,4352.0,29382.0,2,0,0,0
W014,2026-03-03 19:30:00,3200,3157.9,Sandstone_C,27.86,59.66,107.3,389.2,544.3,1014.3,1.303,18.82,6.59,291.8,2.17,PDC_12.25,4300,4277.0,29382.0,2,0,0,0
W015,2026-03-02 06:00:00,200,199.4,Alluvium_Top,15.35,46.88,122.5,276.5,330.5,854.7,1.422,23.53,7.7,159.8,2.78,PDC_12.25,200,202.8,5955.0,0,0,0,0
W015,2026-03-02 06:15:00,220,218.8,Alluvium_Top,15.07,45.05,122.3,280.5,336.3,854.7,1.414,23.41,8.05,157.2,1.3,PDC_12.25,200,195.8,5955.0,0,0,0,0
W015,2026-03-02 06:30:00,240,236.6,Alluvium_Top,16.06,44.6,122.4,280.0,344.9,862.8,1.421,23.04,8.28,160.1,0.56,PDC_12.25,200,202.8,5955.0,0,0,0,0
W015,2026-03-02 06:45:00,260,258.7,Alluvium_Top,15.75,46.07,123.8,272.3,348.6,853.6,1.419,23.16,8.58,161.3,2.52,PDC_12.25,200,202.1,5955.0,0,0,0,0
W015,2026-03-02 07:00:00,280,277.5,Alluvium_Top,15.75,46.87,121.0,278.6,354.0,846.1,1.429,22.84,8.91,160.8,2.41,PDC_12.25,200,199.0,5955.0,0,0,0,0
W015,2026-03-02 07:15:00,300,298.4,Alluvium_Top,14.92,45.95,118.6,284.4,349.9,851.9,1.435,23.24,8.6,167.4,0.99,PDC_12.25,200,202.8,5955.0,0,0,0,0
W015,2026-03-02 07:30:00,320,315.6,Alluvium_Top,13.74,44.83,118.6,283.1,358.3,847.7,1.444,23.2,8.97,166.8,2.57,PDC_12.25,200,202.7,5955.0,0,0,0,0
W015,2026-03-02 07:45:00,340,338.3,Alluvium_Top,12.88,44.02,119.3,286.7,349.1,848.6,1.445,22.78,8.97,167.4,0.63,PDC_12.25,200,201.0,5955.0,0,0,0,0
W015,2026-03-02 08:00:00,360,355.3,Alluvium_Top,13.68,42.89,121.3,280.2,347.2,839.6,1.453,22.98,8.59,161.3,1.23,PDC_12.25,200,200.9,5955.0,0,0,0,0
W015,2026-03-02 08:15:00,380,374.8,Alluvium_Top,14.07,44.66,124.0,282.7,337.3,835.4,1.453,22.98,8.67,171.7,2.71,PDC_12.25,200,201.6,5955.0,0,0,0,0
W015,2026-03-02 08:30:00,400,397.9,Shale_A,14.87,45.96,122.7,286.4,340.7,834.6,1.447,23.37,8.81,164.7,2.26,PDC_12.25,1800,1774.7,5955.0,0,0,0,0
W015,2026-03-02 08:45:00,420,413.7,Shale_A,14.2,47.92,120.6,288.0,343.8,832.2,1.447,23.76,8.93,168.9,0.82,PDC_12.25,1800,1841.8,5955.0,0,0,0,0
W015,2026-03-02 09:00:00,440,437.2,Shale_A,15.29,48.98,123.4,280.6,347.4,818.5,1.453,23.64,8.61,170.5,1.2,PDC_12.25,1800,1759.5,5955.0,0,0,0,0
W015,2026-03-02 09:15:00,460,453.6,Shale_A,15.78,50.95,122.7,280.0,353.5,820.9,1.444,23.98,8.25,167.4,0.76,PDC_12.25,1800,1817.1,5955.0,0,0,0,0
W015,2026-03-02 09:30:00,480,477.0,Shale_A,14.71,50.72,121.2,274.0,356.7,812.7,1.434,23.9,8.1,169.8,1.61,PDC_12.25,1800,1748.8,5955.0,0,0,0,0
W015,2026-03-02 09:45:00,500,493.6,Shale_A,15.76,50.79,121.0,269.4,361.8,801.9,1.434,23.82,8.23,176.7,2.87,PDC_12.25,1800,1812.6,5955.0,0,0,0,0
W015,2026-03-02 10:00:00,520,516.6,Shale_A,16.51,50.86,120.7,272.8,363.8,816.0,1.436,23.79,8.26,176.5,2.03,PDC_12.25,1800,1774.3,5955.0,0,0,0,0
W015,2026-03-02 10:15:00,540,534.0,Shale_A,16.79,50.38,121.8,275.4,354.1,815.0,1.441,23.79,8.48,173.8,2.96,PDC_12.25,1800,1850.9,5955.0,0,0,0,0
W015,2026-03-02 10:30:00,560,554.9,Shale_A,16.62,50.55,120.9,271.3,357.5,811.3,1.444,24.07,8.69,174.0,1.92,PDC_12.25,1800,1755.9,5955.0,0,0,0,0
W015,2026-03-02 10:45:00,580,572.5,Shale_A,17.53,49.92,118.5,266.0,354.8,813.2,1.447,23.9,8.82,180.5,2.13,PDC_12.25,1800,1840.0,5955.0,0,0,0,0
W015,2026-03-02 11:00:00,600,596.2,Shale_A,17.63,51.4,117.6,264.8,356.8,813.9,1.451,23.44,8.87,173.2,1.29,PDC_12.25,1800,1808.6,5955.0,0,0,0,0
W015,2026-03-02 11:15:00,620,617.0,Shale_A,17.17,52.21,118.5,258.3,358.3,803.3,1.446,23.4,8.56,182.8,0.91,PDC_12.25,1800,1763.0,5955.0,0,0,0,0
W015,2026-03-02 11:30:00,640,630.7,Shale_A,18.36,51.92,120.7,265.6,351.8,802.7,1.437,23.52,8.63,175.8,2.49,PDC_12.25,1800,1835.6,5955.0,0,0,0,0
W015,2026-03-02 11:45:00,660,651.2,Shale_A,17.22,52.55,118.2,261.6,356.2,796.1,1.437,23.94,8.27,182.8,0.66,PDC_12.25,1800,1833.1,5955.0,0,0,0,0
W015,2026-03-02 12:00:00,680,676.7,Shale_A,18.41,51.27,120.6,269.5,353.9,800.0,1.443,23.83,8.0,179.9,2.43,PDC_12.25,1800,1758.9,5955.0,0,0,0,0
W015,2026-03-02 12:15:00,700,693.3,Shale_A,17.63,52.95,117.9,273.3,344.8,810.1,1.451,23.63,7.66,181.3,1.25,PDC_12.25,1800,1770.9,5955.0,0,0,0,0
W015,2026-03-02 12:30:00,720,716.9,Shale_A,16.93,52.38,119.6,275.6,341.3,815.0,1.456,23.72,7.45,177.4,2.51,PDC_12.25,1800,1817.8,5955.0,0,0,0,0
W015,2026-03-02 12:45:00,740,735.2,Shale_A,15.91,52.72,121.5,273.8,335.3,817.6,1.463,23.27,7.53,184.7,2.01,PDC_12.25,1800,1821.3,5955.0,0,0,0,0
W015,2026-03-02 13:00:00,760,757.6,Shale_A,15.02,51.66,122.2,266.1,338.0,822.6,1.458,23.37,7.56,181.8,1.66,PDC_12.25,1800,1814.2,5955.0,0,0,0,0
W015,2026-03-02 13:15:00,780,771.7,Shale_A,15.33,49.8,119.7,259.4,343.6,818.1,1.453,23.62,7.3,182.6,1.58,PDC_12.25,1800,1792.1,5955.0,0,0,0,0
W015,2026-03-02 13:30:00,800,789.2,Shale_A,14.94,49.37,121.9,265.6,350.2,829.0,1.454,23.77,7.35,188.9,1.88,PDC_12.25,1800,1809.2,5955.0,0,0,0,0
W015,2026-03-02 13:45:00,820,816.8,Shale_A,15.57,50.65,120.0,261.9,346.1,829.2,1.447,23.66,7.1,184.5,2.27,PDC_12.25,1800,1833.4,5955.0,0,0,0,0
W015,2026-03-02 14:00:00,840,836.1,Shale_A,15.73,48.79,117.5,265.2,350.8,838.6,1.446,24.02,6.83,185.3,0.84,PDC_12.25,1800,1748.5,5955.0,0,0,0,0
W015,2026-03-02 14:15:00,860,852.7,Shale_A,14.9,49.28,115.0,257.9,342.9,823.6,1.45,24.08,6.6,186.0,2.53,PDC_12.25,1800,1770.7,5955.0,0,0,0,0
W015,2026-03-02 14:30:00,880,870.8,Shale_A,14.79,48.23,117.8,259.0,335.5,820.8,1.447,23.79,6.95,193.4,1.0,PDC_12.25,1800,1821.4,5955.0,0,0,0,0
W015,2026-03-02 14:45:00,900,887.1,Shale_A,14.09,48.6,119.0,261.5,339.6,827.0,1.456,23.64,7.25,185.7,1.22,PDC_12.25,1800,1828.3,5955.0,0,0,0,0
W015,2026-03-02 15:00:00,920,910.1,Shale_A,13.13,49.98,119.9,254.0,343.9,837.9,1.459,23.17,7.54,193.7,1.45,PDC_12.25,1800,1816.3,5955.0,0,0,0,0
W015,2026-03-02 15:15:00,940,937.2,Shale_A,14.01,48.99,117.5,259.8,334.4,850.2,1.455,23.18,7.25,196.3,2.37,PDC_12.25,1800,1797.8,5955.0,0,0,0,0
W015,2026-03-02 15:30:00,960,954.7,Shale_A,13.25,48.22,117.4,261.5,342.9,846.7,1.459,23.64,6.97,196.8,1.55,PDC_12.25,1800,1819.8,5955.0,0,0,0,0
W015,2026-03-02 15:45:00,980,966.7,Shale_A,12.85,46.33,120.2,266.5,334.8,861.7,1.461,23.99,6.62,193.0,2.17,PDC_12.25,1800,1777.7,5955.0,0,0,0,0
W015,2026-03-02 16:00:00,1000,990.1,Shale_A,12.71,45.19,119.0,274.0,330.6,853.1,1.462,24.16,6.8,197.5,0.59,PDC_12.25,1800,1798.8,5955.0,0,0,0,0
W015,2026-03-02 16:15:00,1020,1010.8,Shale_A,13.68,45.6,116.3,272.3,322.1,860.6,1.453,23.85,6.73,195.5,1.52,PDC_12.25,1800,1829.6,5955.0,0,0,0,0
W015,2026-03-02 16:30:00,1040,1033.5,Shale_A,13.37,45.79,115.1,270.0,324.4,860.3,1.457,23.91,6.97,196.2,1.73,PDC_12.25,1800,1823.0,5955.0,0,0,0,0
W015,2026-03-02 16:45:00,1060,1054.8,Shale_A,13.1,46.29,112.3,269.0,326.4,874.3,1.465,23.69,6.98,193.3,1.1,PDC_12.25,1800,1769.9,5955.0,0,0,0,0
W015,2026-03-02 17:00:00,1080,1070.3,Shale_A,12.52,48.07,114.2,273.5,333.7,881.8,1.457,23.71,6.94,196.7,2.59,PDC_12.25,1800,1759.3,5955.0,0,0,0,0
W015,2026-03-02 17:15:00,1100,1097.7,Shale_A,11.98,46.98,116.5,275.9,334.9,882.0,1.46,23.96,6.98,203.9,2.94,PDC_12.25,1800,1752.5,5955.0,0,0,0,0
W015,2026-03-02 17:30:00,1120,1110.2,Shale_A,13.02,46.6,118.7,282.4,343.0,891.9,1.458,23.62,6.85,203.1,1.08,PDC_12.25,1800,1818.3,5955.0,0,0,0,0
W015,2026-03-02 17:45:00,1140,1129.8,Shale_A,13.27,48.34,119.7,287.0,344.6,901.9,1.453,23.33,7.19,203.2,2.18,PDC_12.25,1800,1807.1,5955.0,0,0,0,0
W015,2026-03-02 18:00:00,1160,1143.7,Shale_A,13.4,46.82,119.4,286.3,345.4,905.9,1.462,23.48,7.5,202.8,2.07,PDC_12.25,1800,1786.7,5955.0,0,0,0,0
W015,2026-03-02 18:15:00,1180,1174.8,Shale_A,13.59,46.4,121.2,287.0,353.0,920.1,1.455,23.37,7.63,201.2,1.17,PDC_12.25,1800,1760.4,5955.0,0,0,0,0
W015,2026-03-02 18:30:00,1200,1186.4,Shale_A,14.25,46.49,120.9,287.6,352.3,920.2,1.449,23.77,7.83,205.8,2.87,PDC_12.25,1800,1851.9,5955.0,0,0,0,0
W015,2026-03-02 18:45:00,1220,1206.4,Shale_A,15.03,48.48,121.4,280.5,357.9,907.4,1.45,23.55,8.16,204.4,2.75,PDC_12.25,1800,1754.8,5955.0,0,0,0,0
W015,2026-03-02 19:00:00,1240,1229.5,Shale_A,16.1,47.29,121.9,278.7,363.4,896.3,1.449,23.75,8.09,201.4,2.26,PDC_12.25,1800,1787.8,5955.0,0,0,0,0
W015,2026-03-02 19:15:00,1260,1251.9,Shale_A,16.37,48.97,119.6,280.2,368.0,883.4,1.439,23.71,8.32,203.3,2.59,PDC_12.25,1800,1747.2,5955.0,0,0,0,0
W015,2026-03-02 19:30:00,1280,1277.4,Shale_A,16.41,50.83,117.9,280.2,370.5,872.5,1.43,23.22,8.18,203.3,2.51,PDC_12.25,1800,1781.9,5955.0,0,0,0,0
W015,2026-03-02 19:45:00,1300,1281.9,Shale_A,16.25,48.93,115.7,277.4,368.4,885.7,1.428,23.22,7.98,203.5,2.75,PDC_12.25,1800,1752.6,5955.0,0,0,0,0
W015,2026-03-02 20:00:00,1320,1315.8,Shale_A,15.36,49.35,118.7,271.6,366.9,894.1,1.419,23.41,7.64,206.8,0.9,PDC_12.25,1800,1850.1,5955.0,0,0,0,0
W015,2026-03-02 20:15:00,1340,1325.3,Shale_A,14.26,49.7,117.8,270.1,359.3,901.5,1.421,23.27,7.38,211.2,2.45,PDC_12.25,1800,1765.5,5955.0,0,0,0,0
W015,2026-03-02 20:30:00,1360,1346.6,Shale_A,13.57,50.43,120.7,262.3,355.4,888.4,1.417,23.18,7.72,207.0,2.44,PDC_12.25,1800,1748.8,5955.0,0,0,0,0
W015,2026-03-02 20:45:00,1380,1364.3,Shale_A,13.6,48.59,123.4,255.6,357.4,899.7,1.409,23.23,7.98,217.0,2.31,PDC_12.25,1800,1833.6,5955.0,0,0,0,0
W015,2026-03-02 21:00:00,1400,1395.6,Shale_A,14.09,49.39,125.5,249.0,349.6,903.9,1.418,23.2,8.35,217.4,2.76,PDC_12.25,1800,1821.6,5955.0,0,0,0,0
W015,2026-03-02 21:15:00,1420,1407.7,Shale_A,14.86,50.17,122.6,243.1,342.3,889.6,1.41,23.62,8.48,212.0,2.48,PDC_12.25,1800,1843.0,5955.0,0,0,0,0
W015,2026-03-02 21:30:00,1440,1436.1,Shale_A,15.78,49.52,123.8,239.7,342.3,899.1,1.403,24.1,8.14,215.1,2.79,PDC_12.25,1800,1761.3,5955.0,0,0,0,0
W015,2026-03-02 21:45:00,1460,1444.5,Shale_A,14.93,50.42,121.1,239.5,348.2,900.9,1.397,24.09,8.48,216.9,2.3,PDC_12.25,1800,1771.1,5955.0,0,0,0,0
W015,2026-03-02 22:00:00,1480,1470.2,Shale_A,14.34,50.55,119.8,240.2,352.4,907.9,1.39,24.34,8.62,211.7,0.65,PDC_12.25,1800,1766.4,5955.0,0,0,0,0
W015,2026-03-02 22:15:00,1500,1480.3,Shale_A,13.49,48.73,117.8,247.5,357.0,908.7,1.399,24.46,8.8,215.3,1.97,PDC_12.25,1800,1787.4,5955.0,0,0,0,0
W015,2026-03-02 22:30:00,1520,1498.3,Shale_A,12.37,47.6,115.2,245.7,363.9,905.0,1.406,24.62,8.81,215.8,2.81,PDC_12.25,1800,1789.7,5955.0,0,0,0,0
W015,2026-03-02 22:45:00,1540,1523.5,Shale_A,12.66,47.36,113.6,244.6,371.4,915.1,1.415,24.43,8.72,214.5,2.86,PDC_12.25,1800,1820.4,5955.0,0,0,0,0
W015,2026-03-02 23:00:00,1560,1537.5,Shale_A,13.64,47.47,114.0,239.4,371.4,927.6,1.416,24.19,8.34,218.6,1.93,PDC_12.25,1800,1789.6,5955.0,0,0,0,0
W015,2026-03-02 23:15:00,1580,1567.6,Shale_A,13.7,48.6,111.2,243.9,371.8,923.7,1.425,23.85,8.37,219.3,1.82,PDC_12.25,1800,1811.9,5955.0,0,0,0,0
W015,2026-03-02 23:30:00,1600,1592.1,Limestone_B,14.09,49.14,112.8,237.4,367.7,928.2,1.418,24.03,8.02,220.3,2.62,PDC_12.25,2600,2536.0,5955.0,0,0,0,0
W015,2026-03-02 23:45:00,1620,1598.0,Limestone_B,14.98,49.98,112.9,245.1,371.6,931.2,1.416,24.43,7.86,218.0,0.99,PDC_12.25,2600,2622.6,5955.0,0,0,0,0
W015,2026-03-03 00:00:00,1640,1630.7,Limestone_B,15.76,50.59,110.9,249.7,371.7,931.6,1.413,24.79,7.71,219.7,1.26,PDC_12.25,2600,2571.8,5955.0,0,0,0,0
W015,2026-03-03 00:15:00,1660,1644.0,Limestone_B,15.01,49.04,111.9,252.5,369.0,941.9,1.423,24.5,7.77,219.8,2.28,PDC_12.25,2600,2624.6,5955.0,0,0,0,0
W015,2026-03-03 00:30:00,1680,1668.1,Limestone_B,15.62,50.28,109.6,245.2,365.7,945.7,1.429,24.55,7.83,228.6,1.82,PDC_12.25,2600,2552.1,5955.0,0,0,0,0
W015,2026-03-03 00:45:00,1700,1694.2,Limestone_B,16.53,49.22,108.2,239.2,372.1,943.1,1.426,25.03,8.17,231.2,0.86,PDC_12.25,2600,2602.5,5955.0,0,0,0,0
W015,2026-03-03 01:00:00,1720,1704.2,Limestone_B,15.36,48.79,108.3,232.9,372.9,952.7,1.424,24.88,8.04,231.6,0.62,PDC_12.25,2600,2573.3,5955.0,0,0,0,0
W015,2026-03-03 01:15:00,1740,1723.7,Limestone_B,16.31,47.17,107.8,231.4,380.7,944.2,1.427,24.51,8.4,229.2,2.07,PDC_12.25,2600,2563.3,5955.0,0,0,0,0
W015,2026-03-03 01:30:00,1760,1750.1,Limestone_B,15.62,47.59,110.5,229.2,388.4,933.7,1.436,24.36,8.3,228.8,2.3,PDC_12.25,2600,2575.4,5955.0,0,0,0,0
W015,2026-03-03 01:45:00,1780,1769.9,Limestone_B,15.68,45.71,109.3,226.7,389.6,935.4,1.44,24.58,8.09,232.8,0.55,PDC_12.25,2600,2596.8,5955.0,0,0,0,0
W015,2026-03-03 02:00:00,1800,1787.6,Limestone_B,16.23,45.82,108.9,229.8,380.3,927.1,1.442,24.93,7.99,228.6,1.8,PDC_12.25,2600,2537.9,5955.0,0,0,0,0
W015,2026-03-03 02:15:00,1820,1813.6,Limestone_B,17.13,45.91,106.1,225.4,379.3,933.0,1.436,25.41,7.84,232.2,0.55,PDC_12.25,2600,2587.5,5955.0,0,0,0,0
W015,2026-03-03 02:30:00,1840,1827.6,Limestone_B,16.4,47.64,105.0,228.5,385.7,940.2,1.444,25.77,8.24,229.6,1.26,PDC_12.25,2600,2645.1,5955.0,0,0,0,0
W015,2026-03-03 02:45:00,1860,1845.5,Limestone_B,16.48,45.94,107.0,235.9,383.8,931.9,1.434,25.51,8.4,237.8,0.73,PDC_12.25,2600,2636.4,5955.0,0,0,0,0
W015,2026-03-03 03:00:00,1880,1858.7,Limestone_B,15.94,46.22,108.3,241.3,382.8,939.3,1.43,25.22,8.15,233.2,0.59,PDC_12.25,2600,2630.5,5955.0,0,0,0,0
W015,2026-03-03 03:15:00,1900,1895.2,Limestone_B,16.3,44.51,107.0,242.4,379.2,936.8,1.434,24.73,7.97,231.9,0.82,PDC_12.25,2600,2623.7,5955.0,0,0,0,0
W015,2026-03-03 03:30:00,1920,1897.6,Limestone_B,16.37,45.45,104.3,238.3,385.8,947.7,1.431,24.6,8.18,234.4,0.79,PDC_12.25,2600,2580.7,5955.0,0,0,0,0
W015,2026-03-03 03:45:00,1940,1934.5,Limestone_B,15.3,45.36,105.7,238.5,377.2,945.9,1.435,24.16,7.83,236.0,0.99,PDC_12.25,2600,2582.4,5955.0,0,0,0,0
W015,2026-03-03 04:00:00,1960,1951.6,Limestone_B,14.79,46.18,104.9,232.6,371.9,950.2,1.426,23.93,7.6,235.2,2.21,PDC_12.25,2600,2612.7,5955.0,0,0,0,0
W015,2026-03-03 04:15:00,1980,1960.4,Limestone_B,15.14,47.85,102.3,227.3,370.2,946.4,1.424,23.64,7.32,239.2,2.82,PDC_12.25,2600,2633.7,5955.0,0,0,0,0
W015,2026-03-03 04:30:00,2000,1986.6,Limestone_B,15.63,47.01,100.8,224.5,374.7,956.0,1.426,23.46,7.17,236.2,2.83,PDC_12.25,2600,2528.8,5955.0,0,0,0,0
W015,2026-03-03 04:45:00,2020,2006.7,Limestone_B,16.02,46.8,103.6,229.6,368.1,962.6,1.426,23.15,7.33,241.4,0.58,PDC_12.25,2600,2526.2,5955.0,0,0,0,0
W015,2026-03-03 05:00:00,2040,2017.1,Limestone_B,15.17,46.2,104.1,223.8,375.2,948.4,1.418,22.77,7.35,243.0,1.51,PDC_12.25,2600,2621.1,5955.0,0,0,0,0
W015,2026-03-03 05:15:00,2060,2037.8,Limestone_B,14.13,45.32,101.3,216.0,372.3,939.2,1.413,23.09,7.08,245.5,2.19,PDC_12.25,2600,2648.3,5955.0,0,0,0,0
W015,2026-03-03 05:30:00,2080,2063.1,Limestone_B,14.0,43.83,103.7,217.1,379.9,948.9,1.405,22.8,6.8,246.9,2.66,PDC_12.25,2600,2607.3,5955.0,0,0,0,0
W015,2026-03-03 05:45:00,2100,2077.9,Limestone_B,13.13,45.08,106.3,212.3,370.1,943.8,1.396,23.13,6.79,245.9,1.53,PDC_12.25,2600,2538.3,5955.0,0,0,0,0
W015,2026-03-03 06:00:00,2120,2098.8,Limestone_B,13.78,45.86,105.5,209.4,360.1,930.7,1.398,23.14,6.74,248.7,1.76,PDC_12.25,2600,2556.7,5955.0,0,0,0,0
W015,2026-03-03 06:15:00,2140,2128.9,Limestone_B,13.55,46.16,103.1,234.3,358.6,940.0,1.406,23.24,6.93,251.9,1.9,PDC_12.25,2600,2547.2,5955.0,0,0,0,0
W015,2026-03-03 06:30:00,2160,2149.0,Limestone_B,11.77,47.76,101.3,272.9,362.4,949.7,1.413,23.38,7.2,269.2,0.72,PDC_12.25,2600,2599.5,5955.0,0,0,0,0
W015,2026-03-03 06:45:00,2180,2159.1,Limestone_B,8.14,47.34,100.2,337.5,355.8,943.5,1.403,23.35,7.41,281.7,2.55,PDC_12.25,2600,2550.0,5955.0,0,0,0,0
W015,2026-03-03 07:00:00,2200,2175.5,Limestone_B,2.0,45.56,81.3,479.9,361.8,947.0,1.396,23.7,7.51,322.1,2.44,PDC_12.25,2600,2635.9,5955.0,1,0,1,0
W015,2026-03-03 07:15:00,2220,2209.8,Limestone_B,4.0,43.93,80.0,479.3,369.9,958.2,1.4,23.22,7.38,251.7,0.82,PDC_12.25,2600,2533.6,5955.0,1,0,0,0
W015,2026-03-03 07:30:00,2240,2228.9,Limestone_B,4.0,44.75,80.0,482.4,360.3,947.7,1.404,23.43,7.49,250.6,2.19,PDC_12.25,2600,2664.7,5955.0,1,0,0,0
W015,2026-03-03 07:45:00,2260,2235.7,Limestone_B,4.93,45.93,81.2,483.6,352.7,937.7,1.41,23.73,7.58,251.1,0.57,PDC_12.25,2600,2672.8,5955.0,1,0,0,0
W015,2026-03-03 08:00:00,2280,2262.3,Limestone_B,4.9,47.65,80.0,483.9,350.1,952.4,1.417,23.67,7.98,252.7,0.92,PDC_12.25,2600,2587.6,5955.0,1,0,0,0
W015,2026-03-03 08:15:00,2300,2267.3,Limestone_B,5.23,49.4,81.7,480.3,346.0,939.5,1.413,23.26,7.98,255.6,2.38,PDC_12.25,2600,2557.3,5955.0,1,0,0,0
W015,2026-03-03 08:30:00,2320,2291.0,Limestone_B,4.72,47.82,80.9,477.1,348.7,951.0,1.412,23.51,7.7,258.3,0.88,PDC_12.25,2600,2575.0,5955.0,1,0,0,0
W015,2026-03-03 08:45:00,2340,2327.6,Limestone_B,4.26,48.03,83.8,481.8,346.3,953.3,1.414,23.83,7.89,256.0,2.17,PDC_12.25,2600,2538.6,5955.0,1,0,0,0
W015,2026-03-03 09:00:00,2360,2330.3,Limestone_B,4.0,48.78,85.9,480.3,355.9,944.8,1.412,23.71,8.23,254.1,1.68,PDC_12.25,2600,2542.8,5955.0,1,0,0,0
W015,2026-03-03 09:15:00,2380,2345.5,Limestone_B,4.86,48.0,87.8,486.9,347.4,952.5,1.407,23.39,8.31,259.2,1.49,PDC_12.25,2600,2603.3,5955.0,1,0,0,0
W015,2026-03-03 09:30:00,2400,2372.5,Shale_B,5.41,47.09,87.8,479.3,344.2,953.2,1.407,23.1,8.53,256.0,1.95,PDC_12.25,3400,3483.4,5955.0,1,0,0,0
W015,2026-03-03 09:45:00,2420,2400.3,Shale_B,4.71,47.62,87.4,471.6,334.8,952.3,1.401,23.19,8.46,260.4,2.88,PDC_12.25,3400,3384.7,5955.0,1,0,0,0
W015,2026-03-03 10:00:00,2440,2413.1,Shale_B,5.32,49.31,85.7,476.8,342.9,949.1,1.397,23.64,8.56,258.6,2.48,PDC_12.25,3400,3458.6,5955.0,1,0,0,0
W015,2026-03-03 10:15:00,2460,2449.0,Shale_B,5.43,49.57,87.7,476.1,349.2,943.4,1.399,23.35,8.47,264.3,1.04,PDC_12.25,3400,3334.0,5955.0,1,0,0,0
W015,2026-03-03 10:30:00,2480,2448.7,Shale_B,4.31,48.01,89.2,472.3,352.3,949.4,1.396,23.32,8.39,266.1,1.3,PDC_12.25,3400,3355.7,5955.0,1,0,0,0
W015,2026-03-03 10:45:00,2500,2474.2,Shale_B,4.72,48.8,91.7,478.4,348.1,948.1,1.401,23.74,8.26,261.9,2.75,PDC_12.25,3400,3372.6,5955.0,1,0,0,0
W015,2026-03-03 11:00:00,2520,2495.0,Shale_B,5.69,50.01,90.2,475.6,345.2,960.5,1.411,24.01,8.25,258.5,2.24,PDC_12.25,3400,3396.0,5955.0,1,0,0,0
W015,2026-03-03 11:15:00,2540,2507.4,Shale_B,5.95,49.93,92.9,468.0,349.4,957.8,1.415,24.19,7.86,262.2,0.97,PDC_12.25,3400,3427.1,5955.0,1,0,0,0
W015,2026-03-03 11:30:00,2560,2525.7,Shale_B,5.32,49.83,91.4,469.3,353.8,952.7,1.417,24.51,7.54,267.3,1.31,PDC_12.25,3400,3446.6,5955.0,1,0,0,0
W015,2026-03-03 11:45:00,2580,2566.8,Shale_B,4.66,51.12,88.7,462.9,354.2,955.4,1.422,24.27,7.81,270.6,1.75,PDC_12.25,3400,3409.3,5955.0,1,0,0,0
W015,2026-03-03 12:00:00,2600,2591.3,Shale_B,4.0,50.42,86.2,470.7,348.8,959.5,1.418,24.42,7.58,269.9,0.78,PDC_12.25,3400,3405.1,5955.0,1,0,0,0
W015,2026-03-03 12:15:00,2620,2585.5,Shale_B,4.43,48.69,84.5,476.4,341.2,949.2,1.419,24.19,7.36,268.7,1.43,PDC_12.25,3400,3469.4,5955.0,1,0,0,0
W015,2026-03-03 12:30:00,2640,2632.9,Shale_B,3.41,49.63,82.1,488.3,354.9,946.4,1.406,23.72,7.64,267.1,2.2,PDC_12.25,3400,3407.1,5955.0,1,0,0,0
W015,2026-03-03 12:45:00,2660,2620.3,Shale_B,2.5,48.7,84.7,511.2,388.2,944.2,1.398,23.93,7.47,270.7,1.58,PDC_12.25,3400,3413.3,5955.0,1,0,0,0
W015,2026-03-03 13:00:00,2680,2641.5,Shale_B,2.0,48.74,83.7,538.7,432.7,959.1,1.374,23.61,7.56,268.0,0.76,PDC_12.25,3400,3462.8,5955.0,1,0,0,0
W015,2026-03-03 13:15:00,2700,2669.5,Shale_B,2.0,48.45,81.8,598.2,515.3,851.6,1.326,23.14,7.93,269.6,1.62,PDC_12.25,3400,3302.7,5955.0,2,1,0,0
W015,2026-03-03 13:30:00,2720,2684.4,Shale_B,4.0,46.98,80.0,600.0,510.0,840.7,1.326,23.44,7.75,270.2,2.58,PDC_12.25,3400,3446.6,5955.0,2,0,0,0
W015,2026-03-03 13:45:00,2740,2705.6,Shale_B,5.09,48.35,80.0,597.1,502.8,854.2,1.336,23.17,7.89,276.7,1.08,PDC_12.25,3400,3423.8,5955.0,2,0,0,0
W015,2026-03-03 14:00:00,2760,2735.7,Shale_B,4.88,49.95,82.4,591.1,496.9,851.4,1.342,23.28,7.9,275.1,0.74,PDC_12.25,3400,3300.3,5955.0,2,0,0,0
W015,2026-03-03 14:15:00,2780,2747.7,Shale_B,4.0,50.03,81.2,591.7,498.4,853.7,1.349,23.17,7.91,270.2,2.47,PDC_12.25,3400,3500.4,5955.0,2,0,0,0
W015,2026-03-03 14:30:00,2800,2776.9,Shale_B,4.0,48.07,80.0,599.5,494.8,842.0,1.341,22.98,7.54,276.1,1.03,PDC_12.25,3400,3464.6,5955.0,2,0,0,0
W015,2026-03-03 14:45:00,2820,2785.4,Shale_B,4.0,48.46,80.0,597.9,490.9,834.2,1.343,23.07,7.64,273.5,1.21,PDC_12.25,3400,3326.7,5955.0,2,0,0,0
W015,2026-03-03 15:00:00,2840,2809.8,Shale_B,4.0,47.78,81.7,591.4,500.4,822.7,1.348,22.94,7.93,273.5,1.44,PDC_12.25,3400,3408.3,5955.0,2,0,0,0
W015,2026-03-03 15:15:00,2860,2836.1,Shale_B,5.17,46.54,82.5,592.0,493.5,812.7,1.358,22.89,7.63,275.8,1.17,PDC_12.25,3400,3500.6,5955.0,2,0,0,0
W015,2026-03-03 15:30:00,2880,2868.4,Shale_B,5.06,45.21,81.5,585.1,501.3,803.7,1.363,22.74,7.61,277.5,2.24,PDC_12.25,3400,3366.5,5955.0,2,0,0,0
W015,2026-03-03 15:45:00,2900,2869.8,Shale_B,4.44,45.94,80.0,587.3,493.2,807.3,1.363,22.35,7.73,280.0,1.04,PDC_12.25,3400,3356.4,5955.0,2,0,0,0
W015,2026-03-03 16:00:00,2920,2885.3,Shale_B,4.0,47.77,81.0,580.9,499.7,802.0,1.365,22.13,7.92,283.6,1.88,PDC_12.25,3400,3398.4,5955.0,2,0,0,0
W015,2026-03-03 16:15:00,2940,2922.5,Shale_B,4.0,46.35,80.0,583.8,506.3,797.0,1.36,22.46,8.23,281.4,0.57,PDC_12.25,3400,3349.8,5955.0,2,0,0,0
W015,2026-03-03 16:30:00,2960,2953.1,Shale_B,4.0,46.73,80.5,581.9,511.3,794.8,1.364,22.48,8.03,284.3,2.34,PDC_12.25,3400,3457.9,5955.0,2,0,0,0
W015,2026-03-03 16:45:00,2980,2940.2,Shale_B,4.0,48.68,81.2,589.0,503.4,790.1,1.357,22.82,8.33,284.1,0.97,PDC_12.25,3400,3375.5,5955.0,2,0,0,0
